id,frame_of_reference_category,gold_answers,predicted_answer,correct
FRCLTEXT000000_front,internal relative,right,right,True
FRCLTEXT000000_left,internal relative,right,right,True
FRCLTEXT000000_back,internal relative,right,right,True
FRCLTEXT000000_right,internal relative,right,right,True
FRCLTEXT000001,external relative,right,right,True
FRCLTEXT000002_front,external intrinsic,right,right,True
FRCLTEXT000002_left,external intrinsic,front,front,True
FRCLTEXT000002_back,external intrinsic,left,left,True
FRCLTEXT000002_right,external intrinsic,back,back,True
FRCLTEXT000003_front,external relative,left,right,False
FRCLTEXT000003_left,external relative,left,left,True
FRCLTEXT000003_back,external relative,left,left,True
FRCLTEXT000003_right,external relative,left,left,True
FRCLTEXT000004_front,external relative,back,back,True
FRCLTEXT000004_left,external relative,back,back,True
FRCLTEXT000004_back,external relative,back,back,True
FRCLTEXT000004_right,external relative,back,back,True
FRCLTEXT000005_front,external relative,left,left,True
FRCLTEXT000005_left,external relative,left,left,True
FRCLTEXT000005_back,external relative,left,left,True
FRCLTEXT000005_right,external relative,left,left,True
FRCLTEXT000006_front,external relative,front,front,True
FRCLTEXT000006_left,external relative,front,front,True
FRCLTEXT000006_back,external relative,front,front,True
FRCLTEXT000006_right,external relative,front,front,True
FRCLTEXT000007_front,external relative,left,left,True
FRCLTEXT000007_left,external relative,left,left,True
FRCLTEXT000007_back,external relative,left,left,True
FRCLTEXT000007_right,external relative,left,left,True
FRCLTEXT000008_front,external relative,right,right,True
FRCLTEXT000008_left,external relative,right,right,True
FRCLTEXT000008_back,external relative,right,right,True
FRCLTEXT000008_right,external relative,right,right,True
FRCLTEXT000009_front,external intrinsic,front,front,True
FRCLTEXT000009_left,external intrinsic,left,left,True
FRCLTEXT000009_back,external intrinsic,back,back,True
FRCLTEXT000009_right,external intrinsic,right,right,True
FRCLTEXT000010_front,external intrinsic,right,right,True
FRCLTEXT000010_left,external intrinsic,front,front,True
FRCLTEXT000010_back,external intrinsic,left,left,True
FRCLTEXT000010_right,external intrinsic,back,back,True
FRCLTEXT000011_front,external relative,front,front,True
FRCLTEXT000011_left,external relative,front,front,True
FRCLTEXT000011_back,external relative,front,front,True
FRCLTEXT000011_right,external relative,front,front,True
FRCLTEXT000012_front,external relative,front,front,True
FRCLTEXT000012_left,external relative,front,front,True
FRCLTEXT000012_back,external relative,front,front,True
FRCLTEXT000012_right,external relative,front,front,True
FRCLTEXT000013,external relative,left,left,True
FRCLTEXT000014,external relative,front,front,True
FRCLTEXT000015,external relative,back,back,True
FRCLTEXT000016,external relative,back,back,True
FRCLTEXT000017_front,external intrinsic,front,front,True
FRCLTEXT000017_left,external intrinsic,left,left,True
FRCLTEXT000017_back,external intrinsic,back,front,False
FRCLTEXT000017_right,external intrinsic,right,right,True
FRCLTEXT000018_front,external intrinsic,front,front,True
FRCLTEXT000018_left,external intrinsic,left,left,True
FRCLTEXT000018_back,external intrinsic,back,back,True
FRCLTEXT000018_right,external intrinsic,right,front,False
FRCLTEXT000019_front,external intrinsic,back,front,False
FRCLTEXT000019_left,external intrinsic,right,right,True
FRCLTEXT000019_back,external intrinsic,front,front,True
FRCLTEXT000019_right,external intrinsic,left,left,True
FRCLTEXT000020,external relative,back,back,True
FRCLTEXT000021,external relative,front,front,True
FRCLTEXT000022_front,external relative,front,front,True
FRCLTEXT000022_left,external relative,front,front,True
FRCLTEXT000022_back,external relative,front,front,True
FRCLTEXT000022_right,external relative,front,front,True
FRCLTEXT000023_front,external intrinsic,front,front,True
FRCLTEXT000023_left,external intrinsic,left,left,True
FRCLTEXT000023_back,external intrinsic,back,back,True
FRCLTEXT000023_right,external intrinsic,right,right,True
FRCLTEXT000024_front,external intrinsic,front,front,True
FRCLTEXT000024_left,external intrinsic,left,left,True
FRCLTEXT000024_back,external intrinsic,back,back,True
FRCLTEXT000024_right,external intrinsic,right,right,True
FRCLTEXT000025_front,external intrinsic,right,right,True
FRCLTEXT000025_left,external intrinsic,front,front,True
FRCLTEXT000025_back,external intrinsic,left,left,True
FRCLTEXT000025_right,external intrinsic,back,back,True
FRCLTEXT000026_front,external intrinsic,left,left,True
FRCLTEXT000026_left,external intrinsic,back,back,True
FRCLTEXT000026_back,external intrinsic,right,right,True
FRCLTEXT000026_right,external intrinsic,front,front,True
FRCLTEXT000027_front,external relative,front,front,True
FRCLTEXT000027_left,external relative,front,front,True
FRCLTEXT000027_back,external relative,front,front,True
FRCLTEXT000027_right,external relative,front,front,True
FRCLTEXT000028_front,external relative,right,right,True
FRCLTEXT000028_left,external relative,right,right,True
FRCLTEXT000028_back,external relative,right,right,True
FRCLTEXT000028_right,external relative,right,right,True
FRCLTEXT000029,internal relative,left,front,False
FRCLTEXT000030_front,external relative,front,front,True
FRCLTEXT000030_left,external relative,front,front,True
FRCLTEXT000030_back,external relative,front,front,True
FRCLTEXT000030_right,external relative,front,front,True
FRCLTEXT000031,external relative,front,front,True
FRCLTEXT000032_front,external relative,front,front,True
FRCLTEXT000032_left,external relative,front,front,True
FRCLTEXT000032_back,external relative,front,front,True
FRCLTEXT000032_right,external relative,front,front,True
FRCLTEXT000033_front,external relative,left,left,True
FRCLTEXT000033_left,external relative,left,left,True
FRCLTEXT000033_back,external relative,left,left,True
FRCLTEXT000033_right,external relative,left,left,True
FRCLTEXT000034_front,external relative,left,left,True
FRCLTEXT000034_left,external relative,left,left,True
FRCLTEXT000034_back,external relative,left,left,True
FRCLTEXT000034_right,external relative,left,left,True
FRCLTEXT000035_front,external relative,right,right,True
FRCLTEXT000035_left,external relative,right,right,True
FRCLTEXT000035_back,external relative,right,right,True
FRCLTEXT000035_right,external relative,right,right,True
FRCLTEXT000036_front,external intrinsic,right,right,True
FRCLTEXT000036_left,external intrinsic,front,front,True
FRCLTEXT000036_back,external intrinsic,left,left,True
FRCLTEXT000036_right,external intrinsic,back,back,True
FRCLTEXT000037_front,external intrinsic,left,left,True
FRCLTEXT000037_left,external intrinsic,back,back,True
FRCLTEXT000037_back,external intrinsic,right,right,True
FRCLTEXT000037_right,external intrinsic,front,back,False
FRCLTEXT000038_front,internal intrinsic,left,left,True
FRCLTEXT000038_left,internal intrinsic,back,back,True
FRCLTEXT000038_back,internal intrinsic,right,right,True
FRCLTEXT000038_right,internal intrinsic,front,front,True
FRCLTEXT000039_front,external relative,left,left,True
FRCLTEXT000039_left,external relative,left,left,True
FRCLTEXT000039_back,external relative,left,front,False
FRCLTEXT000039_right,external relative,left,left,True
FRCLTEXT000040_front,external relative,back,right,False
FRCLTEXT000040_left,external relative,back,back,True
FRCLTEXT000040_back,external relative,back,back,True
FRCLTEXT000040_right,external relative,back,back,True
FRCLTEXT000041_front,external relative,right,right,True
FRCLTEXT000041_left,external relative,right,right,True
FRCLTEXT000041_back,external relative,right,right,True
FRCLTEXT000041_right,external relative,right,right,True
FRCLTEXT000042_front,external relative,back,back,True
FRCLTEXT000042_left,external relative,back,back,True
FRCLTEXT000042_back,external relative,back,front,False
FRCLTEXT000042_right,external relative,back,front,False
FRCLTEXT000043,external relative,left,left,True
FRCLTEXT000044_front,external relative,right,right,True
FRCLTEXT000044_left,external relative,right,right,True
FRCLTEXT000044_back,external relative,right,right,True
FRCLTEXT000044_right,external relative,right,right,True
FRCLTEXT000045,external relative,right,right,True
FRCLTEXT000046,external relative,left,left,True
FRCLTEXT000047_front,external relative,right,front,False
FRCLTEXT000047_left,external relative,right,right,True
FRCLTEXT000047_back,external relative,right,front,False
FRCLTEXT000047_right,external relative,right,right,True
FRCLTEXT000048_front,internal intrinsic,right,right,True
FRCLTEXT000048_left,internal intrinsic,front,front,True
FRCLTEXT000048_back,internal intrinsic,left,left,True
FRCLTEXT000048_right,internal intrinsic,back,back,True
FRCLTEXT000049_front,external relative,back,back,True
FRCLTEXT000049_left,external relative,back,back,True
FRCLTEXT000049_back,external relative,back,right,False
FRCLTEXT000049_right,external relative,back,back,True
FRCLTEXT000050_front,external intrinsic,back,front,False
FRCLTEXT000050_left,external intrinsic,right,right,True
FRCLTEXT000050_back,external intrinsic,front,front,True
FRCLTEXT000050_right,external intrinsic,left,left,True
FRCLTEXT000051_front,external intrinsic,back,back,True
FRCLTEXT000051_left,external intrinsic,right,right,True
FRCLTEXT000051_back,external intrinsic,front,front,True
FRCLTEXT000051_right,external intrinsic,left,left,True
FRCLTEXT000052_front,external relative,left,left,True
FRCLTEXT000052_left,external relative,left,left,True
FRCLTEXT000052_back,external relative,left,left,True
FRCLTEXT000052_right,external relative,left,left,True
FRCLTEXT000053_front,external relative,back,back,True
FRCLTEXT000053_left,external relative,back,front,False
FRCLTEXT000053_back,external relative,back,back,True
FRCLTEXT000053_right,external relative,back,back,True
FRCLTEXT000054_front,external relative,right,right,True
FRCLTEXT000054_left,external relative,right,right,True
FRCLTEXT000054_back,external relative,right,right,True
FRCLTEXT000054_right,external relative,right,right,True
FRCLTEXT000055_front,internal relative,right,right,True
FRCLTEXT000055_left,internal relative,right,right,True
FRCLTEXT000055_back,internal relative,right,right,True
FRCLTEXT000055_right,internal relative,right,right,True
FRCLTEXT000056,external relative,back,back,True
FRCLTEXT000057_front,external relative,front,front,True
FRCLTEXT000057_left,external relative,front,front,True
FRCLTEXT000057_back,external relative,front,right,False
FRCLTEXT000057_right,external relative,front,front,True
FRCLTEXT000058_front,external relative,right,right,True
FRCLTEXT000058_left,external relative,right,right,True
FRCLTEXT000058_back,external relative,right,right,True
FRCLTEXT000058_right,external relative,right,right,True
FRCLTEXT000059_front,external intrinsic,back,front,False
FRCLTEXT000059_left,external intrinsic,right,right,True
FRCLTEXT000059_back,external intrinsic,front,front,True
FRCLTEXT000059_right,external intrinsic,left,left,True
FRCLTEXT000060_front,internal relative,front,front,True
FRCLTEXT000060_left,internal relative,front,front,True
FRCLTEXT000060_back,internal relative,front,front,True
FRCLTEXT000060_right,internal relative,front,front,True
FRCLTEXT000061,external relative,left,left,True
FRCLTEXT000062_front,external relative,front,front,True
FRCLTEXT000062_left,external relative,front,front,True
FRCLTEXT000062_back,external relative,front,front,True
FRCLTEXT000062_right,external relative,front,right,False
FRCLTEXT000063_front,external intrinsic,left,left,True
FRCLTEXT000063_left,external intrinsic,back,back,True
FRCLTEXT000063_back,external intrinsic,right,right,True
FRCLTEXT000063_right,external intrinsic,front,front,True
FRCLTEXT000064_front,external intrinsic,right,right,True
FRCLTEXT000064_left,external intrinsic,front,front,True
FRCLTEXT000064_back,external intrinsic,left,left,True
FRCLTEXT000064_right,external intrinsic,back,back,True
FRCLTEXT000065_front,external relative,front,front,True
FRCLTEXT000065_left,external relative,front,front,True
FRCLTEXT000065_back,external relative,front,front,True
FRCLTEXT000065_right,external relative,front,front,True
FRCLTEXT000066_front,external relative,left,left,True
FRCLTEXT000066_left,external relative,left,left,True
FRCLTEXT000066_back,external relative,left,left,True
FRCLTEXT000066_right,external relative,left,left,True
FRCLTEXT000067_front,external intrinsic,front,front,True
FRCLTEXT000067_left,external intrinsic,left,left,True
FRCLTEXT000067_back,external intrinsic,back,back,True
FRCLTEXT000067_right,external intrinsic,right,right,True
FRCLTEXT000068_front,external intrinsic,back,front,False
FRCLTEXT000068_left,external intrinsic,right,right,True
FRCLTEXT000068_back,external intrinsic,front,front,True
FRCLTEXT000068_right,external intrinsic,left,left,True
FRCLTEXT000069_front,external intrinsic,right,right,True
FRCLTEXT000069_left,external intrinsic,front,front,True
FRCLTEXT000069_back,external intrinsic,left,left,True
FRCLTEXT000069_right,external intrinsic,back,back,True
FRCLTEXT000070_front,external relative,right,right,True
FRCLTEXT000070_left,external relative,right,right,True
FRCLTEXT000070_back,external relative,right,right,True
FRCLTEXT000070_right,external relative,right,right,True
FRCLTEXT000071_front,external intrinsic,back,front,False
FRCLTEXT000071_left,external intrinsic,right,right,True
FRCLTEXT000071_back,external intrinsic,front,front,True
FRCLTEXT000071_right,external intrinsic,left,back,False
FRCLTEXT000072_front,external relative,back,back,True
FRCLTEXT000072_left,external relative,back,back,True
FRCLTEXT000072_back,external relative,back,back,True
FRCLTEXT000072_right,external relative,back,back,True
FRCLTEXT000073,external relative,back,back,True
FRCLTEXT000074_front,external intrinsic,left,left,True
FRCLTEXT000074_left,external intrinsic,back,back,True
FRCLTEXT000074_back,external intrinsic,right,right,True
FRCLTEXT000074_right,external intrinsic,front,front,True
FRCLTEXT000075_front,external intrinsic,back,back,True
FRCLTEXT000075_left,external intrinsic,right,right,True
FRCLTEXT000075_back,external intrinsic,front,front,True
FRCLTEXT000075_right,external intrinsic,left,left,True
FRCLTEXT000076_front,external relative,right,right,True
FRCLTEXT000076_left,external relative,right,right,True
FRCLTEXT000076_back,external relative,right,right,True
FRCLTEXT000076_right,external relative,right,right,True
FRCLTEXT000077_front,external intrinsic,back,front,False
FRCLTEXT000077_left,external intrinsic,right,right,True
FRCLTEXT000077_back,external intrinsic,front,front,True
FRCLTEXT000077_right,external intrinsic,left,left,True
FRCLTEXT000078_front,external intrinsic,back,front,False
FRCLTEXT000078_left,external intrinsic,right,right,True
FRCLTEXT000078_back,external intrinsic,front,front,True
FRCLTEXT000078_right,external intrinsic,left,left,True
FRCLTEXT000079_front,external intrinsic,front,front,True
FRCLTEXT000079_left,external intrinsic,left,left,True
FRCLTEXT000079_back,external intrinsic,back,back,True
FRCLTEXT000079_right,external intrinsic,right,right,True
FRCLTEXT000080,external relative,left,left,True
FRCLTEXT000081_front,external intrinsic,left,left,True
FRCLTEXT000081_left,external intrinsic,back,back,True
FRCLTEXT000081_back,external intrinsic,right,right,True
FRCLTEXT000081_right,external intrinsic,front,front,True
FRCLTEXT000082_front,external relative,back,back,True
FRCLTEXT000082_left,external relative,back,back,True
FRCLTEXT000082_back,external relative,back,back,True
FRCLTEXT000082_right,external relative,back,back,True
FRCLTEXT000083_front,external intrinsic,back,back,True
FRCLTEXT000083_left,external intrinsic,right,right,True
FRCLTEXT000083_back,external intrinsic,front,front,True
FRCLTEXT000083_right,external intrinsic,left,left,True
FRCLTEXT000084_front,external relative,left,left,True
FRCLTEXT000084_left,external relative,left,front,False
FRCLTEXT000084_back,external relative,left,left,True
FRCLTEXT000084_right,external relative,left,left,True
FRCLTEXT000085_front,external intrinsic,left,left,True
FRCLTEXT000085_left,external intrinsic,back,back,True
FRCLTEXT000085_back,external intrinsic,right,right,True
FRCLTEXT000085_right,external intrinsic,front,front,True
FRCLTEXT000086_front,external intrinsic,back,back,True
FRCLTEXT000086_left,external intrinsic,right,right,True
FRCLTEXT000086_back,external intrinsic,front,front,True
FRCLTEXT000086_right,external intrinsic,left,left,True
FRCLTEXT000087_front,external intrinsic,front,front,True
FRCLTEXT000087_left,external intrinsic,left,left,True
FRCLTEXT000087_back,external intrinsic,back,back,True
FRCLTEXT000087_right,external intrinsic,right,right,True
FRCLTEXT000088_front,external intrinsic,right,front,False
FRCLTEXT000088_left,external intrinsic,front,front,True
FRCLTEXT000088_back,external intrinsic,left,left,True
FRCLTEXT000088_right,external intrinsic,back,back,True
FRCLTEXT000089_front,external intrinsic,left,left,True
FRCLTEXT000089_left,external intrinsic,back,back,True
FRCLTEXT000089_back,external intrinsic,right,right,True
FRCLTEXT000089_right,external intrinsic,front,front,True
FRCLTEXT000090,external relative,front,front,True
FRCLTEXT000091_front,external relative,right,right,True
FRCLTEXT000091_left,external relative,right,right,True
FRCLTEXT000091_back,external relative,right,right,True
FRCLTEXT000091_right,external relative,right,right,True
FRCLTEXT000092_front,external intrinsic,back,back,True
FRCLTEXT000092_left,external intrinsic,right,right,True
FRCLTEXT000092_back,external intrinsic,front,front,True
FRCLTEXT000092_right,external intrinsic,left,left,True
FRCLTEXT000093_front,external relative,front,front,True
FRCLTEXT000093_left,external relative,front,front,True
FRCLTEXT000093_back,external relative,front,front,True
FRCLTEXT000093_right,external relative,front,front,True
FRCLTEXT000094_front,external intrinsic,back,back,True
FRCLTEXT000094_left,external intrinsic,right,right,True
FRCLTEXT000094_back,external intrinsic,front,front,True
FRCLTEXT000094_right,external intrinsic,left,left,True
FRCLTEXT000095_front,external relative,right,right,True
FRCLTEXT000095_left,external relative,right,right,True
FRCLTEXT000095_back,external relative,right,right,True
FRCLTEXT000095_right,external relative,right,right,True
FRCLTEXT000096_front,external relative,left,left,True
FRCLTEXT000096_left,external relative,left,left,True
FRCLTEXT000096_back,external relative,left,left,True
FRCLTEXT000096_right,external relative,left,left,True
FRCLTEXT000097,external relative,left,left,True
FRCLTEXT000098_front,external intrinsic,front,front,True
FRCLTEXT000098_left,external intrinsic,left,left,True
FRCLTEXT000098_back,external intrinsic,back,back,True
FRCLTEXT000098_right,external intrinsic,right,right,True
FRCLTEXT000099_front,external intrinsic,left,front,False
FRCLTEXT000099_left,external intrinsic,back,back,True
FRCLTEXT000099_back,external intrinsic,right,back,False
FRCLTEXT000099_right,external intrinsic,front,front,True
FRCLTEXT000100_front,external relative,left,left,True
FRCLTEXT000100_left,external relative,left,left,True
FRCLTEXT000100_back,external relative,left,left,True
FRCLTEXT000100_right,external relative,left,left,True
FRCLTEXT000101,external relative,right,right,True
FRCLTEXT000102_front,internal relative,left,left,True
FRCLTEXT000102_left,internal relative,left,left,True
FRCLTEXT000102_back,internal relative,left,left,True
FRCLTEXT000102_right,internal relative,left,left,True
FRCLTEXT000103_front,external intrinsic,front,front,True
FRCLTEXT000103_left,external intrinsic,left,left,True
FRCLTEXT000103_back,external intrinsic,back,back,True
FRCLTEXT000103_right,external intrinsic,right,right,True
FRCLTEXT000104,internal relative,left,left,True
FRCLTEXT000105_front,external relative,right,front,False
FRCLTEXT000105_left,external relative,right,right,True
FRCLTEXT000105_back,external relative,right,right,True
FRCLTEXT000105_right,external relative,right,right,True
FRCLTEXT000106_front,internal intrinsic,back,back,True
FRCLTEXT000106_left,internal intrinsic,right,right,True
FRCLTEXT000106_back,internal intrinsic,front,front,True
FRCLTEXT000106_right,internal intrinsic,left,left,True
FRCLTEXT000107,external relative,right,right,True
FRCLTEXT000108,external relative,right,right,True
FRCLTEXT000109,external relative,left,left,True
FRCLTEXT000110_front,external intrinsic,back,front,False
FRCLTEXT000110_left,external intrinsic,right,right,True
FRCLTEXT000110_back,external intrinsic,front,front,True
FRCLTEXT000110_right,external intrinsic,left,left,True
FRCLTEXT000111_front,external relative,left,left,True
FRCLTEXT000111_left,external relative,left,left,True
FRCLTEXT000111_back,external relative,left,left,True
FRCLTEXT000111_right,external relative,left,left,True
FRCLTEXT000112_front,external intrinsic,right,right,True
FRCLTEXT000112_left,external intrinsic,front,front,True
FRCLTEXT000112_back,external intrinsic,left,left,True
FRCLTEXT000112_right,external intrinsic,back,back,True
FRCLTEXT000113_front,external intrinsic,back,back,True
FRCLTEXT000113_left,external intrinsic,right,right,True
FRCLTEXT000113_back,external intrinsic,front,front,True
FRCLTEXT000113_right,external intrinsic,left,left,True
FRCLTEXT000114_front,external relative,back,back,True
FRCLTEXT000114_left,external relative,back,back,True
FRCLTEXT000114_back,external relative,back,front,False
FRCLTEXT000114_right,external relative,back,back,True
FRCLTEXT000115_front,external relative,front,front,True
FRCLTEXT000115_left,external relative,front,front,True
FRCLTEXT000115_back,external relative,front,front,True
FRCLTEXT000115_right,external relative,front,front,True
FRCLTEXT000116_front,external intrinsic,left,left,True
FRCLTEXT000116_left,external intrinsic,back,back,True
FRCLTEXT000116_back,external intrinsic,right,right,True
FRCLTEXT000116_right,external intrinsic,front,front,True
FRCLTEXT000117_front,internal intrinsic,left,left,True
FRCLTEXT000117_left,internal intrinsic,back,back,True
FRCLTEXT000117_back,internal intrinsic,right,right,True
FRCLTEXT000117_right,internal intrinsic,front,front,True
FRCLTEXT000118,external relative,front,front,True
FRCLTEXT000119,external relative,right,right,True
FRCLTEXT000120_front,external relative,front,front,True
FRCLTEXT000120_left,external relative,front,front,True
FRCLTEXT000120_back,external relative,front,front,True
FRCLTEXT000120_right,external relative,front,front,True
FRCLTEXT000121_front,external relative,front,front,True
FRCLTEXT000121_left,external relative,front,front,True
FRCLTEXT000121_back,external relative,front,front,True
FRCLTEXT000121_right,external relative,front,front,True
FRCLTEXT000122_front,external intrinsic,left,left,True
FRCLTEXT000122_left,external intrinsic,back,back,True
FRCLTEXT000122_back,external intrinsic,right,right,True
FRCLTEXT000122_right,external intrinsic,front,front,True
FRCLTEXT000123_front,external relative,right,right,True
FRCLTEXT000123_left,external relative,right,right,True
FRCLTEXT000123_back,external relative,right,right,True
FRCLTEXT000123_right,external relative,right,right,True
FRCLTEXT000124_front,external relative,left,left,True
FRCLTEXT000124_left,external relative,left,left,True
FRCLTEXT000124_back,external relative,left,left,True
FRCLTEXT000124_right,external relative,left,left,True
FRCLTEXT000125_front,external relative,left,left,True
FRCLTEXT000125_left,external relative,left,left,True
FRCLTEXT000125_back,external relative,left,left,True
FRCLTEXT000125_right,external relative,left,left,True
FRCLTEXT000126_front,external intrinsic,front,front,True
FRCLTEXT000126_left,external intrinsic,left,left,True
FRCLTEXT000126_back,external intrinsic,back,back,True
FRCLTEXT000126_right,external intrinsic,right,right,True
FRCLTEXT000127_front,external relative,front,front,True
FRCLTEXT000127_left,external relative,front,front,True
FRCLTEXT000127_back,external relative,front,front,True
FRCLTEXT000127_right,external relative,front,right,False
FRCLTEXT000128,external relative,left,left,True
FRCLTEXT000129_front,external relative,front,front,True
FRCLTEXT000129_left,external relative,front,front,True
FRCLTEXT000129_back,external relative,front,front,True
FRCLTEXT000129_right,external relative,front,front,True
FRCLTEXT000130_front,external relative,front,front,True
FRCLTEXT000130_left,external relative,front,front,True
FRCLTEXT000130_back,external relative,front,front,True
FRCLTEXT000130_right,external relative,front,front,True
FRCLTEXT000131_front,external relative,left,left,True
FRCLTEXT000131_left,external relative,left,left,True
FRCLTEXT000131_back,external relative,left,left,True
FRCLTEXT000131_right,external relative,left,left,True
FRCLTEXT000132_front,external intrinsic,left,front,False
FRCLTEXT000132_left,external intrinsic,back,back,True
FRCLTEXT000132_back,external intrinsic,right,right,True
FRCLTEXT000132_right,external intrinsic,front,front,True
FRCLTEXT000133_front,external relative,back,right,False
FRCLTEXT000133_left,external relative,back,back,True
FRCLTEXT000133_back,external relative,back,back,True
FRCLTEXT000133_right,external relative,back,back,True
FRCLTEXT000134_front,external intrinsic,back,front,False
FRCLTEXT000134_left,external intrinsic,right,right,True
FRCLTEXT000134_back,external intrinsic,front,front,True
FRCLTEXT000134_right,external intrinsic,left,left,True
FRCLTEXT000135_front,external intrinsic,back,back,True
FRCLTEXT000135_left,external intrinsic,right,right,True
FRCLTEXT000135_back,external intrinsic,front,front,True
FRCLTEXT000135_right,external intrinsic,left,left,True
FRCLTEXT000136_front,external intrinsic,front,front,True
FRCLTEXT000136_left,external intrinsic,left,left,True
FRCLTEXT000136_back,external intrinsic,back,back,True
FRCLTEXT000136_right,external intrinsic,right,back,False
FRCLTEXT000137_front,external intrinsic,left,left,True
FRCLTEXT000137_left,external intrinsic,back,back,True
FRCLTEXT000137_back,external intrinsic,right,right,True
FRCLTEXT000137_right,external intrinsic,front,front,True
FRCLTEXT000138_front,external intrinsic,right,right,True
FRCLTEXT000138_left,external intrinsic,front,front,True
FRCLTEXT000138_back,external intrinsic,left,left,True
FRCLTEXT000138_right,external intrinsic,back,back,True
FRCLTEXT000139_front,external intrinsic,left,left,True
FRCLTEXT000139_left,external intrinsic,back,back,True
FRCLTEXT000139_back,external intrinsic,right,right,True
FRCLTEXT000139_right,external intrinsic,front,front,True
FRCLTEXT000140,external relative,right,right,True
FRCLTEXT000141_front,external relative,front,front,True
FRCLTEXT000141_left,external relative,front,front,True
FRCLTEXT000141_back,external relative,front,front,True
FRCLTEXT000141_right,external relative,front,front,True
FRCLTEXT000142_front,external relative,front,front,True
FRCLTEXT000142_left,external relative,front,front,True
FRCLTEXT000142_back,external relative,front,front,True
FRCLTEXT000142_right,external relative,front,front,True
FRCLTEXT000143_front,external relative,front,front,True
FRCLTEXT000143_left,external relative,front,front,True
FRCLTEXT000143_back,external relative,front,front,True
FRCLTEXT000143_right,external relative,front,front,True
FRCLTEXT000144_front,external intrinsic,front,front,True
FRCLTEXT000144_left,external intrinsic,left,left,True
FRCLTEXT000144_back,external intrinsic,back,front,False
FRCLTEXT000144_right,external intrinsic,right,right,True
FRCLTEXT000145,external relative,back,front,False
FRCLTEXT000146,external relative,back,back,True
FRCLTEXT000147_front,external relative,left,left,True
FRCLTEXT000147_left,external relative,left,left,True
FRCLTEXT000147_back,external relative,left,left,True
FRCLTEXT000147_right,external relative,left,left,True
FRCLTEXT000148,internal relative,front,front,True
FRCLTEXT000149,external relative,front,front,True
FRCLTEXT000150_front,external intrinsic,front,front,True
FRCLTEXT000150_left,external intrinsic,left,left,True
FRCLTEXT000150_back,external intrinsic,back,back,True
FRCLTEXT000150_right,external intrinsic,right,right,True
FRCLTEXT000151_front,internal intrinsic,left,left,True
FRCLTEXT000151_left,internal intrinsic,back,back,True
FRCLTEXT000151_back,internal intrinsic,right,right,True
FRCLTEXT000151_right,internal intrinsic,front,front,True
FRCLTEXT000152,external relative,right,right,True
FRCLTEXT000153_front,external intrinsic,left,left,True
FRCLTEXT000153_left,external intrinsic,back,back,True
FRCLTEXT000153_back,external intrinsic,right,right,True
FRCLTEXT000153_right,external intrinsic,front,front,True
FRCLTEXT000154_front,external relative,left,left,True
FRCLTEXT000154_left,external relative,left,left,True
FRCLTEXT000154_back,external relative,left,left,True
FRCLTEXT000154_right,external relative,left,left,True
FRCLTEXT000155,external relative,left,left,True
FRCLTEXT000156_front,external intrinsic,front,front,True
FRCLTEXT000156_left,external intrinsic,left,left,True
FRCLTEXT000156_back,external intrinsic,back,back,True
FRCLTEXT000156_right,external intrinsic,right,right,True
FRCLTEXT000157_front,internal relative,left,left,True
FRCLTEXT000157_left,internal relative,left,left,True
FRCLTEXT000157_back,internal relative,left,left,True
FRCLTEXT000157_right,internal relative,left,left,True
FRCLTEXT000158_front,external relative,back,back,True
FRCLTEXT000158_left,external relative,back,back,True
FRCLTEXT000158_back,external relative,back,back,True
FRCLTEXT000158_right,external relative,back,back,True
FRCLTEXT000159_front,external relative,back,back,True
FRCLTEXT000159_left,external relative,back,back,True
FRCLTEXT000159_back,external relative,back,back,True
FRCLTEXT000159_right,external relative,back,back,True
FRCLTEXT000160_front,external relative,left,left,True
FRCLTEXT000160_left,external relative,left,left,True
FRCLTEXT000160_back,external relative,left,left,True
FRCLTEXT000160_right,external relative,left,left,True
FRCLTEXT000161_front,external intrinsic,left,left,True
FRCLTEXT000161_left,external intrinsic,back,back,True
FRCLTEXT000161_back,external intrinsic,right,right,True
FRCLTEXT000161_right,external intrinsic,front,front,True
FRCLTEXT000162_front,external intrinsic,front,front,True
FRCLTEXT000162_left,external intrinsic,left,left,True
FRCLTEXT000162_back,external intrinsic,back,back,True
FRCLTEXT000162_right,external intrinsic,right,right,True
FRCLTEXT000163_front,external intrinsic,back,back,True
FRCLTEXT000163_left,external intrinsic,right,right,True
FRCLTEXT000163_back,external intrinsic,front,front,True
FRCLTEXT000163_right,external intrinsic,left,left,True
FRCLTEXT000164_front,external intrinsic,right,right,True
FRCLTEXT000164_left,external intrinsic,front,front,True
FRCLTEXT000164_back,external intrinsic,left,left,True
FRCLTEXT000164_right,external intrinsic,back,back,True
FRCLTEXT000165_front,external relative,left,left,True
FRCLTEXT000165_left,external relative,left,left,True
FRCLTEXT000165_back,external relative,left,left,True
FRCLTEXT000165_right,external relative,left,left,True
FRCLTEXT000166_front,external intrinsic,back,back,True
FRCLTEXT000166_left,external intrinsic,right,right,True
FRCLTEXT000166_back,external intrinsic,front,front,True
FRCLTEXT000166_right,external intrinsic,left,left,True
FRCLTEXT000167_front,external intrinsic,left,left,True
FRCLTEXT000167_left,external intrinsic,back,back,True
FRCLTEXT000167_back,external intrinsic,right,right,True
FRCLTEXT000167_right,external intrinsic,front,front,True
FRCLTEXT000168_front,external relative,back,back,True
FRCLTEXT000168_left,external relative,back,back,True
FRCLTEXT000168_back,external relative,back,back,True
FRCLTEXT000168_right,external relative,back,back,True
FRCLTEXT000169_front,external intrinsic,right,right,True
FRCLTEXT000169_left,external intrinsic,front,front,True
FRCLTEXT000169_back,external intrinsic,left,left,True
FRCLTEXT000169_right,external intrinsic,back,back,True
FRCLTEXT000170,external relative,front,front,True
FRCLTEXT000171,external relative,front,front,True
FRCLTEXT000172_front,external intrinsic,right,back,False
FRCLTEXT000172_left,external intrinsic,front,front,True
FRCLTEXT000172_back,external intrinsic,left,left,True
FRCLTEXT000172_right,external intrinsic,back,back,True
FRCLTEXT000173_front,internal relative,left,left,True
FRCLTEXT000173_left,internal relative,left,right,False
FRCLTEXT000173_back,internal relative,left,right,False
FRCLTEXT000173_right,internal relative,left,left,True
FRCLTEXT000174,external relative,front,front,True
FRCLTEXT000175_front,external intrinsic,front,front,True
FRCLTEXT000175_left,external intrinsic,left,left,True
FRCLTEXT000175_back,external intrinsic,back,back,True
FRCLTEXT000175_right,external intrinsic,right,right,True
FRCLTEXT000176_front,external relative,right,right,True
FRCLTEXT000176_left,external relative,right,right,True
FRCLTEXT000176_back,external relative,right,right,True
FRCLTEXT000176_right,external relative,right,right,True
FRCLTEXT000177,external relative,left,left,True
FRCLTEXT000178,external relative,left,left,True
FRCLTEXT000179_front,internal relative,right,front,False
FRCLTEXT000179_left,internal relative,right,right,True
FRCLTEXT000179_back,internal relative,right,right,True
FRCLTEXT000179_right,internal relative,right,right,True
FRCLTEXT000180_front,external relative,front,front,True
FRCLTEXT000180_left,external relative,front,front,True
FRCLTEXT000180_back,external relative,front,front,True
FRCLTEXT000180_right,external relative,front,front,True
FRCLTEXT000181_front,external intrinsic,right,right,True
FRCLTEXT000181_left,external intrinsic,front,front,True
FRCLTEXT000181_back,external intrinsic,left,left,True
FRCLTEXT000181_right,external intrinsic,back,back,True
FRCLTEXT000182,internal relative,back,back,True
FRCLTEXT000183_front,external relative,back,back,True
FRCLTEXT000183_left,external relative,back,back,True
FRCLTEXT000183_back,external relative,back,right,False
FRCLTEXT000183_right,external relative,back,back,True
FRCLTEXT000184_front,external intrinsic,front,front,True
FRCLTEXT000184_left,external intrinsic,left,left,True
FRCLTEXT000184_back,external intrinsic,back,back,True
FRCLTEXT000184_right,external intrinsic,right,right,True
FRCLTEXT000185_front,external intrinsic,front,front,True
FRCLTEXT000185_left,external intrinsic,left,left,True
FRCLTEXT000185_back,external intrinsic,back,back,True
FRCLTEXT000185_right,external intrinsic,right,right,True
FRCLTEXT000186_front,internal relative,right,right,True
FRCLTEXT000186_left,internal relative,right,right,True
FRCLTEXT000186_back,internal relative,right,right,True
FRCLTEXT000186_right,internal relative,right,right,True
FRCLTEXT000187,external relative,front,front,True
FRCLTEXT000188_front,external intrinsic,front,front,True
FRCLTEXT000188_left,external intrinsic,left,left,True
FRCLTEXT000188_back,external intrinsic,back,back,True
FRCLTEXT000188_right,external intrinsic,right,right,True
FRCLTEXT000189_front,external intrinsic,right,front,False
FRCLTEXT000189_left,external intrinsic,front,front,True
FRCLTEXT000189_back,external intrinsic,left,left,True
FRCLTEXT000189_right,external intrinsic,back,back,True
FRCLTEXT000190,external relative,right,right,True
FRCLTEXT000191_front,external intrinsic,front,front,True
FRCLTEXT000191_left,external intrinsic,left,left,True
FRCLTEXT000191_back,external intrinsic,back,back,True
FRCLTEXT000191_right,external intrinsic,right,right,True
FRCLTEXT000192,external relative,right,right,True
FRCLTEXT000193_front,external intrinsic,left,left,True
FRCLTEXT000193_left,external intrinsic,back,back,True
FRCLTEXT000193_back,external intrinsic,right,right,True
FRCLTEXT000193_right,external intrinsic,front,front,True
FRCLTEXT000194_front,external intrinsic,right,right,True
FRCLTEXT000194_left,external intrinsic,front,front,True
FRCLTEXT000194_back,external intrinsic,left,left,True
FRCLTEXT000194_right,external intrinsic,back,back,True
FRCLTEXT000195_front,external relative,back,back,True
FRCLTEXT000195_left,external relative,back,back,True
FRCLTEXT000195_back,external relative,back,back,True
FRCLTEXT000195_right,external relative,back,back,True
FRCLTEXT000196_front,external intrinsic,right,right,True
FRCLTEXT000196_left,external intrinsic,front,front,True
FRCLTEXT000196_back,external intrinsic,left,left,True
FRCLTEXT000196_right,external intrinsic,back,back,True
FRCLTEXT000197_front,external intrinsic,back,front,False
FRCLTEXT000197_left,external intrinsic,right,back,False
FRCLTEXT000197_back,external intrinsic,front,front,True
FRCLTEXT000197_right,external intrinsic,left,left,True
FRCLTEXT000198_front,external relative,back,back,True
FRCLTEXT000198_left,external relative,back,back,True
FRCLTEXT000198_back,external relative,back,back,True
FRCLTEXT000198_right,external relative,back,back,True
FRCLTEXT000199_front,external relative,back,back,True
FRCLTEXT000199_left,external relative,back,back,True
FRCLTEXT000199_back,external relative,back,back,True
FRCLTEXT000199_right,external relative,back,back,True
FRCLTEXT000200,external relative,back,back,True
FRCLTEXT000201_front,external intrinsic,back,back,True
FRCLTEXT000201_left,external intrinsic,right,right,True
FRCLTEXT000201_back,external intrinsic,front,back,False
FRCLTEXT000201_right,external intrinsic,left,left,True
FRCLTEXT000202_front,external relative,left,left,True
FRCLTEXT000202_left,external relative,left,left,True
FRCLTEXT000202_back,external relative,left,left,True
FRCLTEXT000202_right,external relative,left,left,True
FRCLTEXT000203_front,external relative,right,right,True
FRCLTEXT000203_left,external relative,right,right,True
FRCLTEXT000203_back,external relative,right,right,True
FRCLTEXT000203_right,external relative,right,right,True
FRCLTEXT000204_front,internal intrinsic,right,right,True
FRCLTEXT000204_left,internal intrinsic,front,front,True
FRCLTEXT000204_back,internal intrinsic,left,back,False
FRCLTEXT000204_right,internal intrinsic,back,back,True
FRCLTEXT000205_front,external intrinsic,left,left,True
FRCLTEXT000205_left,external intrinsic,back,back,True
FRCLTEXT000205_back,external intrinsic,right,right,True
FRCLTEXT000205_right,external intrinsic,front,front,True
FRCLTEXT000206,external relative,back,back,True
FRCLTEXT000207_front,internal relative,back,back,True
FRCLTEXT000207_left,internal relative,back,back,True
FRCLTEXT000207_back,internal relative,back,back,True
FRCLTEXT000207_right,internal relative,back,right,False
FRCLTEXT000208_front,external relative,back,back,True
FRCLTEXT000208_left,external relative,back,back,True
FRCLTEXT000208_back,external relative,back,left,False
FRCLTEXT000208_right,external relative,back,front,False
FRCLTEXT000209,external relative,front,front,True
FRCLTEXT000210_front,external intrinsic,left,left,True
FRCLTEXT000210_left,external intrinsic,back,back,True
FRCLTEXT000210_back,external intrinsic,right,right,True
FRCLTEXT000210_right,external intrinsic,front,front,True
FRCLTEXT000211_front,external relative,front,right,False
FRCLTEXT000211_left,external relative,front,front,True
FRCLTEXT000211_back,external relative,front,front,True
FRCLTEXT000211_right,external relative,front,front,True
FRCLTEXT000212_front,external relative,right,right,True
FRCLTEXT000212_left,external relative,right,right,True
FRCLTEXT000212_back,external relative,right,right,True
FRCLTEXT000212_right,external relative,right,right,True
FRCLTEXT000213_front,external relative,right,right,True
FRCLTEXT000213_left,external relative,right,right,True
FRCLTEXT000213_back,external relative,right,right,True
FRCLTEXT000213_right,external relative,right,right,True
FRCLTEXT000214_front,external intrinsic,front,front,True
FRCLTEXT000214_left,external intrinsic,left,left,True
FRCLTEXT000214_back,external intrinsic,back,back,True
FRCLTEXT000214_right,external intrinsic,right,right,True
FRCLTEXT000215,external relative,back,back,True
FRCLTEXT000216,internal relative,left,left,True
FRCLTEXT000217_front,external relative,back,back,True
FRCLTEXT000217_left,external relative,back,back,True
FRCLTEXT000217_back,external relative,back,back,True
FRCLTEXT000217_right,external relative,back,back,True
FRCLTEXT000218,internal relative,back,back,True
FRCLTEXT000219_front,external relative,right,right,True
FRCLTEXT000219_left,external relative,right,right,True
FRCLTEXT000219_back,external relative,right,right,True
FRCLTEXT000219_right,external relative,right,right,True
FRCLTEXT000220_front,external intrinsic,right,front,False
FRCLTEXT000220_left,external intrinsic,front,front,True
FRCLTEXT000220_back,external intrinsic,left,left,True
FRCLTEXT000220_right,external intrinsic,back,back,True
FRCLTEXT000221,external relative,front,front,True
FRCLTEXT000222_front,external intrinsic,front,front,True
FRCLTEXT000222_left,external intrinsic,left,left,True
FRCLTEXT000222_back,external intrinsic,back,back,True
FRCLTEXT000222_right,external intrinsic,right,back,False
FRCLTEXT000223_front,internal relative,right,right,True
FRCLTEXT000223_left,internal relative,right,right,True
FRCLTEXT000223_back,internal relative,right,right,True
FRCLTEXT000223_right,internal relative,right,right,True
FRCLTEXT000224_front,external relative,right,right,True
FRCLTEXT000224_left,external relative,right,right,True
FRCLTEXT000224_back,external relative,right,right,True
FRCLTEXT000224_right,external relative,right,right,True
FRCLTEXT000225_front,external relative,right,right,True
FRCLTEXT000225_left,external relative,right,right,True
FRCLTEXT000225_back,external relative,right,right,True
FRCLTEXT000225_right,external relative,right,right,True
FRCLTEXT000226_front,external intrinsic,left,left,True
FRCLTEXT000226_left,external intrinsic,back,back,True
FRCLTEXT000226_back,external intrinsic,right,right,True
FRCLTEXT000226_right,external intrinsic,front,front,True
FRCLTEXT000227_front,external relative,front,front,True
FRCLTEXT000227_left,external relative,front,front,True
FRCLTEXT000227_back,external relative,front,front,True
FRCLTEXT000227_right,external relative,front,front,True
FRCLTEXT000228,external relative,right,right,True
FRCLTEXT000229,external relative,right,right,True
FRCLTEXT000230_front,external relative,right,right,True
FRCLTEXT000230_left,external relative,right,right,True
FRCLTEXT000230_back,external relative,right,right,True
FRCLTEXT000230_right,external relative,right,right,True
FRCLTEXT000231_front,external relative,back,back,True
FRCLTEXT000231_left,external relative,back,back,True
FRCLTEXT000231_back,external relative,back,back,True
FRCLTEXT000231_right,external relative,back,back,True
FRCLTEXT000232,external relative,right,right,True
FRCLTEXT000233_front,external intrinsic,back,back,True
FRCLTEXT000233_left,external intrinsic,right,right,True
FRCLTEXT000233_back,external intrinsic,front,front,True
FRCLTEXT000233_right,external intrinsic,left,front,False
FRCLTEXT000234,external relative,right,right,True
FRCLTEXT000235_front,external intrinsic,front,front,True
FRCLTEXT000235_left,external intrinsic,left,left,True
FRCLTEXT000235_back,external intrinsic,back,front,False
FRCLTEXT000235_right,external intrinsic,right,back,False
FRCLTEXT000236_front,external intrinsic,back,back,True
FRCLTEXT000236_left,external intrinsic,right,right,True
FRCLTEXT000236_back,external intrinsic,front,front,True
FRCLTEXT000236_right,external intrinsic,left,left,True
FRCLTEXT000237_front,external relative,right,right,True
FRCLTEXT000237_left,external relative,right,right,True
FRCLTEXT000237_back,external relative,right,right,True
FRCLTEXT000237_right,external relative,right,right,True
FRCLTEXT000238_front,external relative,right,right,True
FRCLTEXT000238_left,external relative,right,right,True
FRCLTEXT000238_back,external relative,right,right,True
FRCLTEXT000238_right,external relative,right,right,True
FRCLTEXT000239_front,external relative,front,front,True
FRCLTEXT000239_left,external relative,front,front,True
FRCLTEXT000239_back,external relative,front,front,True
FRCLTEXT000239_right,external relative,front,front,True
FRCLTEXT000240_front,external relative,left,left,True
FRCLTEXT000240_left,external relative,left,left,True
FRCLTEXT000240_back,external relative,left,left,True
FRCLTEXT000240_right,external relative,left,left,True
FRCLTEXT000241_front,external intrinsic,front,front,True
FRCLTEXT000241_left,external intrinsic,left,left,True
FRCLTEXT000241_back,external intrinsic,back,front,False
FRCLTEXT000241_right,external intrinsic,right,right,True
FRCLTEXT000242_front,external relative,right,right,True
FRCLTEXT000242_left,external relative,right,right,True
FRCLTEXT000242_back,external relative,right,right,True
FRCLTEXT000242_right,external relative,right,right,True
FRCLTEXT000243_front,external relative,right,right,True
FRCLTEXT000243_left,external relative,right,right,True
FRCLTEXT000243_back,external relative,right,right,True
FRCLTEXT000243_right,external relative,right,right,True
FRCLTEXT000244_front,external relative,back,back,True
FRCLTEXT000244_left,external relative,back,back,True
FRCLTEXT000244_back,external relative,back,right,False
FRCLTEXT000244_right,external relative,back,back,True
FRCLTEXT000245_front,external relative,left,left,True
FRCLTEXT000245_left,external relative,left,left,True
FRCLTEXT000245_back,external relative,left,right,False
FRCLTEXT000245_right,external relative,left,left,True
FRCLTEXT000246,internal relative,back,back,True
FRCLTEXT000247_front,external relative,right,right,True
FRCLTEXT000247_left,external relative,right,right,True
FRCLTEXT000247_back,external relative,right,right,True
FRCLTEXT000247_right,external relative,right,right,True
FRCLTEXT000248_front,external intrinsic,right,right,True
FRCLTEXT000248_left,external intrinsic,front,front,True
FRCLTEXT000248_back,external intrinsic,left,left,True
FRCLTEXT000248_right,external intrinsic,back,back,True
FRCLTEXT000249,external relative,front,front,True
FRCLTEXT000250_front,external relative,back,back,True
FRCLTEXT000250_left,external relative,back,back,True
FRCLTEXT000250_back,external relative,back,front,False
FRCLTEXT000250_right,external relative,back,back,True
FRCLTEXT000251_front,external intrinsic,right,right,True
FRCLTEXT000251_left,external intrinsic,front,front,True
FRCLTEXT000251_back,external intrinsic,left,left,True
FRCLTEXT000251_right,external intrinsic,back,back,True
FRCLTEXT000252_front,external intrinsic,back,back,True
FRCLTEXT000252_left,external intrinsic,right,right,True
FRCLTEXT000252_back,external intrinsic,front,front,True
FRCLTEXT000252_right,external intrinsic,left,left,True
FRCLTEXT000253_front,external relative,front,front,True
FRCLTEXT000253_left,external relative,front,front,True
FRCLTEXT000253_back,external relative,front,front,True
FRCLTEXT000253_right,external relative,front,front,True
FRCLTEXT000254,external relative,left,left,True
FRCLTEXT000255_front,external intrinsic,front,front,True
FRCLTEXT000255_left,external intrinsic,left,left,True
FRCLTEXT000255_back,external intrinsic,back,back,True
FRCLTEXT000255_right,external intrinsic,right,right,True
FRCLTEXT000256,external relative,front,front,True
FRCLTEXT000257_front,external relative,front,front,True
FRCLTEXT000257_left,external relative,front,front,True
FRCLTEXT000257_back,external relative,front,front,True
FRCLTEXT000257_right,external relative,front,front,True
FRCLTEXT000258_front,external relative,back,back,True
FRCLTEXT000258_left,external relative,back,right,False
FRCLTEXT000258_back,external relative,back,left,False
FRCLTEXT000258_right,external relative,back,front,False
FRCLTEXT000259_front,external relative,left,front,False
FRCLTEXT000259_left,external relative,left,left,True
FRCLTEXT000259_back,external relative,left,left,True
FRCLTEXT000259_right,external relative,left,left,True
FRCLTEXT000260_front,external intrinsic,front,front,True
FRCLTEXT000260_left,external intrinsic,left,left,True
FRCLTEXT000260_back,external intrinsic,back,front,False
FRCLTEXT000260_right,external intrinsic,right,right,True
FRCLTEXT000261_front,internal intrinsic,front,front,True
FRCLTEXT000261_left,internal intrinsic,left,left,True
FRCLTEXT000261_back,internal intrinsic,back,back,True
FRCLTEXT000261_right,internal intrinsic,right,right,True
FRCLTEXT000262,external relative,front,front,True
FRCLTEXT000263_front,external intrinsic,back,back,True
FRCLTEXT000263_left,external intrinsic,right,right,True
FRCLTEXT000263_back,external intrinsic,front,front,True
FRCLTEXT000263_right,external intrinsic,left,left,True
FRCLTEXT000264,internal relative,front,front,True
FRCLTEXT000265_front,external relative,right,right,True
FRCLTEXT000265_left,external relative,right,right,True
FRCLTEXT000265_back,external relative,right,right,True
FRCLTEXT000265_right,external relative,right,right,True
FRCLTEXT000266,external relative,back,back,True
FRCLTEXT000267_front,external intrinsic,front,front,True
FRCLTEXT000267_left,external intrinsic,left,left,True
FRCLTEXT000267_back,external intrinsic,back,back,True
FRCLTEXT000267_right,external intrinsic,right,right,True
FRCLTEXT000268_front,external relative,front,front,True
FRCLTEXT000268_left,external relative,front,front,True
FRCLTEXT000268_back,external relative,front,front,True
FRCLTEXT000268_right,external relative,front,right,False
FRCLTEXT000269,external relative,left,left,True
FRCLTEXT000270_front,external intrinsic,front,front,True
FRCLTEXT000270_left,external intrinsic,left,left,True
FRCLTEXT000270_back,external intrinsic,back,back,True
FRCLTEXT000270_right,external intrinsic,right,right,True
FRCLTEXT000271_front,internal relative,back,back,True
FRCLTEXT000271_left,internal relative,back,back,True
FRCLTEXT000271_back,internal relative,back,back,True
FRCLTEXT000271_right,internal relative,back,back,True
FRCLTEXT000272_front,external relative,left,left,True
FRCLTEXT000272_left,external relative,left,left,True
FRCLTEXT000272_back,external relative,left,left,True
FRCLTEXT000272_right,external relative,left,left,True
FRCLTEXT000273,external relative,back,back,True
FRCLTEXT000274_front,external relative,left,left,True
FRCLTEXT000274_left,external relative,left,left,True
FRCLTEXT000274_back,external relative,left,left,True
FRCLTEXT000274_right,external relative,left,left,True
FRCLTEXT000275,external relative,right,right,True
FRCLTEXT000276_front,external relative,left,left,True
FRCLTEXT000276_left,external relative,left,left,True
FRCLTEXT000276_back,external relative,left,left,True
FRCLTEXT000276_right,external relative,left,left,True
FRCLTEXT000277_front,external relative,back,back,True
FRCLTEXT000277_left,external relative,back,back,True
FRCLTEXT000277_back,external relative,back,back,True
FRCLTEXT000277_right,external relative,back,back,True
FRCLTEXT000278_front,external relative,left,left,True
FRCLTEXT000278_left,external relative,left,left,True
FRCLTEXT000278_back,external relative,left,left,True
FRCLTEXT000278_right,external relative,left,left,True
FRCLTEXT000279_front,external intrinsic,right,right,True
FRCLTEXT000279_left,external intrinsic,front,front,True
FRCLTEXT000279_back,external intrinsic,left,left,True
FRCLTEXT000279_right,external intrinsic,back,back,True
FRCLTEXT000280_front,external intrinsic,right,right,True
FRCLTEXT000280_left,external intrinsic,front,front,True
FRCLTEXT000280_back,external intrinsic,left,left,True
FRCLTEXT000280_right,external intrinsic,back,back,True
FRCLTEXT000281,external relative,back,back,True
FRCLTEXT000282_front,external relative,front,front,True
FRCLTEXT000282_left,external relative,front,front,True
FRCLTEXT000282_back,external relative,front,right,False
FRCLTEXT000282_right,external relative,front,front,True
FRCLTEXT000283,external relative,right,right,True
FRCLTEXT000284_front,external intrinsic,left,left,True
FRCLTEXT000284_left,external intrinsic,back,back,True
FRCLTEXT000284_back,external intrinsic,right,right,True
FRCLTEXT000284_right,external intrinsic,front,back,False
FRCLTEXT000285_front,external relative,right,right,True
FRCLTEXT000285_left,external relative,right,right,True
FRCLTEXT000285_back,external relative,right,right,True
FRCLTEXT000285_right,external relative,right,right,True
FRCLTEXT000286_front,external relative,left,left,True
FRCLTEXT000286_left,external relative,left,left,True
FRCLTEXT000286_back,external relative,left,left,True
FRCLTEXT000286_right,external relative,left,front,False
FRCLTEXT000287_front,external relative,left,left,True
FRCLTEXT000287_left,external relative,left,left,True
FRCLTEXT000287_back,external relative,left,left,True
FRCLTEXT000287_right,external relative,left,left,True
FRCLTEXT000288,internal relative,left,left,True
FRCLTEXT000289_front,external intrinsic,right,front,False
FRCLTEXT000289_left,external intrinsic,front,front,True
FRCLTEXT000289_back,external intrinsic,left,left,True
FRCLTEXT000289_right,external intrinsic,back,back,True
FRCLTEXT000290_front,external relative,front,front,True
FRCLTEXT000290_left,external relative,front,front,True
FRCLTEXT000290_back,external relative,front,front,True
FRCLTEXT000290_right,external relative,front,front,True
FRCLTEXT000291,external relative,left,left,True
FRCLTEXT000292_front,external intrinsic,left,left,True
FRCLTEXT000292_left,external intrinsic,back,back,True
FRCLTEXT000292_back,external intrinsic,right,right,True
FRCLTEXT000292_right,external intrinsic,front,front,True
FRCLTEXT000293_front,external intrinsic,back,back,True
FRCLTEXT000293_left,external intrinsic,right,right,True
FRCLTEXT000293_back,external intrinsic,front,front,True
FRCLTEXT000293_right,external intrinsic,left,left,True
FRCLTEXT000294_front,external intrinsic,right,front,False
FRCLTEXT000294_left,external intrinsic,front,front,True
FRCLTEXT000294_back,external intrinsic,left,left,True
FRCLTEXT000294_right,external intrinsic,back,back,True
FRCLTEXT000295,external relative,left,left,True
FRCLTEXT000296_front,external intrinsic,front,front,True
FRCLTEXT000296_left,external intrinsic,left,left,True
FRCLTEXT000296_back,external intrinsic,back,back,True
FRCLTEXT000296_right,external intrinsic,right,right,True
FRCLTEXT000297_front,external intrinsic,left,left,True
FRCLTEXT000297_left,external intrinsic,back,back,True
FRCLTEXT000297_back,external intrinsic,right,right,True
FRCLTEXT000297_right,external intrinsic,front,front,True
FRCLTEXT000298_front,external relative,right,right,True
FRCLTEXT000298_left,external relative,right,right,True
FRCLTEXT000298_back,external relative,right,right,True
FRCLTEXT000298_right,external relative,right,right,True
FRCLTEXT000299_front,external relative,front,front,True
FRCLTEXT000299_left,external relative,front,front,True
FRCLTEXT000299_back,external relative,front,front,True
FRCLTEXT000299_right,external relative,front,front,True
FRCLTEXT000300_front,external intrinsic,left,left,True
FRCLTEXT000300_left,external intrinsic,back,back,True
FRCLTEXT000300_back,external intrinsic,right,right,True
FRCLTEXT000300_right,external intrinsic,front,front,True
FRCLTEXT000301,external relative,right,right,True
FRCLTEXT000302_front,external intrinsic,front,front,True
FRCLTEXT000302_left,external intrinsic,left,left,True
FRCLTEXT000302_back,external intrinsic,back,back,True
FRCLTEXT000302_right,external intrinsic,right,right,True
FRCLTEXT000303,external relative,left,left,True
FRCLTEXT000304_front,external relative,back,back,True
FRCLTEXT000304_left,external relative,back,back,True
FRCLTEXT000304_back,external relative,back,back,True
FRCLTEXT000304_right,external relative,back,back,True
FRCLTEXT000305_front,internal intrinsic,right,right,True
FRCLTEXT000305_left,internal intrinsic,front,front,True
FRCLTEXT000305_back,internal intrinsic,left,front,False
FRCLTEXT000305_right,internal intrinsic,back,back,True
FRCLTEXT000306_front,external intrinsic,back,front,False
FRCLTEXT000306_left,external intrinsic,right,right,True
FRCLTEXT000306_back,external intrinsic,front,front,True
FRCLTEXT000306_right,external intrinsic,left,left,True
FRCLTEXT000307,external relative,right,right,True
FRCLTEXT000308,external relative,left,left,True
FRCLTEXT000309_front,external relative,front,front,True
FRCLTEXT000309_left,external relative,front,right,False
FRCLTEXT000309_back,external relative,front,front,True
FRCLTEXT000309_right,external relative,front,front,True
FRCLTEXT000310,external relative,front,front,True
FRCLTEXT000311_front,external intrinsic,back,back,True
FRCLTEXT000311_left,external intrinsic,right,right,True
FRCLTEXT000311_back,external intrinsic,front,front,True
FRCLTEXT000311_right,external intrinsic,left,left,True
FRCLTEXT000312_front,external relative,front,front,True
FRCLTEXT000312_left,external relative,front,front,True
FRCLTEXT000312_back,external relative,front,front,True
FRCLTEXT000312_right,external relative,front,front,True
FRCLTEXT000313,external relative,right,right,True
FRCLTEXT000314_front,external intrinsic,front,front,True
FRCLTEXT000314_left,external intrinsic,left,left,True
FRCLTEXT000314_back,external intrinsic,back,back,True
FRCLTEXT000314_right,external intrinsic,right,right,True
FRCLTEXT000315,external relative,back,back,True
FRCLTEXT000316_front,internal relative,right,right,True
FRCLTEXT000316_left,internal relative,right,right,True
FRCLTEXT000316_back,internal relative,right,right,True
FRCLTEXT000316_right,internal relative,right,right,True
FRCLTEXT000317_front,external intrinsic,right,right,True
FRCLTEXT000317_left,external intrinsic,front,front,True
FRCLTEXT000317_back,external intrinsic,left,left,True
FRCLTEXT000317_right,external intrinsic,back,back,True
FRCLTEXT000318_front,external relative,right,right,True
FRCLTEXT000318_left,external relative,right,right,True
FRCLTEXT000318_back,external relative,right,right,True
FRCLTEXT000318_right,external relative,right,right,True
FRCLTEXT000319_front,external intrinsic,right,right,True
FRCLTEXT000319_left,external intrinsic,front,front,True
FRCLTEXT000319_back,external intrinsic,left,left,True
FRCLTEXT000319_right,external intrinsic,back,back,True
FRCLTEXT000320,external relative,left,left,True
FRCLTEXT000321_front,external intrinsic,right,right,True
FRCLTEXT000321_left,external intrinsic,front,front,True
FRCLTEXT000321_back,external intrinsic,left,left,True
FRCLTEXT000321_right,external intrinsic,back,back,True
FRCLTEXT000322_front,internal relative,right,right,True
FRCLTEXT000322_left,internal relative,right,right,True
FRCLTEXT000322_back,internal relative,right,right,True
FRCLTEXT000322_right,internal relative,right,right,True
FRCLTEXT000323_front,external intrinsic,left,left,True
FRCLTEXT000323_left,external intrinsic,back,back,True
FRCLTEXT000323_back,external intrinsic,right,right,True
FRCLTEXT000323_right,external intrinsic,front,front,True
FRCLTEXT000324_front,external relative,right,right,True
FRCLTEXT000324_left,external relative,right,right,True
FRCLTEXT000324_back,external relative,right,right,True
FRCLTEXT000324_right,external relative,right,right,True
FRCLTEXT000325,external relative,back,front,False
FRCLTEXT000326,external relative,right,right,True
FRCLTEXT000327_front,external relative,right,right,True
FRCLTEXT000327_left,external relative,right,right,True
FRCLTEXT000327_back,external relative,right,right,True
FRCLTEXT000327_right,external relative,right,right,True
FRCLTEXT000328_front,external relative,left,left,True
FRCLTEXT000328_left,external relative,left,left,True
FRCLTEXT000328_back,external relative,left,left,True
FRCLTEXT000328_right,external relative,left,left,True
FRCLTEXT000329,internal relative,left,left,True
FRCLTEXT000330_front,external relative,back,back,True
FRCLTEXT000330_left,external relative,back,back,True
FRCLTEXT000330_back,external relative,back,back,True
FRCLTEXT000330_right,external relative,back,back,True
FRCLTEXT000331,external relative,front,front,True
FRCLTEXT000332_front,external relative,back,front,False
FRCLTEXT000332_left,external relative,back,back,True
FRCLTEXT000332_back,external relative,back,back,True
FRCLTEXT000332_right,external relative,back,front,False
FRCLTEXT000333_front,external intrinsic,front,front,True
FRCLTEXT000333_left,external intrinsic,left,left,True
FRCLTEXT000333_back,external intrinsic,back,back,True
FRCLTEXT000333_right,external intrinsic,right,right,True
FRCLTEXT000334,external relative,left,left,True
FRCLTEXT000335_front,external relative,left,left,True
FRCLTEXT000335_left,external relative,left,left,True
FRCLTEXT000335_back,external relative,left,left,True
FRCLTEXT000335_right,external relative,left,left,True
FRCLTEXT000336_front,external intrinsic,front,front,True
FRCLTEXT000336_left,external intrinsic,left,left,True
FRCLTEXT000336_back,external intrinsic,back,back,True
FRCLTEXT000336_right,external intrinsic,right,right,True
FRCLTEXT000337_front,external relative,right,front,False
FRCLTEXT000337_left,external relative,right,right,True
FRCLTEXT000337_back,external relative,right,right,True
FRCLTEXT000337_right,external relative,right,right,True
FRCLTEXT000338_front,external relative,left,left,True
FRCLTEXT000338_left,external relative,left,left,True
FRCLTEXT000338_back,external relative,left,left,True
FRCLTEXT000338_right,external relative,left,left,True
FRCLTEXT000339_front,external intrinsic,left,left,True
FRCLTEXT000339_left,external intrinsic,back,back,True
FRCLTEXT000339_back,external intrinsic,right,right,True
FRCLTEXT000339_right,external intrinsic,front,front,True
FRCLTEXT000340_front,external relative,right,right,True
FRCLTEXT000340_left,external relative,right,right,True
FRCLTEXT000340_back,external relative,right,right,True
FRCLTEXT000340_right,external relative,right,right,True
FRCLTEXT000341_front,external relative,left,left,True
FRCLTEXT000341_left,external relative,left,left,True
FRCLTEXT000341_back,external relative,left,left,True
FRCLTEXT000341_right,external relative,left,left,True
FRCLTEXT000342,external relative,front,front,True
FRCLTEXT000343_front,external relative,right,right,True
FRCLTEXT000343_left,external relative,right,right,True
FRCLTEXT000343_back,external relative,right,right,True
FRCLTEXT000343_right,external relative,right,right,True
FRCLTEXT000344,external relative,back,back,True
FRCLTEXT000345_front,external relative,front,front,True
FRCLTEXT000345_left,external relative,front,front,True
FRCLTEXT000345_back,external relative,front,front,True
FRCLTEXT000345_right,external relative,front,front,True
FRCLTEXT000346_front,external relative,front,front,True
FRCLTEXT000346_left,external relative,front,front,True
FRCLTEXT000346_back,external relative,front,front,True
FRCLTEXT000346_right,external relative,front,front,True
FRCLTEXT000347_front,internal intrinsic,left,front,False
FRCLTEXT000347_left,internal intrinsic,back,back,True
FRCLTEXT000347_back,internal intrinsic,right,right,True
FRCLTEXT000347_right,internal intrinsic,front,front,True
FRCLTEXT000348_front,external relative,back,back,True
FRCLTEXT000348_left,external relative,back,back,True
FRCLTEXT000348_back,external relative,back,back,True
FRCLTEXT000348_right,external relative,back,front,False
FRCLTEXT000349,internal relative,back,back,True
FRCLTEXT000350,external relative,front,front,True
FRCLTEXT000351,external relative,back,back,True
FRCLTEXT000352_front,external intrinsic,front,front,True
FRCLTEXT000352_left,external intrinsic,left,left,True
FRCLTEXT000352_back,external intrinsic,back,back,True
FRCLTEXT000352_right,external intrinsic,right,right,True
FRCLTEXT000353_front,external relative,back,back,True
FRCLTEXT000353_left,external relative,back,back,True
FRCLTEXT000353_back,external relative,back,back,True
FRCLTEXT000353_right,external relative,back,back,True
FRCLTEXT000354_front,external relative,right,right,True
FRCLTEXT000354_left,external relative,right,right,True
FRCLTEXT000354_back,external relative,right,right,True
FRCLTEXT000354_right,external relative,right,right,True
FRCLTEXT000355_front,external intrinsic,left,left,True
FRCLTEXT000355_left,external intrinsic,back,back,True
FRCLTEXT000355_back,external intrinsic,right,right,True
FRCLTEXT000355_right,external intrinsic,front,front,True
FRCLTEXT000356_front,external intrinsic,front,front,True
FRCLTEXT000356_left,external intrinsic,left,left,True
FRCLTEXT000356_back,external intrinsic,back,front,False
FRCLTEXT000356_right,external intrinsic,right,right,True
FRCLTEXT000357_front,external relative,left,left,True
FRCLTEXT000357_left,external relative,left,left,True
FRCLTEXT000357_back,external relative,left,left,True
FRCLTEXT000357_right,external relative,left,left,True
FRCLTEXT000358_front,external relative,left,left,True
FRCLTEXT000358_left,external relative,left,left,True
FRCLTEXT000358_back,external relative,left,left,True
FRCLTEXT000358_right,external relative,left,left,True
FRCLTEXT000359,external relative,left,left,True
FRCLTEXT000360_front,internal relative,right,right,True
FRCLTEXT000360_left,internal relative,right,right,True
FRCLTEXT000360_back,internal relative,right,right,True
FRCLTEXT000360_right,internal relative,right,right,True
FRCLTEXT000361_front,external intrinsic,left,left,True
FRCLTEXT000361_left,external intrinsic,back,back,True
FRCLTEXT000361_back,external intrinsic,right,right,True
FRCLTEXT000361_right,external intrinsic,front,front,True
FRCLTEXT000362,external relative,back,back,True
FRCLTEXT000363,external relative,left,left,True
FRCLTEXT000364,external relative,back,back,True
FRCLTEXT000365_front,external relative,back,back,True
FRCLTEXT000365_left,external relative,back,back,True
FRCLTEXT000365_back,external relative,back,back,True
FRCLTEXT000365_right,external relative,back,front,False
FRCLTEXT000366_front,external relative,front,front,True
FRCLTEXT000366_left,external relative,front,front,True
FRCLTEXT000366_back,external relative,front,front,True
FRCLTEXT000366_right,external relative,front,front,True
FRCLTEXT000367_front,external intrinsic,back,front,False
FRCLTEXT000367_left,external intrinsic,right,right,True
FRCLTEXT000367_back,external intrinsic,front,front,True
FRCLTEXT000367_right,external intrinsic,left,left,True
FRCLTEXT000368_front,internal intrinsic,right,right,True
FRCLTEXT000368_left,internal intrinsic,front,front,True
FRCLTEXT000368_back,internal intrinsic,left,left,True
FRCLTEXT000368_right,internal intrinsic,back,back,True
FRCLTEXT000369_front,external intrinsic,right,front,False
FRCLTEXT000369_left,external intrinsic,front,back,False
FRCLTEXT000369_back,external intrinsic,left,left,True
FRCLTEXT000369_right,external intrinsic,back,back,True
FRCLTEXT000370,external relative,back,back,True
FRCLTEXT000371_front,external relative,right,right,True
FRCLTEXT000371_left,external relative,right,right,True
FRCLTEXT000371_back,external relative,right,right,True
FRCLTEXT000371_right,external relative,right,right,True
FRCLTEXT000372,external relative,front,front,True
FRCLTEXT000373,external relative,front,front,True
FRCLTEXT000374_front,external relative,left,front,False
FRCLTEXT000374_left,external relative,left,left,True
FRCLTEXT000374_back,external relative,left,left,True
FRCLTEXT000374_right,external relative,left,left,True
FRCLTEXT000375_front,external relative,left,left,True
FRCLTEXT000375_left,external relative,left,left,True
FRCLTEXT000375_back,external relative,left,left,True
FRCLTEXT000375_right,external relative,left,left,True
FRCLTEXT000376_front,external relative,back,back,True
FRCLTEXT000376_left,external relative,back,right,False
FRCLTEXT000376_back,external relative,back,right,False
FRCLTEXT000376_right,external relative,back,back,True
FRCLTEXT000377,external relative,back,back,True
FRCLTEXT000378_front,external relative,front,front,True
FRCLTEXT000378_left,external relative,front,front,True
FRCLTEXT000378_back,external relative,front,front,True
FRCLTEXT000378_right,external relative,front,front,True
FRCLTEXT000379_front,external relative,back,back,True
FRCLTEXT000379_left,external relative,back,back,True
FRCLTEXT000379_back,external relative,back,back,True
FRCLTEXT000379_right,external relative,back,back,True
FRCLTEXT000380,external relative,right,right,True
FRCLTEXT000381_front,external intrinsic,left,back,False
FRCLTEXT000381_left,external intrinsic,back,back,True
FRCLTEXT000381_back,external intrinsic,right,right,True
FRCLTEXT000381_right,external intrinsic,front,front,True
FRCLTEXT000382,external relative,left,left,True
FRCLTEXT000383_front,external relative,back,back,True
FRCLTEXT000383_left,external relative,back,back,True
FRCLTEXT000383_back,external relative,back,back,True
FRCLTEXT000383_right,external relative,back,back,True
FRCLTEXT000384_front,external relative,front,front,True
FRCLTEXT000384_left,external relative,front,front,True
FRCLTEXT000384_back,external relative,front,front,True
FRCLTEXT000384_right,external relative,front,front,True
FRCLTEXT000385,external relative,front,front,True
FRCLTEXT000386_front,external relative,left,left,True
FRCLTEXT000386_left,external relative,left,left,True
FRCLTEXT000386_back,external relative,left,left,True
FRCLTEXT000386_right,external relative,left,left,True
FRCLTEXT000387_front,external relative,right,right,True
FRCLTEXT000387_left,external relative,right,right,True
FRCLTEXT000387_back,external relative,right,right,True
FRCLTEXT000387_right,external relative,right,right,True
FRCLTEXT000388,external relative,right,right,True
FRCLTEXT000389_front,external intrinsic,front,front,True
FRCLTEXT000389_left,external intrinsic,left,left,True
FRCLTEXT000389_back,external intrinsic,back,back,True
FRCLTEXT000389_right,external intrinsic,right,right,True
FRCLTEXT000390_front,external intrinsic,right,right,True
FRCLTEXT000390_left,external intrinsic,front,front,True
FRCLTEXT000390_back,external intrinsic,left,left,True
FRCLTEXT000390_right,external intrinsic,back,back,True
FRCLTEXT000391_front,external relative,front,front,True
FRCLTEXT000391_left,external relative,front,front,True
FRCLTEXT000391_back,external relative,front,front,True
FRCLTEXT000391_right,external relative,front,front,True
FRCLTEXT000392,external relative,front,front,True
FRCLTEXT000393_front,external relative,right,right,True
FRCLTEXT000393_left,external relative,right,front,False
FRCLTEXT000393_back,external relative,right,right,True
FRCLTEXT000393_right,external relative,right,right,True
FRCLTEXT000394,external relative,back,back,True
FRCLTEXT000395_front,external relative,left,left,True
FRCLTEXT000395_left,external relative,left,left,True
FRCLTEXT000395_back,external relative,left,left,True
FRCLTEXT000395_right,external relative,left,left,True
FRCLTEXT000396_front,internal relative,back,back,True
FRCLTEXT000396_left,internal relative,back,back,True
FRCLTEXT000396_back,internal relative,back,back,True
FRCLTEXT000396_right,internal relative,back,back,True
FRCLTEXT000397_front,external intrinsic,right,right,True
FRCLTEXT000397_left,external intrinsic,front,front,True
FRCLTEXT000397_back,external intrinsic,left,back,False
FRCLTEXT000397_right,external intrinsic,back,back,True
FRCLTEXT000398_front,external relative,right,right,True
FRCLTEXT000398_left,external relative,right,right,True
FRCLTEXT000398_back,external relative,right,right,True
FRCLTEXT000398_right,external relative,right,right,True
FRCLTEXT000399_front,external relative,back,back,True
FRCLTEXT000399_left,external relative,back,back,True
FRCLTEXT000399_back,external relative,back,back,True
FRCLTEXT000399_right,external relative,back,back,True
FRCLTEXT000400_front,external relative,right,front,False
FRCLTEXT000400_left,external relative,right,right,True
FRCLTEXT000400_back,external relative,right,right,True
FRCLTEXT000400_right,external relative,right,right,True
FRCLTEXT000401_front,external intrinsic,back,back,True
FRCLTEXT000401_left,external intrinsic,right,right,True
FRCLTEXT000401_back,external intrinsic,front,front,True
FRCLTEXT000401_right,external intrinsic,left,left,True
FRCLTEXT000402_front,external relative,right,right,True
FRCLTEXT000402_left,external relative,right,right,True
FRCLTEXT000402_back,external relative,right,right,True
FRCLTEXT000402_right,external relative,right,right,True
FRCLTEXT000403_front,external intrinsic,back,back,True
FRCLTEXT000403_left,external intrinsic,right,right,True
FRCLTEXT000403_back,external intrinsic,front,front,True
FRCLTEXT000403_right,external intrinsic,left,left,True
FRCLTEXT000404_front,external intrinsic,right,right,True
FRCLTEXT000404_left,external intrinsic,front,front,True
FRCLTEXT000404_back,external intrinsic,left,left,True
FRCLTEXT000404_right,external intrinsic,back,back,True
FRCLTEXT000405_front,external intrinsic,left,left,True
FRCLTEXT000405_left,external intrinsic,back,back,True
FRCLTEXT000405_back,external intrinsic,right,right,True
FRCLTEXT000405_right,external intrinsic,front,front,True
FRCLTEXT000406_front,external intrinsic,back,back,True
FRCLTEXT000406_left,external intrinsic,right,right,True
FRCLTEXT000406_back,external intrinsic,front,front,True
FRCLTEXT000406_right,external intrinsic,left,left,True
FRCLTEXT000407,external relative,front,front,True
FRCLTEXT000408_front,external intrinsic,back,back,True
FRCLTEXT000408_left,external intrinsic,right,right,True
FRCLTEXT000408_back,external intrinsic,front,front,True
FRCLTEXT000408_right,external intrinsic,left,left,True
FRCLTEXT000409_front,external intrinsic,left,left,True
FRCLTEXT000409_left,external intrinsic,back,back,True
FRCLTEXT000409_back,external intrinsic,right,right,True
FRCLTEXT000409_right,external intrinsic,front,front,True
FRCLTEXT000410_front,internal intrinsic,right,right,True
FRCLTEXT000410_left,internal intrinsic,front,front,True
FRCLTEXT000410_back,internal intrinsic,left,left,True
FRCLTEXT000410_right,internal intrinsic,back,back,True
FRCLTEXT000411,external relative,back,back,True
FRCLTEXT000412_front,external relative,front,front,True
FRCLTEXT000412_left,external relative,front,right,False
FRCLTEXT000412_back,external relative,front,right,False
FRCLTEXT000412_right,external relative,front,front,True
FRCLTEXT000413_front,external intrinsic,front,front,True
FRCLTEXT000413_left,external intrinsic,left,back,False
FRCLTEXT000413_back,external intrinsic,back,back,True
FRCLTEXT000413_right,external intrinsic,right,right,True
FRCLTEXT000414,external relative,left,left,True
FRCLTEXT000415_front,external intrinsic,right,right,True
FRCLTEXT000415_left,external intrinsic,front,front,True
FRCLTEXT000415_back,external intrinsic,left,left,True
FRCLTEXT000415_right,external intrinsic,back,back,True
FRCLTEXT000416_front,external intrinsic,back,front,False
FRCLTEXT000416_left,external intrinsic,right,back,False
FRCLTEXT000416_back,external intrinsic,front,front,True
FRCLTEXT000416_right,external intrinsic,left,left,True
FRCLTEXT000417,external relative,back,back,True
FRCLTEXT000418_front,external relative,back,back,True
FRCLTEXT000418_left,external relative,back,back,True
FRCLTEXT000418_back,external relative,back,back,True
FRCLTEXT000418_right,external relative,back,front,False
FRCLTEXT000419_front,external relative,back,back,True
FRCLTEXT000419_left,external relative,back,back,True
FRCLTEXT000419_back,external relative,back,back,True
FRCLTEXT000419_right,external relative,back,back,True
FRCLTEXT000420_front,external relative,right,right,True
FRCLTEXT000420_left,external relative,right,right,True
FRCLTEXT000420_back,external relative,right,right,True
FRCLTEXT000420_right,external relative,right,right,True
FRCLTEXT000421_front,external relative,front,front,True
FRCLTEXT000421_left,external relative,front,front,True
FRCLTEXT000421_back,external relative,front,front,True
FRCLTEXT000421_right,external relative,front,front,True
FRCLTEXT000422,external relative,back,back,True
FRCLTEXT000423,external relative,right,right,True
FRCLTEXT000424,external relative,front,front,True
FRCLTEXT000425_front,external relative,left,left,True
FRCLTEXT000425_left,external relative,left,left,True
FRCLTEXT000425_back,external relative,left,left,True
FRCLTEXT000425_right,external relative,left,left,True
FRCLTEXT000426_front,external intrinsic,back,front,False
FRCLTEXT000426_left,external intrinsic,right,right,True
FRCLTEXT000426_back,external intrinsic,front,front,True
FRCLTEXT000426_right,external intrinsic,left,left,True
FRCLTEXT000427_front,external intrinsic,right,right,True
FRCLTEXT000427_left,external intrinsic,front,front,True
FRCLTEXT000427_back,external intrinsic,left,left,True
FRCLTEXT000427_right,external intrinsic,back,back,True
FRCLTEXT000428,external relative,left,left,True
FRCLTEXT000429_front,external intrinsic,right,right,True
FRCLTEXT000429_left,external intrinsic,front,front,True
FRCLTEXT000429_back,external intrinsic,left,back,False
FRCLTEXT000429_right,external intrinsic,back,back,True
FRCLTEXT000430_front,internal relative,left,left,True
FRCLTEXT000430_left,internal relative,left,left,True
FRCLTEXT000430_back,internal relative,left,left,True
FRCLTEXT000430_right,internal relative,left,left,True
FRCLTEXT000431_front,internal intrinsic,back,front,False
FRCLTEXT000431_left,internal intrinsic,right,right,True
FRCLTEXT000431_back,internal intrinsic,front,front,True
FRCLTEXT000431_right,internal intrinsic,left,left,True
FRCLTEXT000432_front,external relative,back,front,False
FRCLTEXT000432_left,external relative,back,front,False
FRCLTEXT000432_back,external relative,back,back,True
FRCLTEXT000432_right,external relative,back,back,True
FRCLTEXT000433,external relative,front,front,True
FRCLTEXT000434_front,external relative,front,front,True
FRCLTEXT000434_left,external relative,front,right,False
FRCLTEXT000434_back,external relative,front,front,True
FRCLTEXT000434_right,external relative,front,front,True
FRCLTEXT000435,external relative,back,back,True
FRCLTEXT000436_front,external intrinsic,left,left,True
FRCLTEXT000436_left,external intrinsic,back,back,True
FRCLTEXT000436_back,external intrinsic,right,right,True
FRCLTEXT000436_right,external intrinsic,front,front,True
FRCLTEXT000437,external relative,left,left,True
FRCLTEXT000438_front,internal intrinsic,back,front,False
FRCLTEXT000438_left,internal intrinsic,right,right,True
FRCLTEXT000438_back,internal intrinsic,front,back,False
FRCLTEXT000438_right,internal intrinsic,left,left,True
FRCLTEXT000439,external relative,left,left,True
FRCLTEXT000440,external relative,right,right,True
FRCLTEXT000441_front,external relative,front,front,True
FRCLTEXT000441_left,external relative,front,front,True
FRCLTEXT000441_back,external relative,front,front,True
FRCLTEXT000441_right,external relative,front,front,True
FRCLTEXT000442_front,external intrinsic,left,front,False
FRCLTEXT000442_left,external intrinsic,back,back,True
FRCLTEXT000442_back,external intrinsic,right,right,True
FRCLTEXT000442_right,external intrinsic,front,front,True
FRCLTEXT000443_front,external relative,right,right,True
FRCLTEXT000443_left,external relative,right,right,True
FRCLTEXT000443_back,external relative,right,right,True
FRCLTEXT000443_right,external relative,right,right,True
FRCLTEXT000444_front,internal relative,left,left,True
FRCLTEXT000444_left,internal relative,left,left,True
FRCLTEXT000444_back,internal relative,left,right,False
FRCLTEXT000444_right,internal relative,left,left,True
FRCLTEXT000445_front,external intrinsic,front,front,True
FRCLTEXT000445_left,external intrinsic,left,left,True
FRCLTEXT000445_back,external intrinsic,back,back,True
FRCLTEXT000445_right,external intrinsic,right,right,True
FRCLTEXT000446_front,external intrinsic,left,left,True
FRCLTEXT000446_left,external intrinsic,back,back,True
FRCLTEXT000446_back,external intrinsic,right,right,True
FRCLTEXT000446_right,external intrinsic,front,front,True
FRCLTEXT000447_front,external relative,left,left,True
FRCLTEXT000447_left,external relative,left,left,True
FRCLTEXT000447_back,external relative,left,left,True
FRCLTEXT000447_right,external relative,left,left,True
FRCLTEXT000448_front,external intrinsic,front,front,True
FRCLTEXT000448_left,external intrinsic,left,left,True
FRCLTEXT000448_back,external intrinsic,back,back,True
FRCLTEXT000448_right,external intrinsic,right,right,True
FRCLTEXT000449,internal relative,front,front,True
FRCLTEXT000450,external relative,right,right,True
FRCLTEXT000451_front,external intrinsic,right,right,True
FRCLTEXT000451_left,external intrinsic,front,front,True
FRCLTEXT000451_back,external intrinsic,left,left,True
FRCLTEXT000451_right,external intrinsic,back,back,True
FRCLTEXT000452_front,external relative,right,right,True
FRCLTEXT000452_left,external relative,right,right,True
FRCLTEXT000452_back,external relative,right,right,True
FRCLTEXT000452_right,external relative,right,right,True
FRCLTEXT000453_front,external relative,right,right,True
FRCLTEXT000453_left,external relative,right,right,True
FRCLTEXT000453_back,external relative,right,right,True
FRCLTEXT000453_right,external relative,right,right,True
FRCLTEXT000454_front,internal intrinsic,back,back,True
FRCLTEXT000454_left,internal intrinsic,right,back,False
FRCLTEXT000454_back,internal intrinsic,front,front,True
FRCLTEXT000454_right,internal intrinsic,left,left,True
FRCLTEXT000455_front,external relative,right,right,True
FRCLTEXT000455_left,external relative,right,right,True
FRCLTEXT000455_back,external relative,right,right,True
FRCLTEXT000455_right,external relative,right,right,True
FRCLTEXT000456,external relative,left,left,True
FRCLTEXT000457_front,internal intrinsic,back,front,False
FRCLTEXT000457_left,internal intrinsic,right,back,False
FRCLTEXT000457_back,internal intrinsic,front,front,True
FRCLTEXT000457_right,internal intrinsic,left,left,True
FRCLTEXT000458,external relative,back,back,True
FRCLTEXT000459_front,internal relative,back,back,True
FRCLTEXT000459_left,internal relative,back,back,True
FRCLTEXT000459_back,internal relative,back,back,True
FRCLTEXT000459_right,internal relative,back,back,True
FRCLTEXT000460_front,external relative,back,front,False
FRCLTEXT000460_left,external relative,back,back,True
FRCLTEXT000460_back,external relative,back,front,False
FRCLTEXT000460_right,external relative,back,back,True
FRCLTEXT000461,external relative,left,left,True
FRCLTEXT000462_front,external relative,right,right,True
FRCLTEXT000462_left,external relative,right,right,True
FRCLTEXT000462_back,external relative,right,right,True
FRCLTEXT000462_right,external relative,right,right,True
FRCLTEXT000463_front,internal intrinsic,right,right,True
FRCLTEXT000463_left,internal intrinsic,front,front,True
FRCLTEXT000463_back,internal intrinsic,left,left,True
FRCLTEXT000463_right,internal intrinsic,back,back,True
FRCLTEXT000464,external relative,right,right,True
FRCLTEXT000465,external relative,left,left,True
FRCLTEXT000466_front,external relative,left,left,True
FRCLTEXT000466_left,external relative,left,left,True
FRCLTEXT000466_back,external relative,left,left,True
FRCLTEXT000466_right,external relative,left,left,True
FRCLTEXT000467_front,external relative,back,back,True
FRCLTEXT000467_left,external relative,back,right,False
FRCLTEXT000467_back,external relative,back,right,False
FRCLTEXT000467_right,external relative,back,back,True
FRCLTEXT000468_front,external intrinsic,left,left,True
FRCLTEXT000468_left,external intrinsic,back,back,True
FRCLTEXT000468_back,external intrinsic,right,right,True
FRCLTEXT000468_right,external intrinsic,front,front,True
FRCLTEXT000469_front,external intrinsic,back,back,True
FRCLTEXT000469_left,external intrinsic,right,right,True
FRCLTEXT000469_back,external intrinsic,front,front,True
FRCLTEXT000469_right,external intrinsic,left,left,True
FRCLTEXT000470,external relative,back,back,True
FRCLTEXT000471_front,external relative,left,left,True
FRCLTEXT000471_left,external relative,left,left,True
FRCLTEXT000471_back,external relative,left,left,True
FRCLTEXT000471_right,external relative,left,left,True
FRCLTEXT000472_front,external intrinsic,back,back,True
FRCLTEXT000472_left,external intrinsic,right,right,True
FRCLTEXT000472_back,external intrinsic,front,front,True
FRCLTEXT000472_right,external intrinsic,left,left,True
FRCLTEXT000473_front,external relative,left,right,False
FRCLTEXT000473_left,external relative,left,left,True
FRCLTEXT000473_back,external relative,left,left,True
FRCLTEXT000473_right,external relative,left,left,True
FRCLTEXT000474_front,external intrinsic,front,front,True
FRCLTEXT000474_left,external intrinsic,left,left,True
FRCLTEXT000474_back,external intrinsic,back,back,True
FRCLTEXT000474_right,external intrinsic,right,right,True
FRCLTEXT000475_front,external relative,front,front,True
FRCLTEXT000475_left,external relative,front,front,True
FRCLTEXT000475_back,external relative,front,front,True
FRCLTEXT000475_right,external relative,front,front,True
FRCLTEXT000476_front,external intrinsic,right,right,True
FRCLTEXT000476_left,external intrinsic,front,front,True
FRCLTEXT000476_back,external intrinsic,left,left,True
FRCLTEXT000476_right,external intrinsic,back,back,True
FRCLTEXT000477,external relative,right,right,True
FRCLTEXT000478_front,external relative,right,right,True
FRCLTEXT000478_left,external relative,right,right,True
FRCLTEXT000478_back,external relative,right,right,True
FRCLTEXT000478_right,external relative,right,right,True
FRCLTEXT000479,external relative,right,right,True
FRCLTEXT000480_front,internal intrinsic,right,right,True
FRCLTEXT000480_left,internal intrinsic,front,back,False
FRCLTEXT000480_back,internal intrinsic,left,left,True
FRCLTEXT000480_right,internal intrinsic,back,back,True
FRCLTEXT000481,external relative,back,back,True
FRCLTEXT000482_front,external relative,back,back,True
FRCLTEXT000482_left,external relative,back,back,True
FRCLTEXT000482_back,external relative,back,back,True
FRCLTEXT000482_right,external relative,back,back,True
FRCLTEXT000483_front,external relative,right,right,True
FRCLTEXT000483_left,external relative,right,right,True
FRCLTEXT000483_back,external relative,right,right,True
FRCLTEXT000483_right,external relative,right,right,True
FRCLTEXT000484,external relative,front,front,True
FRCLTEXT000485_front,external intrinsic,front,front,True
FRCLTEXT000485_left,external intrinsic,left,left,True
FRCLTEXT000485_back,external intrinsic,back,front,False
FRCLTEXT000485_right,external intrinsic,right,right,True
FRCLTEXT000486_front,external relative,left,left,True
FRCLTEXT000486_left,external relative,left,left,True
FRCLTEXT000486_back,external relative,left,left,True
FRCLTEXT000486_right,external relative,left,left,True
FRCLTEXT000487_front,external relative,left,left,True
FRCLTEXT000487_left,external relative,left,left,True
FRCLTEXT000487_back,external relative,left,left,True
FRCLTEXT000487_right,external relative,left,left,True
FRCLTEXT000488_front,external intrinsic,left,left,True
FRCLTEXT000488_left,external intrinsic,back,back,True
FRCLTEXT000488_back,external intrinsic,right,right,True
FRCLTEXT000488_right,external intrinsic,front,front,True
FRCLTEXT000489_front,external relative,right,right,True
FRCLTEXT000489_left,external relative,right,right,True
FRCLTEXT000489_back,external relative,right,right,True
FRCLTEXT000489_right,external relative,right,right,True
FRCLTEXT000490_front,external relative,front,front,True
FRCLTEXT000490_left,external relative,front,front,True
FRCLTEXT000490_back,external relative,front,front,True
FRCLTEXT000490_right,external relative,front,front,True
FRCLTEXT000491_front,external intrinsic,right,right,True
FRCLTEXT000491_left,external intrinsic,front,front,True
FRCLTEXT000491_back,external intrinsic,left,left,True
FRCLTEXT000491_right,external intrinsic,back,back,True
FRCLTEXT000492,external relative,back,back,True
FRCLTEXT000493_front,external relative,back,back,True
FRCLTEXT000493_left,external relative,back,back,True
FRCLTEXT000493_back,external relative,back,back,True
FRCLTEXT000493_right,external relative,back,back,True
FRCLTEXT000494_front,external relative,left,left,True
FRCLTEXT000494_left,external relative,left,left,True
FRCLTEXT000494_back,external relative,left,left,True
FRCLTEXT000494_right,external relative,left,left,True
FRCLTEXT000495_front,external intrinsic,back,back,True
FRCLTEXT000495_left,external intrinsic,right,right,True
FRCLTEXT000495_back,external intrinsic,front,front,True
FRCLTEXT000495_right,external intrinsic,left,left,True
FRCLTEXT000496,external relative,front,front,True
FRCLTEXT000497,external relative,back,back,True
FRCLTEXT000498_front,external relative,back,back,True
FRCLTEXT000498_left,external relative,back,back,True
FRCLTEXT000498_back,external relative,back,right,False
FRCLTEXT000498_right,external relative,back,back,True
FRCLTEXT000499_front,external relative,back,right,False
FRCLTEXT000499_left,external relative,back,back,True
FRCLTEXT000499_back,external relative,back,back,True
FRCLTEXT000499_right,external relative,back,right,False
FRCLTEXT000500,external relative,front,front,True
FRCLTEXT000501,internal relative,back,back,True
FRCLTEXT000502,internal relative,back,back,True
FRCLTEXT000503,internal relative,left,left,True
FRCLTEXT000504_front,internal intrinsic,front,front,True
FRCLTEXT000504_left,internal intrinsic,left,back,False
FRCLTEXT000504_back,internal intrinsic,back,back,True
FRCLTEXT000504_right,internal intrinsic,right,right,True
FRCLTEXT000505,external relative,left,left,True
FRCLTEXT000506_front,external relative,front,front,True
FRCLTEXT000506_left,external relative,front,front,True
FRCLTEXT000506_back,external relative,front,front,True
FRCLTEXT000506_right,external relative,front,front,True
FRCLTEXT000507,internal relative,left,left,True
FRCLTEXT000508_front,external relative,right,right,True
FRCLTEXT000508_left,external relative,right,right,True
FRCLTEXT000508_back,external relative,right,right,True
FRCLTEXT000508_right,external relative,right,right,True
FRCLTEXT000509,external relative,front,front,True
FRCLTEXT000510_front,external intrinsic,right,right,True
FRCLTEXT000510_left,external intrinsic,front,back,False
FRCLTEXT000510_back,external intrinsic,left,left,True
FRCLTEXT000510_right,external intrinsic,back,back,True
FRCLTEXT000511_front,external intrinsic,left,left,True
FRCLTEXT000511_left,external intrinsic,back,back,True
FRCLTEXT000511_back,external intrinsic,right,right,True
FRCLTEXT000511_right,external intrinsic,front,front,True
FRCLTEXT000512_front,external relative,right,right,True
FRCLTEXT000512_left,external relative,right,right,True
FRCLTEXT000512_back,external relative,right,right,True
FRCLTEXT000512_right,external relative,right,right,True
FRCLTEXT000513_front,external intrinsic,right,right,True
FRCLTEXT000513_left,external intrinsic,front,front,True
FRCLTEXT000513_back,external intrinsic,left,left,True
FRCLTEXT000513_right,external intrinsic,back,back,True
FRCLTEXT000514_front,external intrinsic,right,right,True
FRCLTEXT000514_left,external intrinsic,front,front,True
FRCLTEXT000514_back,external intrinsic,left,left,True
FRCLTEXT000514_right,external intrinsic,back,back,True
FRCLTEXT000515,external relative,left,left,True
FRCLTEXT000516,external relative,left,left,True
FRCLTEXT000517,external relative,right,right,True
FRCLTEXT000518_front,external intrinsic,right,right,True
FRCLTEXT000518_left,external intrinsic,front,front,True
FRCLTEXT000518_back,external intrinsic,left,left,True
FRCLTEXT000518_right,external intrinsic,back,back,True
FRCLTEXT000519,external relative,back,back,True
FRCLTEXT000520_front,external intrinsic,left,left,True
FRCLTEXT000520_left,external intrinsic,back,back,True
FRCLTEXT000520_back,external intrinsic,right,right,True
FRCLTEXT000520_right,external intrinsic,front,front,True
FRCLTEXT000521_front,external relative,front,front,True
FRCLTEXT000521_left,external relative,front,front,True
FRCLTEXT000521_back,external relative,front,front,True
FRCLTEXT000521_right,external relative,front,front,True
FRCLTEXT000522_front,external relative,front,front,True
FRCLTEXT000522_left,external relative,front,front,True
FRCLTEXT000522_back,external relative,front,front,True
FRCLTEXT000522_right,external relative,front,front,True
FRCLTEXT000523_front,external intrinsic,front,front,True
FRCLTEXT000523_left,external intrinsic,left,left,True
FRCLTEXT000523_back,external intrinsic,back,back,True
FRCLTEXT000523_right,external intrinsic,right,right,True
FRCLTEXT000524_front,external intrinsic,left,left,True
FRCLTEXT000524_left,external intrinsic,back,back,True
FRCLTEXT000524_back,external intrinsic,right,right,True
FRCLTEXT000524_right,external intrinsic,front,back,False
FRCLTEXT000525_front,internal intrinsic,left,left,True
FRCLTEXT000525_left,internal intrinsic,back,back,True
FRCLTEXT000525_back,internal intrinsic,right,right,True
FRCLTEXT000525_right,internal intrinsic,front,front,True
FRCLTEXT000526_front,external relative,left,left,True
FRCLTEXT000526_left,external relative,left,left,True
FRCLTEXT000526_back,external relative,left,left,True
FRCLTEXT000526_right,external relative,left,left,True
FRCLTEXT000527,external relative,left,left,True
FRCLTEXT000528_front,internal relative,back,back,True
FRCLTEXT000528_left,internal relative,back,back,True
FRCLTEXT000528_back,internal relative,back,back,True
FRCLTEXT000528_right,internal relative,back,back,True
FRCLTEXT000529,external relative,front,front,True
FRCLTEXT000530,internal relative,front,front,True
FRCLTEXT000531_front,external relative,left,left,True
FRCLTEXT000531_left,external relative,left,left,True
FRCLTEXT000531_back,external relative,left,left,True
FRCLTEXT000531_right,external relative,left,left,True
FRCLTEXT000532_front,external intrinsic,left,left,True
FRCLTEXT000532_left,external intrinsic,back,back,True
FRCLTEXT000532_back,external intrinsic,right,right,True
FRCLTEXT000532_right,external intrinsic,front,front,True
FRCLTEXT000533_front,external relative,front,front,True
FRCLTEXT000533_left,external relative,front,front,True
FRCLTEXT000533_back,external relative,front,front,True
FRCLTEXT000533_right,external relative,front,front,True
FRCLTEXT000534_front,external relative,right,right,True
FRCLTEXT000534_left,external relative,right,right,True
FRCLTEXT000534_back,external relative,right,right,True
FRCLTEXT000534_right,external relative,right,right,True
FRCLTEXT000535_front,external relative,front,front,True
FRCLTEXT000535_left,external relative,front,front,True
FRCLTEXT000535_back,external relative,front,front,True
FRCLTEXT000535_right,external relative,front,front,True
FRCLTEXT000536,internal relative,left,left,True
FRCLTEXT000537_front,external intrinsic,right,right,True
FRCLTEXT000537_left,external intrinsic,front,front,True
FRCLTEXT000537_back,external intrinsic,left,left,True
FRCLTEXT000537_right,external intrinsic,back,back,True
FRCLTEXT000538,internal relative,back,back,True
FRCLTEXT000539_front,external relative,back,back,True
FRCLTEXT000539_left,external relative,back,back,True
FRCLTEXT000539_back,external relative,back,back,True
FRCLTEXT000539_right,external relative,back,back,True
FRCLTEXT000540,external relative,front,front,True
FRCLTEXT000541_front,external relative,left,left,True
FRCLTEXT000541_left,external relative,left,left,True
FRCLTEXT000541_back,external relative,left,left,True
FRCLTEXT000541_right,external relative,left,right,False
FRCLTEXT000542,internal relative,right,right,True
FRCLTEXT000543_front,external intrinsic,front,front,True
FRCLTEXT000543_left,external intrinsic,left,left,True
FRCLTEXT000543_back,external intrinsic,back,back,True
FRCLTEXT000543_right,external intrinsic,right,right,True
FRCLTEXT000544_front,internal relative,back,back,True
FRCLTEXT000544_left,internal relative,back,back,True
FRCLTEXT000544_back,internal relative,back,back,True
FRCLTEXT000544_right,internal relative,back,back,True
FRCLTEXT000545_front,external relative,back,right,False
FRCLTEXT000545_left,external relative,back,back,True
FRCLTEXT000545_back,external relative,back,back,True
FRCLTEXT000545_right,external relative,back,back,True
FRCLTEXT000546_front,external relative,front,front,True
FRCLTEXT000546_left,external relative,front,front,True
FRCLTEXT000546_back,external relative,front,front,True
FRCLTEXT000546_right,external relative,front,front,True
FRCLTEXT000547_front,external intrinsic,back,back,True
FRCLTEXT000547_left,external intrinsic,right,right,True
FRCLTEXT000547_back,external intrinsic,front,front,True
FRCLTEXT000547_right,external intrinsic,left,left,True
FRCLTEXT000548_front,external intrinsic,left,left,True
FRCLTEXT000548_left,external intrinsic,back,back,True
FRCLTEXT000548_back,external intrinsic,right,right,True
FRCLTEXT000548_right,external intrinsic,front,front,True
FRCLTEXT000549_front,external relative,front,right,False
FRCLTEXT000549_left,external relative,front,front,True
FRCLTEXT000549_back,external relative,front,front,True
FRCLTEXT000549_right,external relative,front,front,True
FRCLTEXT000550,external relative,right,right,True
FRCLTEXT000551_front,external relative,left,left,True
FRCLTEXT000551_left,external relative,left,left,True
FRCLTEXT000551_back,external relative,left,left,True
FRCLTEXT000551_right,external relative,left,left,True
FRCLTEXT000552_front,external relative,back,back,True
FRCLTEXT000552_left,external relative,back,back,True
FRCLTEXT000552_back,external relative,back,right,False
FRCLTEXT000552_right,external relative,back,back,True
FRCLTEXT000553,external relative,right,right,True
FRCLTEXT000554,internal relative,left,left,True
FRCLTEXT000555_front,external relative,back,back,True
FRCLTEXT000555_left,external relative,back,back,True
FRCLTEXT000555_back,external relative,back,right,False
FRCLTEXT000555_right,external relative,back,right,False
FRCLTEXT000556_front,external intrinsic,right,right,True
FRCLTEXT000556_left,external intrinsic,front,back,False
FRCLTEXT000556_back,external intrinsic,left,left,True
FRCLTEXT000556_right,external intrinsic,back,back,True
FRCLTEXT000557_front,external intrinsic,back,back,True
FRCLTEXT000557_left,external intrinsic,right,right,True
FRCLTEXT000557_back,external intrinsic,front,front,True
FRCLTEXT000557_right,external intrinsic,left,left,True
FRCLTEXT000558_front,external relative,front,front,True
FRCLTEXT000558_left,external relative,front,front,True
FRCLTEXT000558_back,external relative,front,right,False
FRCLTEXT000558_right,external relative,front,front,True
FRCLTEXT000559_front,external relative,back,back,True
FRCLTEXT000559_left,external relative,back,back,True
FRCLTEXT000559_back,external relative,back,front,False
FRCLTEXT000559_right,external relative,back,back,True
FRCLTEXT000560_front,external relative,front,front,True
FRCLTEXT000560_left,external relative,front,front,True
FRCLTEXT000560_back,external relative,front,front,True
FRCLTEXT000560_right,external relative,front,front,True
FRCLTEXT000561,external relative,left,left,True
FRCLTEXT000562_front,external relative,right,right,True
FRCLTEXT000562_left,external relative,right,right,True
FRCLTEXT000562_back,external relative,right,right,True
FRCLTEXT000562_right,external relative,right,right,True
FRCLTEXT000563,external relative,front,front,True
FRCLTEXT000564_front,external intrinsic,back,back,True
FRCLTEXT000564_left,external intrinsic,right,right,True
FRCLTEXT000564_back,external intrinsic,front,front,True
FRCLTEXT000564_right,external intrinsic,left,left,True
FRCLTEXT000565_front,external relative,back,back,True
FRCLTEXT000565_left,external relative,back,back,True
FRCLTEXT000565_back,external relative,back,back,True
FRCLTEXT000565_right,external relative,back,back,True
FRCLTEXT000566_front,external relative,back,back,True
FRCLTEXT000566_left,external relative,back,right,False
FRCLTEXT000566_back,external relative,back,back,True
FRCLTEXT000566_right,external relative,back,back,True
FRCLTEXT000567_front,external intrinsic,back,back,True
FRCLTEXT000567_left,external intrinsic,right,right,True
FRCLTEXT000567_back,external intrinsic,front,front,True
FRCLTEXT000567_right,external intrinsic,left,back,False
FRCLTEXT000568,external relative,front,front,True
FRCLTEXT000569_front,external intrinsic,right,right,True
FRCLTEXT000569_left,external intrinsic,front,front,True
FRCLTEXT000569_back,external intrinsic,left,left,True
FRCLTEXT000569_right,external intrinsic,back,back,True
FRCLTEXT000570,external relative,left,left,True
FRCLTEXT000571,external relative,left,left,True
FRCLTEXT000572_front,external relative,front,front,True
FRCLTEXT000572_left,external relative,front,front,True
FRCLTEXT000572_back,external relative,front,front,True
FRCLTEXT000572_right,external relative,front,front,True
FRCLTEXT000573_front,external relative,left,left,True
FRCLTEXT000573_left,external relative,left,left,True
FRCLTEXT000573_back,external relative,left,left,True
FRCLTEXT000573_right,external relative,left,left,True
FRCLTEXT000574_front,external relative,back,front,False
FRCLTEXT000574_left,external relative,back,back,True
FRCLTEXT000574_back,external relative,back,back,True
FRCLTEXT000574_right,external relative,back,right,False
FRCLTEXT000575_front,external intrinsic,back,back,True
FRCLTEXT000575_left,external intrinsic,right,right,True
FRCLTEXT000575_back,external intrinsic,front,front,True
FRCLTEXT000575_right,external intrinsic,left,left,True
FRCLTEXT000576_front,external intrinsic,right,front,False
FRCLTEXT000576_left,external intrinsic,front,front,True
FRCLTEXT000576_back,external intrinsic,left,left,True
FRCLTEXT000576_right,external intrinsic,back,back,True
FRCLTEXT000577,external relative,front,front,True
FRCLTEXT000578_front,external intrinsic,left,left,True
FRCLTEXT000578_left,external intrinsic,back,back,True
FRCLTEXT000578_back,external intrinsic,right,right,True
FRCLTEXT000578_right,external intrinsic,front,back,False
FRCLTEXT000579_front,external relative,back,back,True
FRCLTEXT000579_left,external relative,back,back,True
FRCLTEXT000579_back,external relative,back,back,True
FRCLTEXT000579_right,external relative,back,back,True
FRCLTEXT000580_front,external relative,back,front,False
FRCLTEXT000580_left,external relative,back,back,True
FRCLTEXT000580_back,external relative,back,front,False
FRCLTEXT000580_right,external relative,back,right,False
FRCLTEXT000581_front,external relative,front,front,True
FRCLTEXT000581_left,external relative,front,front,True
FRCLTEXT000581_back,external relative,front,front,True
FRCLTEXT000581_right,external relative,front,front,True
FRCLTEXT000582,external relative,left,left,True
FRCLTEXT000583_front,external intrinsic,front,front,True
FRCLTEXT000583_left,external intrinsic,left,left,True
FRCLTEXT000583_back,external intrinsic,back,back,True
FRCLTEXT000583_right,external intrinsic,right,right,True
FRCLTEXT000584,internal relative,right,right,True
FRCLTEXT000585_front,external intrinsic,right,right,True
FRCLTEXT000585_left,external intrinsic,front,front,True
FRCLTEXT000585_back,external intrinsic,left,left,True
FRCLTEXT000585_right,external intrinsic,back,back,True
FRCLTEXT000586_front,external relative,back,back,True
FRCLTEXT000586_left,external relative,back,back,True
FRCLTEXT000586_back,external relative,back,back,True
FRCLTEXT000586_right,external relative,back,front,False
FRCLTEXT000587_front,external intrinsic,front,front,True
FRCLTEXT000587_left,external intrinsic,left,left,True
FRCLTEXT000587_back,external intrinsic,back,back,True
FRCLTEXT000587_right,external intrinsic,right,right,True
FRCLTEXT000588_front,external intrinsic,front,front,True
FRCLTEXT000588_left,external intrinsic,left,left,True
FRCLTEXT000588_back,external intrinsic,back,back,True
FRCLTEXT000588_right,external intrinsic,right,right,True
FRCLTEXT000589_front,external intrinsic,left,left,True
FRCLTEXT000589_left,external intrinsic,back,back,True
FRCLTEXT000589_back,external intrinsic,right,right,True
FRCLTEXT000589_right,external intrinsic,front,front,True
FRCLTEXT000590_front,external intrinsic,back,back,True
FRCLTEXT000590_left,external intrinsic,right,right,True
FRCLTEXT000590_back,external intrinsic,front,front,True
FRCLTEXT000590_right,external intrinsic,left,left,True
FRCLTEXT000591_front,external intrinsic,right,front,False
FRCLTEXT000591_left,external intrinsic,front,front,True
FRCLTEXT000591_back,external intrinsic,left,left,True
FRCLTEXT000591_right,external intrinsic,back,back,True
FRCLTEXT000592_front,external intrinsic,back,back,True
FRCLTEXT000592_left,external intrinsic,right,right,True
FRCLTEXT000592_back,external intrinsic,front,front,True
FRCLTEXT000592_right,external intrinsic,left,left,True
FRCLTEXT000593,internal relative,front,front,True
FRCLTEXT000594,external relative,right,right,True
FRCLTEXT000595_front,external intrinsic,left,left,True
FRCLTEXT000595_left,external intrinsic,back,back,True
FRCLTEXT000595_back,external intrinsic,right,right,True
FRCLTEXT000595_right,external intrinsic,front,front,True
FRCLTEXT000596,external relative,back,back,True
FRCLTEXT000597_front,external relative,left,left,True
FRCLTEXT000597_left,external relative,left,left,True
FRCLTEXT000597_back,external relative,left,front,False
FRCLTEXT000597_right,external relative,left,left,True
FRCLTEXT000598,external relative,left,left,True
FRCLTEXT000599_front,external intrinsic,back,back,True
FRCLTEXT000599_left,external intrinsic,right,right,True
FRCLTEXT000599_back,external intrinsic,front,front,True
FRCLTEXT000599_right,external intrinsic,left,left,True
FRCLTEXT000600,internal relative,left,left,True
FRCLTEXT000601_front,external intrinsic,front,front,True
FRCLTEXT000601_left,external intrinsic,left,left,True
FRCLTEXT000601_back,external intrinsic,back,back,True
FRCLTEXT000601_right,external intrinsic,right,right,True
FRCLTEXT000602_front,internal intrinsic,front,front,True
FRCLTEXT000602_left,internal intrinsic,left,left,True
FRCLTEXT000602_back,internal intrinsic,back,front,False
FRCLTEXT000602_right,internal intrinsic,right,back,False
FRCLTEXT000603_front,external intrinsic,left,left,True
FRCLTEXT000603_left,external intrinsic,back,back,True
FRCLTEXT000603_back,external intrinsic,right,right,True
FRCLTEXT000603_right,external intrinsic,front,front,True
FRCLTEXT000604,external relative,back,back,True
FRCLTEXT000605_front,external relative,front,front,True
FRCLTEXT000605_left,external relative,front,front,True
FRCLTEXT000605_back,external relative,front,front,True
FRCLTEXT000605_right,external relative,front,front,True
FRCLTEXT000606,internal relative,back,back,True
FRCLTEXT000607_front,external relative,back,back,True
FRCLTEXT000607_left,external relative,back,back,True
FRCLTEXT000607_back,external relative,back,back,True
FRCLTEXT000607_right,external relative,back,back,True
FRCLTEXT000608_front,internal relative,front,front,True
FRCLTEXT000608_left,internal relative,front,front,True
FRCLTEXT000608_back,internal relative,front,front,True
FRCLTEXT000608_right,internal relative,front,front,True
FRCLTEXT000609,external relative,right,right,True
FRCLTEXT000610_front,external intrinsic,front,front,True
FRCLTEXT000610_left,external intrinsic,left,left,True
FRCLTEXT000610_back,external intrinsic,back,back,True
FRCLTEXT000610_right,external intrinsic,right,right,True
FRCLTEXT000611_front,external intrinsic,back,back,True
FRCLTEXT000611_left,external intrinsic,right,right,True
FRCLTEXT000611_back,external intrinsic,front,front,True
FRCLTEXT000611_right,external intrinsic,left,left,True
FRCLTEXT000612_front,external intrinsic,back,back,True
FRCLTEXT000612_left,external intrinsic,right,right,True
FRCLTEXT000612_back,external intrinsic,front,front,True
FRCLTEXT000612_right,external intrinsic,left,left,True
FRCLTEXT000613_front,external intrinsic,left,left,True
FRCLTEXT000613_left,external intrinsic,back,back,True
FRCLTEXT000613_back,external intrinsic,right,right,True
FRCLTEXT000613_right,external intrinsic,front,front,True
FRCLTEXT000614,internal relative,front,front,True
FRCLTEXT000615_front,external intrinsic,front,front,True
FRCLTEXT000615_left,external intrinsic,left,left,True
FRCLTEXT000615_back,external intrinsic,back,back,True
FRCLTEXT000615_right,external intrinsic,right,right,True
FRCLTEXT000616_front,external intrinsic,back,back,True
FRCLTEXT000616_left,external intrinsic,right,right,True
FRCLTEXT000616_back,external intrinsic,front,front,True
FRCLTEXT000616_right,external intrinsic,left,back,False
FRCLTEXT000617_front,external intrinsic,back,back,True
FRCLTEXT000617_left,external intrinsic,right,back,False
FRCLTEXT000617_back,external intrinsic,front,front,True
FRCLTEXT000617_right,external intrinsic,left,left,True
FRCLTEXT000618_front,external intrinsic,left,left,True
FRCLTEXT000618_left,external intrinsic,back,back,True
FRCLTEXT000618_back,external intrinsic,right,right,True
FRCLTEXT000618_right,external intrinsic,front,front,True
FRCLTEXT000619_front,external relative,right,right,True
FRCLTEXT000619_left,external relative,right,right,True
FRCLTEXT000619_back,external relative,right,right,True
FRCLTEXT000619_right,external relative,right,right,True
FRCLTEXT000620,external relative,back,back,True
FRCLTEXT000621_front,external intrinsic,back,front,False
FRCLTEXT000621_left,external intrinsic,right,right,True
FRCLTEXT000621_back,external intrinsic,front,front,True
FRCLTEXT000621_right,external intrinsic,left,left,True
FRCLTEXT000622_front,external intrinsic,front,front,True
FRCLTEXT000622_left,external intrinsic,left,left,True
FRCLTEXT000622_back,external intrinsic,back,back,True
FRCLTEXT000622_right,external intrinsic,right,right,True
FRCLTEXT000623_front,internal relative,back,back,True
FRCLTEXT000623_left,internal relative,back,back,True
FRCLTEXT000623_back,internal relative,back,back,True
FRCLTEXT000623_right,internal relative,back,back,True
FRCLTEXT000624_front,external relative,right,right,True
FRCLTEXT000624_left,external relative,right,right,True
FRCLTEXT000624_back,external relative,right,right,True
FRCLTEXT000624_right,external relative,right,right,True
FRCLTEXT000625_front,external intrinsic,left,left,True
FRCLTEXT000625_left,external intrinsic,back,back,True
FRCLTEXT000625_back,external intrinsic,right,right,True
FRCLTEXT000625_right,external intrinsic,front,front,True
FRCLTEXT000626_front,external intrinsic,front,front,True
FRCLTEXT000626_left,external intrinsic,left,left,True
FRCLTEXT000626_back,external intrinsic,back,back,True
FRCLTEXT000626_right,external intrinsic,right,right,True
FRCLTEXT000627,external relative,left,left,True
FRCLTEXT000628_front,external intrinsic,back,back,True
FRCLTEXT000628_left,external intrinsic,right,right,True
FRCLTEXT000628_back,external intrinsic,front,front,True
FRCLTEXT000628_right,external intrinsic,left,left,True
FRCLTEXT000629_front,external relative,front,front,True
FRCLTEXT000629_left,external relative,front,front,True
FRCLTEXT000629_back,external relative,front,front,True
FRCLTEXT000629_right,external relative,front,right,False
FRCLTEXT000630_front,external intrinsic,back,front,False
FRCLTEXT000630_left,external intrinsic,right,right,True
FRCLTEXT000630_back,external intrinsic,front,back,False
FRCLTEXT000630_right,external intrinsic,left,left,True
FRCLTEXT000631_front,external relative,front,front,True
FRCLTEXT000631_left,external relative,front,front,True
FRCLTEXT000631_back,external relative,front,front,True
FRCLTEXT000631_right,external relative,front,front,True
FRCLTEXT000632_front,external relative,right,right,True
FRCLTEXT000632_left,external relative,right,right,True
FRCLTEXT000632_back,external relative,right,right,True
FRCLTEXT000632_right,external relative,right,right,True
FRCLTEXT000633_front,external relative,left,left,True
FRCLTEXT000633_left,external relative,left,left,True
FRCLTEXT000633_back,external relative,left,left,True
FRCLTEXT000633_right,external relative,left,left,True
FRCLTEXT000634,external relative,right,right,True
FRCLTEXT000635_front,external intrinsic,back,back,True
FRCLTEXT000635_left,external intrinsic,right,right,True
FRCLTEXT000635_back,external intrinsic,front,front,True
FRCLTEXT000635_right,external intrinsic,left,left,True
FRCLTEXT000636_front,external relative,right,right,True
FRCLTEXT000636_left,external relative,right,right,True
FRCLTEXT000636_back,external relative,right,right,True
FRCLTEXT000636_right,external relative,right,right,True
FRCLTEXT000637_front,external relative,front,front,True
FRCLTEXT000637_left,external relative,front,front,True
FRCLTEXT000637_back,external relative,front,front,True
FRCLTEXT000637_right,external relative,front,front,True
FRCLTEXT000638_front,external relative,right,right,True
FRCLTEXT000638_left,external relative,right,right,True
FRCLTEXT000638_back,external relative,right,front,False
FRCLTEXT000638_right,external relative,right,right,True
FRCLTEXT000639_front,external intrinsic,front,front,True
FRCLTEXT000639_left,external intrinsic,left,left,True
FRCLTEXT000639_back,external intrinsic,back,back,True
FRCLTEXT000639_right,external intrinsic,right,back,False
FRCLTEXT000640_front,external relative,right,right,True
FRCLTEXT000640_left,external relative,right,right,True
FRCLTEXT000640_back,external relative,right,right,True
FRCLTEXT000640_right,external relative,right,right,True
FRCLTEXT000641,internal relative,back,back,True
FRCLTEXT000642_front,external relative,front,front,True
FRCLTEXT000642_left,external relative,front,front,True
FRCLTEXT000642_back,external relative,front,front,True
FRCLTEXT000642_right,external relative,front,front,True
FRCLTEXT000643_front,external intrinsic,front,front,True
FRCLTEXT000643_left,external intrinsic,left,left,True
FRCLTEXT000643_back,external intrinsic,back,back,True
FRCLTEXT000643_right,external intrinsic,right,back,False
FRCLTEXT000644_front,external intrinsic,back,back,True
FRCLTEXT000644_left,external intrinsic,right,right,True
FRCLTEXT000644_back,external intrinsic,front,front,True
FRCLTEXT000644_right,external intrinsic,left,left,True
FRCLTEXT000645_front,external relative,back,back,True
FRCLTEXT000645_left,external relative,back,back,True
FRCLTEXT000645_back,external relative,back,back,True
FRCLTEXT000645_right,external relative,back,right,False
FRCLTEXT000646_front,external relative,right,right,True
FRCLTEXT000646_left,external relative,right,right,True
FRCLTEXT000646_back,external relative,right,right,True
FRCLTEXT000646_right,external relative,right,right,True
FRCLTEXT000647_front,external relative,right,right,True
FRCLTEXT000647_left,external relative,right,right,True
FRCLTEXT000647_back,external relative,right,right,True
FRCLTEXT000647_right,external relative,right,right,True
FRCLTEXT000648_front,external relative,left,left,True
FRCLTEXT000648_left,external relative,left,left,True
FRCLTEXT000648_back,external relative,left,left,True
FRCLTEXT000648_right,external relative,left,left,True
FRCLTEXT000649_front,internal intrinsic,left,front,False
FRCLTEXT000649_left,internal intrinsic,back,back,True
FRCLTEXT000649_back,internal intrinsic,right,right,True
FRCLTEXT000649_right,internal intrinsic,front,front,True
FRCLTEXT000650_front,external intrinsic,left,left,True
FRCLTEXT000650_left,external intrinsic,back,back,True
FRCLTEXT000650_back,external intrinsic,right,right,True
FRCLTEXT000650_right,external intrinsic,front,back,False
FRCLTEXT000651_front,external intrinsic,left,left,True
FRCLTEXT000651_left,external intrinsic,back,back,True
FRCLTEXT000651_back,external intrinsic,right,right,True
FRCLTEXT000651_right,external intrinsic,front,front,True
FRCLTEXT000652_front,external relative,back,back,True
FRCLTEXT000652_left,external relative,back,back,True
FRCLTEXT000652_back,external relative,back,back,True
FRCLTEXT000652_right,external relative,back,back,True
FRCLTEXT000653,external relative,left,left,True
FRCLTEXT000654_front,external relative,right,right,True
FRCLTEXT000654_left,external relative,right,right,True
FRCLTEXT000654_back,external relative,right,right,True
FRCLTEXT000654_right,external relative,right,right,True
FRCLTEXT000655_front,external intrinsic,left,left,True
FRCLTEXT000655_left,external intrinsic,back,back,True
FRCLTEXT000655_back,external intrinsic,right,right,True
FRCLTEXT000655_right,external intrinsic,front,front,True
FRCLTEXT000656_front,external intrinsic,back,back,True
FRCLTEXT000656_left,external intrinsic,right,right,True
FRCLTEXT000656_back,external intrinsic,front,front,True
FRCLTEXT000656_right,external intrinsic,left,left,True
FRCLTEXT000657_front,external intrinsic,right,right,True
FRCLTEXT000657_left,external intrinsic,front,front,True
FRCLTEXT000657_back,external intrinsic,left,left,True
FRCLTEXT000657_right,external intrinsic,back,back,True
FRCLTEXT000658_front,external relative,left,left,True
FRCLTEXT000658_left,external relative,left,left,True
FRCLTEXT000658_back,external relative,left,left,True
FRCLTEXT000658_right,external relative,left,left,True
FRCLTEXT000659_front,external relative,back,back,True
FRCLTEXT000659_left,external relative,back,back,True
FRCLTEXT000659_back,external relative,back,back,True
FRCLTEXT000659_right,external relative,back,back,True
FRCLTEXT000660,external relative,front,front,True
FRCLTEXT000661,internal relative,right,right,True
FRCLTEXT000662_front,external relative,back,back,True
FRCLTEXT000662_left,external relative,back,right,False
FRCLTEXT000662_back,external relative,back,back,True
FRCLTEXT000662_right,external relative,back,right,False
FRCLTEXT000663_front,external relative,back,back,True
FRCLTEXT000663_left,external relative,back,back,True
FRCLTEXT000663_back,external relative,back,back,True
FRCLTEXT000663_right,external relative,back,front,False
FRCLTEXT000664_front,external relative,front,right,False
FRCLTEXT000664_left,external relative,front,front,True
FRCLTEXT000664_back,external relative,front,front,True
FRCLTEXT000664_right,external relative,front,right,False
FRCLTEXT000665,external relative,back,back,True
FRCLTEXT000666_front,external intrinsic,front,front,True
FRCLTEXT000666_left,external intrinsic,left,left,True
FRCLTEXT000666_back,external intrinsic,back,back,True
FRCLTEXT000666_right,external intrinsic,right,right,True
FRCLTEXT000667_front,external relative,back,right,False
FRCLTEXT000667_left,external relative,back,back,True
FRCLTEXT000667_back,external relative,back,back,True
FRCLTEXT000667_right,external relative,back,back,True
FRCLTEXT000668_front,external intrinsic,front,front,True
FRCLTEXT000668_left,external intrinsic,left,left,True
FRCLTEXT000668_back,external intrinsic,back,back,True
FRCLTEXT000668_right,external intrinsic,right,right,True
FRCLTEXT000669_front,external intrinsic,left,left,True
FRCLTEXT000669_left,external intrinsic,back,back,True
FRCLTEXT000669_back,external intrinsic,right,right,True
FRCLTEXT000669_right,external intrinsic,front,front,True
FRCLTEXT000670_front,external relative,front,front,True
FRCLTEXT000670_left,external relative,front,right,False
FRCLTEXT000670_back,external relative,front,front,True
FRCLTEXT000670_right,external relative,front,front,True
FRCLTEXT000671_front,external intrinsic,front,front,True
FRCLTEXT000671_left,external intrinsic,left,left,True
FRCLTEXT000671_back,external intrinsic,back,back,True
FRCLTEXT000671_right,external intrinsic,right,right,True
FRCLTEXT000672,external relative,left,left,True
FRCLTEXT000673_front,internal relative,front,right,False
FRCLTEXT000673_left,internal relative,front,front,True
FRCLTEXT000673_back,internal relative,front,front,True
FRCLTEXT000673_right,internal relative,front,front,True
FRCLTEXT000674_front,external relative,right,right,True
FRCLTEXT000674_left,external relative,right,right,True
FRCLTEXT000674_back,external relative,right,right,True
FRCLTEXT000674_right,external relative,right,right,True
FRCLTEXT000675_front,external intrinsic,back,back,True
FRCLTEXT000675_left,external intrinsic,right,right,True
FRCLTEXT000675_back,external intrinsic,front,front,True
FRCLTEXT000675_right,external intrinsic,left,left,True
FRCLTEXT000676_front,external intrinsic,right,right,True
FRCLTEXT000676_left,external intrinsic,front,front,True
FRCLTEXT000676_back,external intrinsic,left,left,True
FRCLTEXT000676_right,external intrinsic,back,back,True
FRCLTEXT000677,external relative,back,back,True
FRCLTEXT000678_front,external intrinsic,right,right,True
FRCLTEXT000678_left,external intrinsic,front,front,True
FRCLTEXT000678_back,external intrinsic,left,left,True
FRCLTEXT000678_right,external intrinsic,back,back,True
FRCLTEXT000679_front,external relative,left,left,True
FRCLTEXT000679_left,external relative,left,left,True
FRCLTEXT000679_back,external relative,left,left,True
FRCLTEXT000679_right,external relative,left,left,True
FRCLTEXT000680_front,external intrinsic,back,front,False
FRCLTEXT000680_left,external intrinsic,right,right,True
FRCLTEXT000680_back,external intrinsic,front,front,True
FRCLTEXT000680_right,external intrinsic,left,left,True
FRCLTEXT000681,external relative,right,right,True
FRCLTEXT000682_front,internal intrinsic,back,back,True
FRCLTEXT000682_left,internal intrinsic,right,right,True
FRCLTEXT000682_back,internal intrinsic,front,front,True
FRCLTEXT000682_right,internal intrinsic,left,left,True
FRCLTEXT000683_front,external relative,front,front,True
FRCLTEXT000683_left,external relative,front,front,True
FRCLTEXT000683_back,external relative,front,front,True
FRCLTEXT000683_right,external relative,front,front,True
FRCLTEXT000684_front,external intrinsic,right,right,True
FRCLTEXT000684_left,external intrinsic,front,front,True
FRCLTEXT000684_back,external intrinsic,left,left,True
FRCLTEXT000684_right,external intrinsic,back,back,True
FRCLTEXT000685,internal relative,front,front,True
FRCLTEXT000686_front,internal relative,back,back,True
FRCLTEXT000686_left,internal relative,back,back,True
FRCLTEXT000686_back,internal relative,back,back,True
FRCLTEXT000686_right,internal relative,back,back,True
FRCLTEXT000687_front,external intrinsic,right,right,True
FRCLTEXT000687_left,external intrinsic,front,front,True
FRCLTEXT000687_back,external intrinsic,left,left,True
FRCLTEXT000687_right,external intrinsic,back,back,True
FRCLTEXT000688_front,internal intrinsic,back,front,False
FRCLTEXT000688_left,internal intrinsic,right,right,True
FRCLTEXT000688_back,internal intrinsic,front,front,True
FRCLTEXT000688_right,internal intrinsic,left,left,True
FRCLTEXT000689,external relative,back,back,True
FRCLTEXT000690_front,external relative,right,right,True
FRCLTEXT000690_left,external relative,right,right,True
FRCLTEXT000690_back,external relative,right,right,True
FRCLTEXT000690_right,external relative,right,right,True
FRCLTEXT000691_front,external intrinsic,left,left,True
FRCLTEXT000691_left,external intrinsic,back,back,True
FRCLTEXT000691_back,external intrinsic,right,right,True
FRCLTEXT000691_right,external intrinsic,front,front,True
FRCLTEXT000692_front,internal intrinsic,back,front,False
FRCLTEXT000692_left,internal intrinsic,right,right,True
FRCLTEXT000692_back,internal intrinsic,front,front,True
FRCLTEXT000692_right,internal intrinsic,left,left,True
FRCLTEXT000693_front,external relative,right,right,True
FRCLTEXT000693_left,external relative,right,right,True
FRCLTEXT000693_back,external relative,right,right,True
FRCLTEXT000693_right,external relative,right,right,True
FRCLTEXT000694,external relative,front,front,True
FRCLTEXT000695,internal relative,front,front,True
FRCLTEXT000696_front,external intrinsic,left,back,False
FRCLTEXT000696_left,external intrinsic,back,back,True
FRCLTEXT000696_back,external intrinsic,right,right,True
FRCLTEXT000696_right,external intrinsic,front,front,True
FRCLTEXT000697,external relative,left,left,True
FRCLTEXT000698_front,external relative,front,front,True
FRCLTEXT000698_left,external relative,front,right,False
FRCLTEXT000698_back,external relative,front,front,True
FRCLTEXT000698_right,external relative,front,front,True
FRCLTEXT000699_front,external intrinsic,left,front,False
FRCLTEXT000699_left,external intrinsic,back,back,True
FRCLTEXT000699_back,external intrinsic,right,right,True
FRCLTEXT000699_right,external intrinsic,front,front,True
FRCLTEXT000700_front,external intrinsic,front,front,True
FRCLTEXT000700_left,external intrinsic,left,left,True
FRCLTEXT000700_back,external intrinsic,back,back,True
FRCLTEXT000700_right,external intrinsic,right,right,True
FRCLTEXT000701_front,internal relative,front,front,True
FRCLTEXT000701_left,internal relative,front,front,True
FRCLTEXT000701_back,internal relative,front,front,True
FRCLTEXT000701_right,internal relative,front,front,True
FRCLTEXT000702_front,external intrinsic,left,front,False
FRCLTEXT000702_left,external intrinsic,back,back,True
FRCLTEXT000702_back,external intrinsic,right,right,True
FRCLTEXT000702_right,external intrinsic,front,front,True
FRCLTEXT000703_front,external relative,back,back,True
FRCLTEXT000703_left,external relative,back,back,True
FRCLTEXT000703_back,external relative,back,back,True
FRCLTEXT000703_right,external relative,back,back,True
FRCLTEXT000704_front,internal relative,front,right,False
FRCLTEXT000704_left,internal relative,front,front,True
FRCLTEXT000704_back,internal relative,front,right,False
FRCLTEXT000704_right,internal relative,front,front,True
FRCLTEXT000705,external relative,back,back,True
FRCLTEXT000706_front,external relative,back,back,True
FRCLTEXT000706_left,external relative,back,back,True
FRCLTEXT000706_back,external relative,back,back,True
FRCLTEXT000706_right,external relative,back,back,True
FRCLTEXT000707_front,external relative,back,back,True
FRCLTEXT000707_left,external relative,back,back,True
FRCLTEXT000707_back,external relative,back,back,True
FRCLTEXT000707_right,external relative,back,right,False
FRCLTEXT000708_front,external intrinsic,back,back,True
FRCLTEXT000708_left,external intrinsic,right,right,True
FRCLTEXT000708_back,external intrinsic,front,front,True
FRCLTEXT000708_right,external intrinsic,left,left,True
FRCLTEXT000709_front,external intrinsic,left,left,True
FRCLTEXT000709_left,external intrinsic,back,back,True
FRCLTEXT000709_back,external intrinsic,right,right,True
FRCLTEXT000709_right,external intrinsic,front,front,True
FRCLTEXT000710_front,internal intrinsic,left,left,True
FRCLTEXT000710_left,internal intrinsic,back,back,True
FRCLTEXT000710_back,internal intrinsic,right,front,False
FRCLTEXT000710_right,internal intrinsic,front,front,True
FRCLTEXT000711,internal relative,right,right,True
FRCLTEXT000712,external relative,front,front,True
FRCLTEXT000713_front,external relative,back,back,True
FRCLTEXT000713_left,external relative,back,back,True
FRCLTEXT000713_back,external relative,back,back,True
FRCLTEXT000713_right,external relative,back,back,True
FRCLTEXT000714_front,external relative,back,back,True
FRCLTEXT000714_left,external relative,back,back,True
FRCLTEXT000714_back,external relative,back,back,True
FRCLTEXT000714_right,external relative,back,back,True
FRCLTEXT000715_front,internal intrinsic,left,left,True
FRCLTEXT000715_left,internal intrinsic,back,back,True
FRCLTEXT000715_back,internal intrinsic,right,right,True
FRCLTEXT000715_right,internal intrinsic,front,front,True
FRCLTEXT000716_front,internal relative,front,front,True
FRCLTEXT000716_left,internal relative,front,front,True
FRCLTEXT000716_back,internal relative,front,front,True
FRCLTEXT000716_right,internal relative,front,front,True
FRCLTEXT000717,external relative,front,front,True
FRCLTEXT000718_front,internal intrinsic,right,right,True
FRCLTEXT000718_left,internal intrinsic,front,front,True
FRCLTEXT000718_back,internal intrinsic,left,left,True
FRCLTEXT000718_right,internal intrinsic,back,back,True
FRCLTEXT000719,external relative,front,front,True
FRCLTEXT000720_front,external intrinsic,front,front,True
FRCLTEXT000720_left,external intrinsic,left,left,True
FRCLTEXT000720_back,external intrinsic,back,front,False
FRCLTEXT000720_right,external intrinsic,right,right,True
FRCLTEXT000721,internal relative,right,right,True
FRCLTEXT000722_front,external relative,back,back,True
FRCLTEXT000722_left,external relative,back,back,True
FRCLTEXT000722_back,external relative,back,front,False
FRCLTEXT000722_right,external relative,back,front,False
FRCLTEXT000723_front,external intrinsic,front,front,True
FRCLTEXT000723_left,external intrinsic,left,left,True
FRCLTEXT000723_back,external intrinsic,back,back,True
FRCLTEXT000723_right,external intrinsic,right,back,False
FRCLTEXT000724_front,external intrinsic,front,front,True
FRCLTEXT000724_left,external intrinsic,left,left,True
FRCLTEXT000724_back,external intrinsic,back,back,True
FRCLTEXT000724_right,external intrinsic,right,right,True
FRCLTEXT000725,external relative,front,front,True
FRCLTEXT000726_front,external intrinsic,right,right,True
FRCLTEXT000726_left,external intrinsic,front,front,True
FRCLTEXT000726_back,external intrinsic,left,left,True
FRCLTEXT000726_right,external intrinsic,back,back,True
FRCLTEXT000727_front,external intrinsic,left,left,True
FRCLTEXT000727_left,external intrinsic,back,back,True
FRCLTEXT000727_back,external intrinsic,right,right,True
FRCLTEXT000727_right,external intrinsic,front,front,True
FRCLTEXT000728_front,external intrinsic,back,back,True
FRCLTEXT000728_left,external intrinsic,right,right,True
FRCLTEXT000728_back,external intrinsic,front,front,True
FRCLTEXT000728_right,external intrinsic,left,left,True
FRCLTEXT000729_front,external intrinsic,front,front,True
FRCLTEXT000729_left,external intrinsic,left,back,False
FRCLTEXT000729_back,external intrinsic,back,back,True
FRCLTEXT000729_right,external intrinsic,right,right,True
FRCLTEXT000730_front,external intrinsic,front,front,True
FRCLTEXT000730_left,external intrinsic,left,left,True
FRCLTEXT000730_back,external intrinsic,back,back,True
FRCLTEXT000730_right,external intrinsic,right,right,True
FRCLTEXT000731_front,external intrinsic,front,front,True
FRCLTEXT000731_left,external intrinsic,left,left,True
FRCLTEXT000731_back,external intrinsic,back,back,True
FRCLTEXT000731_right,external intrinsic,right,right,True
FRCLTEXT000732_front,external intrinsic,back,back,True
FRCLTEXT000732_left,external intrinsic,right,right,True
FRCLTEXT000732_back,external intrinsic,front,front,True
FRCLTEXT000732_right,external intrinsic,left,front,False
FRCLTEXT000733_front,external intrinsic,right,right,True
FRCLTEXT000733_left,external intrinsic,front,back,False
FRCLTEXT000733_back,external intrinsic,left,left,True
FRCLTEXT000733_right,external intrinsic,back,back,True
FRCLTEXT000734_front,external intrinsic,left,left,True
FRCLTEXT000734_left,external intrinsic,back,back,True
FRCLTEXT000734_back,external intrinsic,right,right,True
FRCLTEXT000734_right,external intrinsic,front,front,True
FRCLTEXT000735,internal relative,left,left,True
FRCLTEXT000736_front,external relative,right,right,True
FRCLTEXT000736_left,external relative,right,right,True
FRCLTEXT000736_back,external relative,right,right,True
FRCLTEXT000736_right,external relative,right,right,True
FRCLTEXT000737_front,internal relative,front,front,True
FRCLTEXT000737_left,internal relative,front,front,True
FRCLTEXT000737_back,internal relative,front,front,True
FRCLTEXT000737_right,internal relative,front,front,True
FRCLTEXT000738,external relative,front,front,True
FRCLTEXT000739_front,external intrinsic,left,left,True
FRCLTEXT000739_left,external intrinsic,back,back,True
FRCLTEXT000739_back,external intrinsic,right,right,True
FRCLTEXT000739_right,external intrinsic,front,front,True
FRCLTEXT000740_front,internal intrinsic,back,front,False
FRCLTEXT000740_left,internal intrinsic,right,right,True
FRCLTEXT000740_back,internal intrinsic,front,front,True
FRCLTEXT000740_right,internal intrinsic,left,left,True
FRCLTEXT000741_front,external relative,left,left,True
FRCLTEXT000741_left,external relative,left,left,True
FRCLTEXT000741_back,external relative,left,front,False
FRCLTEXT000741_right,external relative,left,left,True
FRCLTEXT000742_front,external relative,front,front,True
FRCLTEXT000742_left,external relative,front,front,True
FRCLTEXT000742_back,external relative,front,front,True
FRCLTEXT000742_right,external relative,front,front,True
FRCLTEXT000743_front,external relative,back,back,True
FRCLTEXT000743_left,external relative,back,back,True
FRCLTEXT000743_back,external relative,back,back,True
FRCLTEXT000743_right,external relative,back,back,True
FRCLTEXT000744_front,external intrinsic,front,front,True
FRCLTEXT000744_left,external intrinsic,left,left,True
FRCLTEXT000744_back,external intrinsic,back,back,True
FRCLTEXT000744_right,external intrinsic,right,right,True
FRCLTEXT000745_front,external relative,front,front,True
FRCLTEXT000745_left,external relative,front,front,True
FRCLTEXT000745_back,external relative,front,front,True
FRCLTEXT000745_right,external relative,front,front,True
FRCLTEXT000746_front,external intrinsic,left,left,True
FRCLTEXT000746_left,external intrinsic,back,back,True
FRCLTEXT000746_back,external intrinsic,right,right,True
FRCLTEXT000746_right,external intrinsic,front,front,True
FRCLTEXT000747,internal relative,right,right,True
FRCLTEXT000748_front,external relative,left,left,True
FRCLTEXT000748_left,external relative,left,left,True
FRCLTEXT000748_back,external relative,left,left,True
FRCLTEXT000748_right,external relative,left,left,True
FRCLTEXT000749_front,external relative,right,right,True
FRCLTEXT000749_left,external relative,right,right,True
FRCLTEXT000749_back,external relative,right,right,True
FRCLTEXT000749_right,external relative,right,right,True
FRCLTEXT000750_front,external relative,back,back,True
FRCLTEXT000750_left,external relative,back,back,True
FRCLTEXT000750_back,external relative,back,back,True
FRCLTEXT000750_right,external relative,back,back,True
FRCLTEXT000751_front,internal relative,right,right,True
FRCLTEXT000751_left,internal relative,right,right,True
FRCLTEXT000751_back,internal relative,right,right,True
FRCLTEXT000751_right,internal relative,right,right,True
FRCLTEXT000752,external relative,right,right,True
FRCLTEXT000753_front,internal relative,back,back,True
FRCLTEXT000753_left,internal relative,back,back,True
FRCLTEXT000753_back,internal relative,back,back,True
FRCLTEXT000753_right,internal relative,back,back,True
FRCLTEXT000754_front,external relative,left,left,True
FRCLTEXT000754_left,external relative,left,left,True
FRCLTEXT000754_back,external relative,left,left,True
FRCLTEXT000754_right,external relative,left,left,True
FRCLTEXT000755,external relative,right,right,True
FRCLTEXT000756,external relative,left,left,True
FRCLTEXT000757_front,internal intrinsic,right,right,True
FRCLTEXT000757_left,internal intrinsic,front,front,True
FRCLTEXT000757_back,internal intrinsic,left,left,True
FRCLTEXT000757_right,internal intrinsic,back,back,True
FRCLTEXT000758_front,external relative,front,front,True
FRCLTEXT000758_left,external relative,front,front,True
FRCLTEXT000758_back,external relative,front,front,True
FRCLTEXT000758_right,external relative,front,front,True
FRCLTEXT000759_front,external relative,left,left,True
FRCLTEXT000759_left,external relative,left,left,True
FRCLTEXT000759_back,external relative,left,right,False
FRCLTEXT000759_right,external relative,left,left,True
FRCLTEXT000760_front,external intrinsic,back,back,True
FRCLTEXT000760_left,external intrinsic,right,right,True
FRCLTEXT000760_back,external intrinsic,front,front,True
FRCLTEXT000760_right,external intrinsic,left,left,True
FRCLTEXT000761_front,external intrinsic,back,front,False
FRCLTEXT000761_left,external intrinsic,right,right,True
FRCLTEXT000761_back,external intrinsic,front,front,True
FRCLTEXT000761_right,external intrinsic,left,left,True
FRCLTEXT000762_front,external relative,front,front,True
FRCLTEXT000762_left,external relative,front,front,True
FRCLTEXT000762_back,external relative,front,front,True
FRCLTEXT000762_right,external relative,front,front,True
FRCLTEXT000763,internal relative,front,front,True
FRCLTEXT000764,external relative,front,front,True
FRCLTEXT000765,external relative,right,right,True
FRCLTEXT000766_front,external intrinsic,left,left,True
FRCLTEXT000766_left,external intrinsic,back,back,True
FRCLTEXT000766_back,external intrinsic,right,right,True
FRCLTEXT000766_right,external intrinsic,front,front,True
FRCLTEXT000767_front,external intrinsic,left,front,False
FRCLTEXT000767_left,external intrinsic,back,back,True
FRCLTEXT000767_back,external intrinsic,right,right,True
FRCLTEXT000767_right,external intrinsic,front,front,True
FRCLTEXT000768_front,external relative,right,right,True
FRCLTEXT000768_left,external relative,right,right,True
FRCLTEXT000768_back,external relative,right,right,True
FRCLTEXT000768_right,external relative,right,right,True
FRCLTEXT000769_front,external intrinsic,front,front,True
FRCLTEXT000769_left,external intrinsic,left,left,True
FRCLTEXT000769_back,external intrinsic,back,back,True
FRCLTEXT000769_right,external intrinsic,right,right,True
FRCLTEXT000770_front,internal relative,front,front,True
FRCLTEXT000770_left,internal relative,front,front,True
FRCLTEXT000770_back,internal relative,front,front,True
FRCLTEXT000770_right,internal relative,front,front,True
FRCLTEXT000771_front,external intrinsic,right,right,True
FRCLTEXT000771_left,external intrinsic,front,back,False
FRCLTEXT000771_back,external intrinsic,left,left,True
FRCLTEXT000771_right,external intrinsic,back,back,True
FRCLTEXT000772,external relative,right,right,True
FRCLTEXT000773_front,external relative,right,right,True
FRCLTEXT000773_left,external relative,right,right,True
FRCLTEXT000773_back,external relative,right,right,True
FRCLTEXT000773_right,external relative,right,right,True
FRCLTEXT000774_front,external relative,left,left,True
FRCLTEXT000774_left,external relative,left,front,False
FRCLTEXT000774_back,external relative,left,left,True
FRCLTEXT000774_right,external relative,left,left,True
FRCLTEXT000775,external relative,back,front,False
FRCLTEXT000776_front,external intrinsic,front,front,True
FRCLTEXT000776_left,external intrinsic,left,left,True
FRCLTEXT000776_back,external intrinsic,back,back,True
FRCLTEXT000776_right,external intrinsic,right,right,True
FRCLTEXT000777_front,external intrinsic,front,front,True
FRCLTEXT000777_left,external intrinsic,left,left,True
FRCLTEXT000777_back,external intrinsic,back,back,True
FRCLTEXT000777_right,external intrinsic,right,front,False
FRCLTEXT000778_front,external relative,back,back,True
FRCLTEXT000778_left,external relative,back,back,True
FRCLTEXT000778_back,external relative,back,back,True
FRCLTEXT000778_right,external relative,back,back,True
FRCLTEXT000779_front,internal relative,left,left,True
FRCLTEXT000779_left,internal relative,left,left,True
FRCLTEXT000779_back,internal relative,left,left,True
FRCLTEXT000779_right,internal relative,left,left,True
FRCLTEXT000780_front,external relative,left,left,True
FRCLTEXT000780_left,external relative,left,left,True
FRCLTEXT000780_back,external relative,left,left,True
FRCLTEXT000780_right,external relative,left,left,True
FRCLTEXT000781_front,external relative,left,front,False
FRCLTEXT000781_left,external relative,left,left,True
FRCLTEXT000781_back,external relative,left,left,True
FRCLTEXT000781_right,external relative,left,left,True
FRCLTEXT000782_front,external relative,left,left,True
FRCLTEXT000782_left,external relative,left,left,True
FRCLTEXT000782_back,external relative,left,left,True
FRCLTEXT000782_right,external relative,left,left,True
FRCLTEXT000783_front,external relative,front,front,True
FRCLTEXT000783_left,external relative,front,front,True
FRCLTEXT000783_back,external relative,front,front,True
FRCLTEXT000783_right,external relative,front,front,True
FRCLTEXT000784_front,external relative,left,left,True
FRCLTEXT000784_left,external relative,left,left,True
FRCLTEXT000784_back,external relative,left,left,True
FRCLTEXT000784_right,external relative,left,right,False
FRCLTEXT000785_front,external intrinsic,back,back,True
FRCLTEXT000785_left,external intrinsic,right,right,True
FRCLTEXT000785_back,external intrinsic,front,front,True
FRCLTEXT000785_right,external intrinsic,left,left,True
FRCLTEXT000786,external relative,left,left,True
FRCLTEXT000787,external relative,left,left,True
FRCLTEXT000788_front,external relative,left,left,True
FRCLTEXT000788_left,external relative,left,left,True
FRCLTEXT000788_back,external relative,left,left,True
FRCLTEXT000788_right,external relative,left,left,True
FRCLTEXT000789_front,external relative,front,front,True
FRCLTEXT000789_left,external relative,front,front,True
FRCLTEXT000789_back,external relative,front,front,True
FRCLTEXT000789_right,external relative,front,front,True
FRCLTEXT000790_front,external intrinsic,left,left,True
FRCLTEXT000790_left,external intrinsic,back,back,True
FRCLTEXT000790_back,external intrinsic,right,right,True
FRCLTEXT000790_right,external intrinsic,front,front,True
FRCLTEXT000791,internal relative,front,front,True
FRCLTEXT000792_front,external intrinsic,right,right,True
FRCLTEXT000792_left,external intrinsic,front,front,True
FRCLTEXT000792_back,external intrinsic,left,left,True
FRCLTEXT000792_right,external intrinsic,back,back,True
FRCLTEXT000793_front,external relative,left,left,True
FRCLTEXT000793_left,external relative,left,left,True
FRCLTEXT000793_back,external relative,left,front,False
FRCLTEXT000793_right,external relative,left,left,True
FRCLTEXT000794_front,external relative,right,front,False
FRCLTEXT000794_left,external relative,right,front,False
FRCLTEXT000794_back,external relative,right,right,True
FRCLTEXT000794_right,external relative,right,right,True
FRCLTEXT000795_front,external relative,back,front,False
FRCLTEXT000795_left,external relative,back,back,True
FRCLTEXT000795_back,external relative,back,back,True
FRCLTEXT000795_right,external relative,back,back,True
FRCLTEXT000796,internal relative,left,left,True
FRCLTEXT000797,external relative,left,left,True
FRCLTEXT000798_front,internal relative,right,right,True
FRCLTEXT000798_left,internal relative,right,right,True
FRCLTEXT000798_back,internal relative,right,right,True
FRCLTEXT000798_right,internal relative,right,right,True
FRCLTEXT000799_front,external relative,back,right,False
FRCLTEXT000799_left,external relative,back,back,True
FRCLTEXT000799_back,external relative,back,back,True
FRCLTEXT000799_right,external relative,back,front,False
FRCLTEXT000800,external relative,back,back,True
FRCLTEXT000801_front,external intrinsic,left,left,True
FRCLTEXT000801_left,external intrinsic,back,back,True
FRCLTEXT000801_back,external intrinsic,right,right,True
FRCLTEXT000801_right,external intrinsic,front,front,True
FRCLTEXT000802_front,external intrinsic,left,back,False
FRCLTEXT000802_left,external intrinsic,back,back,True
FRCLTEXT000802_back,external intrinsic,right,right,True
FRCLTEXT000802_right,external intrinsic,front,front,True
FRCLTEXT000803,external relative,front,front,True
FRCLTEXT000804_front,external relative,front,front,True
FRCLTEXT000804_left,external relative,front,front,True
FRCLTEXT000804_back,external relative,front,front,True
FRCLTEXT000804_right,external relative,front,front,True
FRCLTEXT000805,external relative,front,front,True
FRCLTEXT000806_front,external relative,right,right,True
FRCLTEXT000806_left,external relative,right,right,True
FRCLTEXT000806_back,external relative,right,right,True
FRCLTEXT000806_right,external relative,right,right,True
FRCLTEXT000807,external relative,right,right,True
FRCLTEXT000808,external relative,right,right,True
FRCLTEXT000809_front,external relative,back,right,False
FRCLTEXT000809_left,external relative,back,back,True
FRCLTEXT000809_back,external relative,back,back,True
FRCLTEXT000809_right,external relative,back,back,True
FRCLTEXT000810_front,internal intrinsic,right,right,True
FRCLTEXT000810_left,internal intrinsic,front,back,False
FRCLTEXT000810_back,internal intrinsic,left,left,True
FRCLTEXT000810_right,internal intrinsic,back,back,True
FRCLTEXT000811_front,external intrinsic,back,front,False
FRCLTEXT000811_left,external intrinsic,right,back,False
FRCLTEXT000811_back,external intrinsic,front,front,True
FRCLTEXT000811_right,external intrinsic,left,left,True
FRCLTEXT000812_front,external relative,back,back,True
FRCLTEXT000812_left,external relative,back,back,True
FRCLTEXT000812_back,external relative,back,back,True
FRCLTEXT000812_right,external relative,back,back,True
FRCLTEXT000813_front,external relative,back,back,True
FRCLTEXT000813_left,external relative,back,back,True
FRCLTEXT000813_back,external relative,back,back,True
FRCLTEXT000813_right,external relative,back,back,True
FRCLTEXT000814_front,external relative,right,right,True
FRCLTEXT000814_left,external relative,right,right,True
FRCLTEXT000814_back,external relative,right,right,True
FRCLTEXT000814_right,external relative,right,right,True
FRCLTEXT000815,internal relative,back,back,True
FRCLTEXT000816,external relative,back,back,True
FRCLTEXT000817,external relative,left,left,True
FRCLTEXT000818_front,internal relative,right,front,False
FRCLTEXT000818_left,internal relative,right,right,True
FRCLTEXT000818_back,internal relative,right,back,False
FRCLTEXT000818_right,internal relative,right,right,True
FRCLTEXT000819_front,external intrinsic,back,front,False
FRCLTEXT000819_left,external intrinsic,right,right,True
FRCLTEXT000819_back,external intrinsic,front,front,True
FRCLTEXT000819_right,external intrinsic,left,left,True
FRCLTEXT000820_front,external intrinsic,left,left,True
FRCLTEXT000820_left,external intrinsic,back,back,True
FRCLTEXT000820_back,external intrinsic,right,right,True
FRCLTEXT000820_right,external intrinsic,front,front,True
FRCLTEXT000821_front,internal intrinsic,right,right,True
FRCLTEXT000821_left,internal intrinsic,front,front,True
FRCLTEXT000821_back,internal intrinsic,left,left,True
FRCLTEXT000821_right,internal intrinsic,back,back,True
FRCLTEXT000822_front,external relative,left,left,True
FRCLTEXT000822_left,external relative,left,left,True
FRCLTEXT000822_back,external relative,left,left,True
FRCLTEXT000822_right,external relative,left,left,True
FRCLTEXT000823_front,internal intrinsic,left,left,True
FRCLTEXT000823_left,internal intrinsic,back,back,True
FRCLTEXT000823_back,internal intrinsic,right,front,False
FRCLTEXT000823_right,internal intrinsic,front,front,True
FRCLTEXT000824_front,external intrinsic,back,back,True
FRCLTEXT000824_left,external intrinsic,right,right,True
FRCLTEXT000824_back,external intrinsic,front,front,True
FRCLTEXT000824_right,external intrinsic,left,left,True
FRCLTEXT000825,external relative,front,front,True
FRCLTEXT000826,external relative,back,back,True
FRCLTEXT000827_front,external intrinsic,left,left,True
FRCLTEXT000827_left,external intrinsic,back,back,True
FRCLTEXT000827_back,external intrinsic,right,right,True
FRCLTEXT000827_right,external intrinsic,front,back,False
FRCLTEXT000828_front,external intrinsic,left,left,True
FRCLTEXT000828_left,external intrinsic,back,back,True
FRCLTEXT000828_back,external intrinsic,right,right,True
FRCLTEXT000828_right,external intrinsic,front,front,True
FRCLTEXT000829_front,internal relative,right,right,True
FRCLTEXT000829_left,internal relative,right,right,True
FRCLTEXT000829_back,internal relative,right,right,True
FRCLTEXT000829_right,internal relative,right,right,True
FRCLTEXT000830_front,external relative,left,left,True
FRCLTEXT000830_left,external relative,left,left,True
FRCLTEXT000830_back,external relative,left,left,True
FRCLTEXT000830_right,external relative,left,left,True
FRCLTEXT000831,external relative,left,left,True
FRCLTEXT000832_front,external intrinsic,left,front,False
FRCLTEXT000832_left,external intrinsic,back,back,True
FRCLTEXT000832_back,external intrinsic,right,front,False
FRCLTEXT000832_right,external intrinsic,front,front,True
FRCLTEXT000833_front,external intrinsic,front,front,True
FRCLTEXT000833_left,external intrinsic,left,back,False
FRCLTEXT000833_back,external intrinsic,back,back,True
FRCLTEXT000833_right,external intrinsic,right,front,False
FRCLTEXT000834,external relative,front,front,True
FRCLTEXT000835_front,external relative,front,front,True
FRCLTEXT000835_left,external relative,front,right,False
FRCLTEXT000835_back,external relative,front,front,True
FRCLTEXT000835_right,external relative,front,front,True
FRCLTEXT000836_front,external intrinsic,left,left,True
FRCLTEXT000836_left,external intrinsic,back,back,True
FRCLTEXT000836_back,external intrinsic,right,right,True
FRCLTEXT000836_right,external intrinsic,front,front,True
FRCLTEXT000837,external relative,front,front,True
FRCLTEXT000838_front,external intrinsic,left,left,True
FRCLTEXT000838_left,external intrinsic,back,back,True
FRCLTEXT000838_back,external intrinsic,right,right,True
FRCLTEXT000838_right,external intrinsic,front,front,True
FRCLTEXT000839_front,external relative,front,right,False
FRCLTEXT000839_left,external relative,front,front,True
FRCLTEXT000839_back,external relative,front,front,True
FRCLTEXT000839_right,external relative,front,front,True
FRCLTEXT000840,external relative,back,back,True
FRCLTEXT000841_front,external intrinsic,left,left,True
FRCLTEXT000841_left,external intrinsic,back,back,True
FRCLTEXT000841_back,external intrinsic,right,right,True
FRCLTEXT000841_right,external intrinsic,front,front,True
FRCLTEXT000842_front,external relative,front,front,True
FRCLTEXT000842_left,external relative,front,front,True
FRCLTEXT000842_back,external relative,front,front,True
FRCLTEXT000842_right,external relative,front,front,True
FRCLTEXT000843_front,external intrinsic,back,front,False
FRCLTEXT000843_left,external intrinsic,right,right,True
FRCLTEXT000843_back,external intrinsic,front,front,True
FRCLTEXT000843_right,external intrinsic,left,left,True
FRCLTEXT000844_front,external relative,left,left,True
FRCLTEXT000844_left,external relative,left,left,True
FRCLTEXT000844_back,external relative,left,left,True
FRCLTEXT000844_right,external relative,left,left,True
FRCLTEXT000845_front,external intrinsic,front,front,True
FRCLTEXT000845_left,external intrinsic,left,left,True
FRCLTEXT000845_back,external intrinsic,back,front,False
FRCLTEXT000845_right,external intrinsic,right,right,True
FRCLTEXT000846_front,external intrinsic,left,left,True
FRCLTEXT000846_left,external intrinsic,back,back,True
FRCLTEXT000846_back,external intrinsic,right,right,True
FRCLTEXT000846_right,external intrinsic,front,front,True
FRCLTEXT000847_front,external relative,left,left,True
FRCLTEXT000847_left,external relative,left,left,True
FRCLTEXT000847_back,external relative,left,left,True
FRCLTEXT000847_right,external relative,left,left,True
FRCLTEXT000848_front,external intrinsic,left,left,True
FRCLTEXT000848_left,external intrinsic,back,back,True
FRCLTEXT000848_back,external intrinsic,right,right,True
FRCLTEXT000848_right,external intrinsic,front,front,True
FRCLTEXT000849_front,external intrinsic,back,back,True
FRCLTEXT000849_left,external intrinsic,right,right,True
FRCLTEXT000849_back,external intrinsic,front,front,True
FRCLTEXT000849_right,external intrinsic,left,left,True
FRCLTEXT000850_front,external intrinsic,right,right,True
FRCLTEXT000850_left,external intrinsic,front,front,True
FRCLTEXT000850_back,external intrinsic,left,left,True
FRCLTEXT000850_right,external intrinsic,back,back,True
FRCLTEXT000851_front,external relative,front,front,True
FRCLTEXT000851_left,external relative,front,front,True
FRCLTEXT000851_back,external relative,front,front,True
FRCLTEXT000851_right,external relative,front,front,True
FRCLTEXT000852_front,external intrinsic,right,right,True
FRCLTEXT000852_left,external intrinsic,front,front,True
FRCLTEXT000852_back,external intrinsic,left,left,True
FRCLTEXT000852_right,external intrinsic,back,back,True
FRCLTEXT000853_front,external intrinsic,back,back,True
FRCLTEXT000853_left,external intrinsic,right,right,True
FRCLTEXT000853_back,external intrinsic,front,front,True
FRCLTEXT000853_right,external intrinsic,left,left,True
FRCLTEXT000854_front,external relative,front,front,True
FRCLTEXT000854_left,external relative,front,front,True
FRCLTEXT000854_back,external relative,front,front,True
FRCLTEXT000854_right,external relative,front,front,True
FRCLTEXT000855_front,external relative,front,front,True
FRCLTEXT000855_left,external relative,front,front,True
FRCLTEXT000855_back,external relative,front,front,True
FRCLTEXT000855_right,external relative,front,front,True
FRCLTEXT000856_front,external relative,back,back,True
FRCLTEXT000856_left,external relative,back,back,True
FRCLTEXT000856_back,external relative,back,back,True
FRCLTEXT000856_right,external relative,back,right,False
FRCLTEXT000857_front,external relative,back,back,True
FRCLTEXT000857_left,external relative,back,front,False
FRCLTEXT000857_back,external relative,back,back,True
FRCLTEXT000857_right,external relative,back,back,True
FRCLTEXT000858,external relative,front,front,True
FRCLTEXT000859_front,external relative,left,left,True
FRCLTEXT000859_left,external relative,left,left,True
FRCLTEXT000859_back,external relative,left,left,True
FRCLTEXT000859_right,external relative,left,left,True
FRCLTEXT000860_front,external relative,back,back,True
FRCLTEXT000860_left,external relative,back,back,True
FRCLTEXT000860_back,external relative,back,back,True
FRCLTEXT000860_right,external relative,back,back,True
FRCLTEXT000861_front,external intrinsic,right,right,True
FRCLTEXT000861_left,external intrinsic,front,front,True
FRCLTEXT000861_back,external intrinsic,left,left,True
FRCLTEXT000861_right,external intrinsic,back,back,True
FRCLTEXT000862,external relative,front,front,True
FRCLTEXT000863_front,external intrinsic,back,back,True
FRCLTEXT000863_left,external intrinsic,right,right,True
FRCLTEXT000863_back,external intrinsic,front,front,True
FRCLTEXT000863_right,external intrinsic,left,left,True
FRCLTEXT000864_front,external intrinsic,back,front,False
FRCLTEXT000864_left,external intrinsic,right,right,True
FRCLTEXT000864_back,external intrinsic,front,front,True
FRCLTEXT000864_right,external intrinsic,left,left,True
FRCLTEXT000865_front,external relative,left,left,True
FRCLTEXT000865_left,external relative,left,left,True
FRCLTEXT000865_back,external relative,left,left,True
FRCLTEXT000865_right,external relative,left,left,True
FRCLTEXT000866_front,external relative,left,right,False
FRCLTEXT000866_left,external relative,left,left,True
FRCLTEXT000866_back,external relative,left,left,True
FRCLTEXT000866_right,external relative,left,left,True
FRCLTEXT000867_front,internal intrinsic,front,front,True
FRCLTEXT000867_left,internal intrinsic,left,left,True
FRCLTEXT000867_back,internal intrinsic,back,back,True
FRCLTEXT000867_right,internal intrinsic,right,right,True
FRCLTEXT000868,internal relative,front,front,True
FRCLTEXT000869_front,external intrinsic,front,front,True
FRCLTEXT000869_left,external intrinsic,left,left,True
FRCLTEXT000869_back,external intrinsic,back,back,True
FRCLTEXT000869_right,external intrinsic,right,right,True
FRCLTEXT000870_front,external intrinsic,back,back,True
FRCLTEXT000870_left,external intrinsic,right,right,True
FRCLTEXT000870_back,external intrinsic,front,front,True
FRCLTEXT000870_right,external intrinsic,left,left,True
FRCLTEXT000871_front,external intrinsic,right,front,False
FRCLTEXT000871_left,external intrinsic,front,front,True
FRCLTEXT000871_back,external intrinsic,left,left,True
FRCLTEXT000871_right,external intrinsic,back,back,True
FRCLTEXT000872_front,external relative,front,front,True
FRCLTEXT000872_left,external relative,front,front,True
FRCLTEXT000872_back,external relative,front,right,False
FRCLTEXT000872_right,external relative,front,front,True
FRCLTEXT000873_front,external relative,back,back,True
FRCLTEXT000873_left,external relative,back,back,True
FRCLTEXT000873_back,external relative,back,back,True
FRCLTEXT000873_right,external relative,back,back,True
FRCLTEXT000874_front,external relative,back,back,True
FRCLTEXT000874_left,external relative,back,back,True
FRCLTEXT000874_back,external relative,back,back,True
FRCLTEXT000874_right,external relative,back,back,True
FRCLTEXT000875_front,external relative,right,right,True
FRCLTEXT000875_left,external relative,right,right,True
FRCLTEXT000875_back,external relative,right,right,True
FRCLTEXT000875_right,external relative,right,right,True
FRCLTEXT000876_front,external relative,front,front,True
FRCLTEXT000876_left,external relative,front,front,True
FRCLTEXT000876_back,external relative,front,front,True
FRCLTEXT000876_right,external relative,front,back,False
FRCLTEXT000877_front,external intrinsic,left,left,True
FRCLTEXT000877_left,external intrinsic,back,back,True
FRCLTEXT000877_back,external intrinsic,right,right,True
FRCLTEXT000877_right,external intrinsic,front,front,True
FRCLTEXT000878_front,external intrinsic,front,front,True
FRCLTEXT000878_left,external intrinsic,left,left,True
FRCLTEXT000878_back,external intrinsic,back,back,True
FRCLTEXT000878_right,external intrinsic,right,right,True
FRCLTEXT000879_front,internal relative,left,left,True
FRCLTEXT000879_left,internal relative,left,left,True
FRCLTEXT000879_back,internal relative,left,left,True
FRCLTEXT000879_right,internal relative,left,left,True
FRCLTEXT000880_front,external relative,right,right,True
FRCLTEXT000880_left,external relative,right,right,True
FRCLTEXT000880_back,external relative,right,right,True
FRCLTEXT000880_right,external relative,right,right,True
FRCLTEXT000881,external relative,front,front,True
FRCLTEXT000882_front,external intrinsic,right,right,True
FRCLTEXT000882_left,external intrinsic,front,front,True
FRCLTEXT000882_back,external intrinsic,left,left,True
FRCLTEXT000882_right,external intrinsic,back,back,True
FRCLTEXT000883,internal relative,left,left,True
FRCLTEXT000884_front,external relative,front,front,True
FRCLTEXT000884_left,external relative,front,front,True
FRCLTEXT000884_back,external relative,front,front,True
FRCLTEXT000884_right,external relative,front,front,True
FRCLTEXT000885_front,external relative,front,front,True
FRCLTEXT000885_left,external relative,front,front,True
FRCLTEXT000885_back,external relative,front,front,True
FRCLTEXT000885_right,external relative,front,front,True
FRCLTEXT000886_front,external intrinsic,front,front,True
FRCLTEXT000886_left,external intrinsic,left,left,True
FRCLTEXT000886_back,external intrinsic,back,back,True
FRCLTEXT000886_right,external intrinsic,right,right,True
FRCLTEXT000887_front,external relative,front,front,True
FRCLTEXT000887_left,external relative,front,front,True
FRCLTEXT000887_back,external relative,front,front,True
FRCLTEXT000887_right,external relative,front,front,True
FRCLTEXT000888,external relative,front,front,True
FRCLTEXT000889_front,external relative,back,back,True
FRCLTEXT000889_left,external relative,back,back,True
FRCLTEXT000889_back,external relative,back,back,True
FRCLTEXT000889_right,external relative,back,back,True
FRCLTEXT000890_front,external intrinsic,back,back,True
FRCLTEXT000890_left,external intrinsic,right,right,True
FRCLTEXT000890_back,external intrinsic,front,front,True
FRCLTEXT000890_right,external intrinsic,left,left,True
FRCLTEXT000891,external relative,right,right,True
FRCLTEXT000892_front,external relative,left,left,True
FRCLTEXT000892_left,external relative,left,left,True
FRCLTEXT000892_back,external relative,left,left,True
FRCLTEXT000892_right,external relative,left,left,True
FRCLTEXT000893_front,internal relative,back,back,True
FRCLTEXT000893_left,internal relative,back,back,True
FRCLTEXT000893_back,internal relative,back,back,True
FRCLTEXT000893_right,internal relative,back,back,True
FRCLTEXT000894_front,internal intrinsic,back,front,False
FRCLTEXT000894_left,internal intrinsic,right,right,True
FRCLTEXT000894_back,internal intrinsic,front,front,True
FRCLTEXT000894_right,internal intrinsic,left,left,True
FRCLTEXT000895_front,internal relative,back,back,True
FRCLTEXT000895_left,internal relative,back,back,True
FRCLTEXT000895_back,internal relative,back,back,True
FRCLTEXT000895_right,internal relative,back,front,False
FRCLTEXT000896_front,external intrinsic,right,right,True
FRCLTEXT000896_left,external intrinsic,front,front,True
FRCLTEXT000896_back,external intrinsic,left,left,True
FRCLTEXT000896_right,external intrinsic,back,back,True
FRCLTEXT000897_front,external intrinsic,front,front,True
FRCLTEXT000897_left,external intrinsic,left,left,True
FRCLTEXT000897_back,external intrinsic,back,back,True
FRCLTEXT000897_right,external intrinsic,right,right,True
FRCLTEXT000898_front,external intrinsic,front,front,True
FRCLTEXT000898_left,external intrinsic,left,left,True
FRCLTEXT000898_back,external intrinsic,back,front,False
FRCLTEXT000898_right,external intrinsic,right,back,False
FRCLTEXT000899_front,external relative,left,left,True
FRCLTEXT000899_left,external relative,left,left,True
FRCLTEXT000899_back,external relative,left,left,True
FRCLTEXT000899_right,external relative,left,left,True
FRCLTEXT000900_front,external relative,right,right,True
FRCLTEXT000900_left,external relative,right,right,True
FRCLTEXT000900_back,external relative,right,right,True
FRCLTEXT000900_right,external relative,right,right,True
FRCLTEXT000901,external relative,front,front,True
FRCLTEXT000902,external relative,right,right,True
FRCLTEXT000903_front,external intrinsic,right,right,True
FRCLTEXT000903_left,external intrinsic,front,front,True
FRCLTEXT000903_back,external intrinsic,left,left,True
FRCLTEXT000903_right,external intrinsic,back,back,True
FRCLTEXT000904,external relative,back,front,False
FRCLTEXT000905_front,external intrinsic,left,left,True
FRCLTEXT000905_left,external intrinsic,back,back,True
FRCLTEXT000905_back,external intrinsic,right,right,True
FRCLTEXT000905_right,external intrinsic,front,front,True
FRCLTEXT000906,external relative,left,left,True
FRCLTEXT000907,external relative,front,front,True
FRCLTEXT000908_front,external relative,left,left,True
FRCLTEXT000908_left,external relative,left,left,True
FRCLTEXT000908_back,external relative,left,left,True
FRCLTEXT000908_right,external relative,left,left,True
FRCLTEXT000909_front,external intrinsic,right,right,True
FRCLTEXT000909_left,external intrinsic,front,front,True
FRCLTEXT000909_back,external intrinsic,left,left,True
FRCLTEXT000909_right,external intrinsic,back,back,True
FRCLTEXT000910,external relative,left,left,True
FRCLTEXT000911,external relative,right,right,True
FRCLTEXT000912_front,external intrinsic,right,right,True
FRCLTEXT000912_left,external intrinsic,front,front,True
FRCLTEXT000912_back,external intrinsic,left,left,True
FRCLTEXT000912_right,external intrinsic,back,back,True
FRCLTEXT000913_front,external relative,back,back,True
FRCLTEXT000913_left,external relative,back,back,True
FRCLTEXT000913_back,external relative,back,back,True
FRCLTEXT000913_right,external relative,back,back,True
FRCLTEXT000914_front,external intrinsic,front,front,True
FRCLTEXT000914_left,external intrinsic,left,left,True
FRCLTEXT000914_back,external intrinsic,back,back,True
FRCLTEXT000914_right,external intrinsic,right,front,False
FRCLTEXT000915_front,external relative,back,back,True
FRCLTEXT000915_left,external relative,back,right,False
FRCLTEXT000915_back,external relative,back,back,True
FRCLTEXT000915_right,external relative,back,right,False
FRCLTEXT000916_front,external intrinsic,back,front,False
FRCLTEXT000916_left,external intrinsic,right,right,True
FRCLTEXT000916_back,external intrinsic,front,front,True
FRCLTEXT000916_right,external intrinsic,left,left,True
FRCLTEXT000917,external relative,right,right,True
FRCLTEXT000918_front,external relative,back,back,True
FRCLTEXT000918_left,external relative,back,back,True
FRCLTEXT000918_back,external relative,back,back,True
FRCLTEXT000918_right,external relative,back,back,True
FRCLTEXT000919_front,external relative,front,front,True
FRCLTEXT000919_left,external relative,front,front,True
FRCLTEXT000919_back,external relative,front,front,True
FRCLTEXT000919_right,external relative,front,front,True
FRCLTEXT000920,external relative,back,back,True
FRCLTEXT000921_front,external relative,right,right,True
FRCLTEXT000921_left,external relative,right,right,True
FRCLTEXT000921_back,external relative,right,right,True
FRCLTEXT000921_right,external relative,right,right,True
FRCLTEXT000922_front,internal relative,left,right,False
FRCLTEXT000922_left,internal relative,left,left,True
FRCLTEXT000922_back,internal relative,left,left,True
FRCLTEXT000922_right,internal relative,left,left,True
FRCLTEXT000923,external relative,left,left,True
FRCLTEXT000924_front,external intrinsic,back,back,True
FRCLTEXT000924_left,external intrinsic,right,back,False
FRCLTEXT000924_back,external intrinsic,front,front,True
FRCLTEXT000924_right,external intrinsic,left,left,True
FRCLTEXT000925,external relative,right,right,True
FRCLTEXT000926_front,external intrinsic,front,front,True
FRCLTEXT000926_left,external intrinsic,left,front,False
FRCLTEXT000926_back,external intrinsic,back,back,True
FRCLTEXT000926_right,external intrinsic,right,front,False
FRCLTEXT000927,external relative,back,back,True
FRCLTEXT000928_front,external intrinsic,left,left,True
FRCLTEXT000928_left,external intrinsic,back,back,True
FRCLTEXT000928_back,external intrinsic,right,right,True
FRCLTEXT000928_right,external intrinsic,front,front,True
FRCLTEXT000929,external relative,left,left,True
FRCLTEXT000930_front,external intrinsic,back,back,True
FRCLTEXT000930_left,external intrinsic,right,right,True
FRCLTEXT000930_back,external intrinsic,front,front,True
FRCLTEXT000930_right,external intrinsic,left,left,True
FRCLTEXT000931_front,internal relative,right,right,True
FRCLTEXT000931_left,internal relative,right,right,True
FRCLTEXT000931_back,internal relative,right,right,True
FRCLTEXT000931_right,internal relative,right,right,True
FRCLTEXT000932_front,external relative,left,left,True
FRCLTEXT000932_left,external relative,left,left,True
FRCLTEXT000932_back,external relative,left,left,True
FRCLTEXT000932_right,external relative,left,left,True
FRCLTEXT000933_front,external intrinsic,front,front,True
FRCLTEXT000933_left,external intrinsic,left,left,True
FRCLTEXT000933_back,external intrinsic,back,back,True
FRCLTEXT000933_right,external intrinsic,right,right,True
FRCLTEXT000934_front,external intrinsic,back,back,True
FRCLTEXT000934_left,external intrinsic,right,right,True
FRCLTEXT000934_back,external intrinsic,front,front,True
FRCLTEXT000934_right,external intrinsic,left,left,True
FRCLTEXT000935_front,internal relative,back,back,True
FRCLTEXT000935_left,internal relative,back,back,True
FRCLTEXT000935_back,internal relative,back,back,True
FRCLTEXT000935_right,internal relative,back,back,True
FRCLTEXT000936_front,external intrinsic,left,back,False
FRCLTEXT000936_left,external intrinsic,back,back,True
FRCLTEXT000936_back,external intrinsic,right,right,True
FRCLTEXT000936_right,external intrinsic,front,front,True
FRCLTEXT000937_front,external relative,back,back,True
FRCLTEXT000937_left,external relative,back,back,True
FRCLTEXT000937_back,external relative,back,back,True
FRCLTEXT000937_right,external relative,back,back,True
FRCLTEXT000938,external relative,left,left,True
FRCLTEXT000939_front,internal intrinsic,right,right,True
FRCLTEXT000939_left,internal intrinsic,front,front,True
FRCLTEXT000939_back,internal intrinsic,left,left,True
FRCLTEXT000939_right,internal intrinsic,back,back,True
FRCLTEXT000940_front,external relative,back,back,True
FRCLTEXT000940_left,external relative,back,back,True
FRCLTEXT000940_back,external relative,back,back,True
FRCLTEXT000940_right,external relative,back,back,True
FRCLTEXT000941,external relative,front,front,True
FRCLTEXT000942_front,external intrinsic,right,right,True
FRCLTEXT000942_left,external intrinsic,front,front,True
FRCLTEXT000942_back,external intrinsic,left,left,True
FRCLTEXT000942_right,external intrinsic,back,back,True
FRCLTEXT000943_front,external intrinsic,back,back,True
FRCLTEXT000943_left,external intrinsic,right,right,True
FRCLTEXT000943_back,external intrinsic,front,front,True
FRCLTEXT000943_right,external intrinsic,left,left,True
FRCLTEXT000944,external relative,left,left,True
FRCLTEXT000945_front,internal intrinsic,right,right,True
FRCLTEXT000945_left,internal intrinsic,front,back,False
FRCLTEXT000945_back,internal intrinsic,left,left,True
FRCLTEXT000945_right,internal intrinsic,back,back,True
FRCLTEXT000946_front,external relative,right,right,True
FRCLTEXT000946_left,external relative,right,right,True
FRCLTEXT000946_back,external relative,right,right,True
FRCLTEXT000946_right,external relative,right,right,True
FRCLTEXT000947,internal relative,front,front,True
FRCLTEXT000948_front,external intrinsic,right,right,True
FRCLTEXT000948_left,external intrinsic,front,front,True
FRCLTEXT000948_back,external intrinsic,left,left,True
FRCLTEXT000948_right,external intrinsic,back,back,True
FRCLTEXT000949,external relative,front,front,True
FRCLTEXT000950,external relative,left,left,True
FRCLTEXT000951_front,external relative,left,left,True
FRCLTEXT000951_left,external relative,left,left,True
FRCLTEXT000951_back,external relative,left,left,True
FRCLTEXT000951_right,external relative,left,left,True
FRCLTEXT000952_front,external intrinsic,front,front,True
FRCLTEXT000952_left,external intrinsic,left,back,False
FRCLTEXT000952_back,external intrinsic,back,back,True
FRCLTEXT000952_right,external intrinsic,right,right,True
FRCLTEXT000953_front,internal relative,right,right,True
FRCLTEXT000953_left,internal relative,right,right,True
FRCLTEXT000953_back,internal relative,right,right,True
FRCLTEXT000953_right,internal relative,right,right,True
FRCLTEXT000954_front,external relative,right,right,True
FRCLTEXT000954_left,external relative,right,right,True
FRCLTEXT000954_back,external relative,right,right,True
FRCLTEXT000954_right,external relative,right,right,True
FRCLTEXT000955_front,external relative,front,front,True
FRCLTEXT000955_left,external relative,front,front,True
FRCLTEXT000955_back,external relative,front,front,True
FRCLTEXT000955_right,external relative,front,front,True
FRCLTEXT000956_front,external relative,back,back,True
FRCLTEXT000956_left,external relative,back,back,True
FRCLTEXT000956_back,external relative,back,back,True
FRCLTEXT000956_right,external relative,back,back,True
FRCLTEXT000957_front,external intrinsic,front,front,True
FRCLTEXT000957_left,external intrinsic,left,left,True
FRCLTEXT000957_back,external intrinsic,back,back,True
FRCLTEXT000957_right,external intrinsic,right,right,True
FRCLTEXT000958,internal relative,back,back,True
FRCLTEXT000959,external relative,back,back,True
FRCLTEXT000960,internal relative,front,front,True
FRCLTEXT000961_front,external relative,back,back,True
FRCLTEXT000961_left,external relative,back,back,True
FRCLTEXT000961_back,external relative,back,right,False
FRCLTEXT000961_right,external relative,back,back,True
FRCLTEXT000962_front,internal relative,front,front,True
FRCLTEXT000962_left,internal relative,front,front,True
FRCLTEXT000962_back,internal relative,front,front,True
FRCLTEXT000962_right,internal relative,front,front,True
FRCLTEXT000963_front,external intrinsic,right,right,True
FRCLTEXT000963_left,external intrinsic,front,front,True
FRCLTEXT000963_back,external intrinsic,left,left,True
FRCLTEXT000963_right,external intrinsic,back,back,True
FRCLTEXT000964,external relative,right,right,True
FRCLTEXT000965,external relative,right,right,True
FRCLTEXT000966_front,external intrinsic,left,left,True
FRCLTEXT000966_left,external intrinsic,back,back,True
FRCLTEXT000966_back,external intrinsic,right,right,True
FRCLTEXT000966_right,external intrinsic,front,front,True
FRCLTEXT000967,external relative,back,back,True
FRCLTEXT000968_front,external relative,left,left,True
FRCLTEXT000968_left,external relative,left,left,True
FRCLTEXT000968_back,external relative,left,front,False
FRCLTEXT000968_right,external relative,left,left,True
FRCLTEXT000969_front,external relative,right,right,True
FRCLTEXT000969_left,external relative,right,right,True
FRCLTEXT000969_back,external relative,right,right,True
FRCLTEXT000969_right,external relative,right,right,True
FRCLTEXT000970,external relative,back,back,True
FRCLTEXT000971_front,external relative,back,back,True
FRCLTEXT000971_left,external relative,back,back,True
FRCLTEXT000971_back,external relative,back,back,True
FRCLTEXT000971_right,external relative,back,front,False
FRCLTEXT000972_front,external intrinsic,right,front,False
FRCLTEXT000972_left,external intrinsic,front,front,True
FRCLTEXT000972_back,external intrinsic,left,left,True
FRCLTEXT000972_right,external intrinsic,back,back,True
FRCLTEXT000973_front,external intrinsic,back,back,True
FRCLTEXT000973_left,external intrinsic,right,right,True
FRCLTEXT000973_back,external intrinsic,front,front,True
FRCLTEXT000973_right,external intrinsic,left,left,True
FRCLTEXT000974_front,external relative,front,front,True
FRCLTEXT000974_left,external relative,front,front,True
FRCLTEXT000974_back,external relative,front,front,True
FRCLTEXT000974_right,external relative,front,front,True
FRCLTEXT000975,external relative,back,back,True
FRCLTEXT000976_front,external intrinsic,back,back,True
FRCLTEXT000976_left,external intrinsic,right,right,True
FRCLTEXT000976_back,external intrinsic,front,front,True
FRCLTEXT000976_right,external intrinsic,left,left,True
FRCLTEXT000977_front,external relative,right,right,True
FRCLTEXT000977_left,external relative,right,right,True
FRCLTEXT000977_back,external relative,right,right,True
FRCLTEXT000977_right,external relative,right,right,True
FRCLTEXT000978_front,external intrinsic,front,front,True
FRCLTEXT000978_left,external intrinsic,left,left,True
FRCLTEXT000978_back,external intrinsic,back,back,True
FRCLTEXT000978_right,external intrinsic,right,right,True
FRCLTEXT000979_front,internal intrinsic,back,back,True
FRCLTEXT000979_left,internal intrinsic,right,right,True
FRCLTEXT000979_back,internal intrinsic,front,front,True
FRCLTEXT000979_right,internal intrinsic,left,left,True
FRCLTEXT000980_front,external intrinsic,right,right,True
FRCLTEXT000980_left,external intrinsic,front,front,True
FRCLTEXT000980_back,external intrinsic,left,left,True
FRCLTEXT000980_right,external intrinsic,back,back,True
FRCLTEXT000981_front,external intrinsic,right,right,True
FRCLTEXT000981_left,external intrinsic,front,front,True
FRCLTEXT000981_back,external intrinsic,left,left,True
FRCLTEXT000981_right,external intrinsic,back,back,True
FRCLTEXT000982_front,external intrinsic,front,front,True
FRCLTEXT000982_left,external intrinsic,left,left,True
FRCLTEXT000982_back,external intrinsic,back,back,True
FRCLTEXT000982_right,external intrinsic,right,front,False
FRCLTEXT000983,external relative,right,right,True
FRCLTEXT000984_front,external intrinsic,right,right,True
FRCLTEXT000984_left,external intrinsic,front,front,True
FRCLTEXT000984_back,external intrinsic,left,left,True
FRCLTEXT000984_right,external intrinsic,back,back,True
FRCLTEXT000985_front,external intrinsic,left,left,True
FRCLTEXT000985_left,external intrinsic,back,back,True
FRCLTEXT000985_back,external intrinsic,right,right,True
FRCLTEXT000985_right,external intrinsic,front,front,True
FRCLTEXT000986_front,external relative,front,front,True
FRCLTEXT000986_left,external relative,front,front,True
FRCLTEXT000986_back,external relative,front,front,True
FRCLTEXT000986_right,external relative,front,front,True
FRCLTEXT000987_front,external relative,back,right,False
FRCLTEXT000987_left,external relative,back,back,True
FRCLTEXT000987_back,external relative,back,right,False
FRCLTEXT000987_right,external relative,back,back,True
FRCLTEXT000988,external relative,front,front,True
FRCLTEXT000989_front,external intrinsic,front,front,True
FRCLTEXT000989_left,external intrinsic,left,left,True
FRCLTEXT000989_back,external intrinsic,back,back,True
FRCLTEXT000989_right,external intrinsic,right,right,True
FRCLTEXT000990_front,external intrinsic,back,back,True
FRCLTEXT000990_left,external intrinsic,right,right,True
FRCLTEXT000990_back,external intrinsic,front,front,True
FRCLTEXT000990_right,external intrinsic,left,left,True
FRCLTEXT000991,external relative,left,left,True
FRCLTEXT000992_front,external intrinsic,left,left,True
FRCLTEXT000992_left,external intrinsic,back,back,True
FRCLTEXT000992_back,external intrinsic,right,right,True
FRCLTEXT000992_right,external intrinsic,front,front,True
FRCLTEXT000993,internal relative,left,left,True
FRCLTEXT000994,external relative,back,back,True
FRCLTEXT000995,external relative,left,left,True
FRCLTEXT000996_front,external intrinsic,right,right,True
FRCLTEXT000996_left,external intrinsic,front,front,True
FRCLTEXT000996_back,external intrinsic,left,left,True
FRCLTEXT000996_right,external intrinsic,back,back,True
FRCLTEXT000997,external relative,right,right,True
FRCLTEXT000998_front,external relative,back,back,True
FRCLTEXT000998_left,external relative,back,back,True
FRCLTEXT000998_back,external relative,back,back,True
FRCLTEXT000998_right,external relative,back,back,True
FRCLTEXT000999_front,external relative,back,back,True
FRCLTEXT000999_left,external relative,back,back,True
FRCLTEXT000999_back,external relative,back,right,False
FRCLTEXT000999_right,external relative,back,right,False
FRCLTEXT001000_front,external intrinsic,back,back,True
FRCLTEXT001000_left,external intrinsic,right,right,True
FRCLTEXT001000_back,external intrinsic,front,front,True
FRCLTEXT001000_right,external intrinsic,left,left,True
FRCLTEXT001001_front,external intrinsic,front,front,True
FRCLTEXT001001_left,external intrinsic,left,left,True
FRCLTEXT001001_back,external intrinsic,back,back,True
FRCLTEXT001001_right,external intrinsic,right,right,True
FRCLTEXT001002_front,external relative,front,front,True
FRCLTEXT001002_left,external relative,front,front,True
FRCLTEXT001002_back,external relative,front,front,True
FRCLTEXT001002_right,external relative,front,front,True
FRCLTEXT001003_front,external relative,right,right,True
FRCLTEXT001003_left,external relative,right,right,True
FRCLTEXT001003_back,external relative,right,right,True
FRCLTEXT001003_right,external relative,right,right,True
FRCLTEXT001004_front,internal intrinsic,back,back,True
FRCLTEXT001004_left,internal intrinsic,right,right,True
FRCLTEXT001004_back,internal intrinsic,front,front,True
FRCLTEXT001004_right,internal intrinsic,left,left,True
FRCLTEXT001005_front,external intrinsic,right,right,True
FRCLTEXT001005_left,external intrinsic,front,front,True
FRCLTEXT001005_back,external intrinsic,left,left,True
FRCLTEXT001005_right,external intrinsic,back,back,True
FRCLTEXT001006_front,external relative,left,left,True
FRCLTEXT001006_left,external relative,left,left,True
FRCLTEXT001006_back,external relative,left,left,True
FRCLTEXT001006_right,external relative,left,left,True
FRCLTEXT001007_front,external intrinsic,right,right,True
FRCLTEXT001007_left,external intrinsic,front,front,True
FRCLTEXT001007_back,external intrinsic,left,left,True
FRCLTEXT001007_right,external intrinsic,back,back,True
FRCLTEXT001008,external relative,front,front,True
FRCLTEXT001009_front,internal intrinsic,left,left,True
FRCLTEXT001009_left,internal intrinsic,back,back,True
FRCLTEXT001009_back,internal intrinsic,right,right,True
FRCLTEXT001009_right,internal intrinsic,front,front,True
FRCLTEXT001010_front,external intrinsic,front,front,True
FRCLTEXT001010_left,external intrinsic,left,left,True
FRCLTEXT001010_back,external intrinsic,back,back,True
FRCLTEXT001010_right,external intrinsic,right,right,True
FRCLTEXT001011_front,internal relative,left,left,True
FRCLTEXT001011_left,internal relative,left,right,False
FRCLTEXT001011_back,internal relative,left,back,False
FRCLTEXT001011_right,internal relative,left,left,True
FRCLTEXT001012_front,external intrinsic,back,back,True
FRCLTEXT001012_left,external intrinsic,right,right,True
FRCLTEXT001012_back,external intrinsic,front,front,True
FRCLTEXT001012_right,external intrinsic,left,left,True
FRCLTEXT001013_front,internal intrinsic,left,left,True
FRCLTEXT001013_left,internal intrinsic,back,back,True
FRCLTEXT001013_back,internal intrinsic,right,right,True
FRCLTEXT001013_right,internal intrinsic,front,front,True
FRCLTEXT001014_front,external relative,left,left,True
FRCLTEXT001014_left,external relative,left,left,True
FRCLTEXT001014_back,external relative,left,right,False
FRCLTEXT001014_right,external relative,left,left,True
FRCLTEXT001015,external relative,front,front,True
FRCLTEXT001016_front,external relative,right,right,True
FRCLTEXT001016_left,external relative,right,right,True
FRCLTEXT001016_back,external relative,right,right,True
FRCLTEXT001016_right,external relative,right,right,True
FRCLTEXT001017_front,external intrinsic,left,back,False
FRCLTEXT001017_left,external intrinsic,back,back,True
FRCLTEXT001017_back,external intrinsic,right,right,True
FRCLTEXT001017_right,external intrinsic,front,front,True
FRCLTEXT001018_front,external intrinsic,back,front,False
FRCLTEXT001018_left,external intrinsic,right,right,True
FRCLTEXT001018_back,external intrinsic,front,front,True
FRCLTEXT001018_right,external intrinsic,left,left,True
FRCLTEXT001019_front,external intrinsic,back,back,True
FRCLTEXT001019_left,external intrinsic,right,right,True
FRCLTEXT001019_back,external intrinsic,front,front,True
FRCLTEXT001019_right,external intrinsic,left,left,True
FRCLTEXT001020_front,external relative,left,left,True
FRCLTEXT001020_left,external relative,left,left,True
FRCLTEXT001020_back,external relative,left,left,True
FRCLTEXT001020_right,external relative,left,left,True
FRCLTEXT001021_front,internal intrinsic,front,front,True
FRCLTEXT001021_left,internal intrinsic,left,back,False
FRCLTEXT001021_back,internal intrinsic,back,front,False
FRCLTEXT001021_right,internal intrinsic,right,back,False
FRCLTEXT001022,external relative,left,left,True
FRCLTEXT001023_front,external intrinsic,left,left,True
FRCLTEXT001023_left,external intrinsic,back,back,True
FRCLTEXT001023_back,external intrinsic,right,right,True
FRCLTEXT001023_right,external intrinsic,front,front,True
FRCLTEXT001024,internal relative,left,left,True
FRCLTEXT001025_front,external intrinsic,right,right,True
FRCLTEXT001025_left,external intrinsic,front,front,True
FRCLTEXT001025_back,external intrinsic,left,left,True
FRCLTEXT001025_right,external intrinsic,back,back,True
FRCLTEXT001026,external relative,left,left,True
FRCLTEXT001027,external relative,right,right,True
FRCLTEXT001028_front,external relative,front,front,True
FRCLTEXT001028_left,external relative,front,front,True
FRCLTEXT001028_back,external relative,front,front,True
FRCLTEXT001028_right,external relative,front,front,True
FRCLTEXT001029_front,external intrinsic,right,right,True
FRCLTEXT001029_left,external intrinsic,front,front,True
FRCLTEXT001029_back,external intrinsic,left,left,True
FRCLTEXT001029_right,external intrinsic,back,back,True
FRCLTEXT001030_front,external relative,front,front,True
FRCLTEXT001030_left,external relative,front,front,True
FRCLTEXT001030_back,external relative,front,front,True
FRCLTEXT001030_right,external relative,front,front,True
FRCLTEXT001031_front,external intrinsic,left,front,False
FRCLTEXT001031_left,external intrinsic,back,back,True
FRCLTEXT001031_back,external intrinsic,right,right,True
FRCLTEXT001031_right,external intrinsic,front,front,True
FRCLTEXT001032_front,external relative,back,back,True
FRCLTEXT001032_left,external relative,back,back,True
FRCLTEXT001032_back,external relative,back,back,True
FRCLTEXT001032_right,external relative,back,back,True
FRCLTEXT001033,external relative,front,front,True
FRCLTEXT001034_front,external relative,front,front,True
FRCLTEXT001034_left,external relative,front,right,False
FRCLTEXT001034_back,external relative,front,front,True
FRCLTEXT001034_right,external relative,front,front,True
FRCLTEXT001035_front,internal relative,left,right,False
FRCLTEXT001035_left,internal relative,left,left,True
FRCLTEXT001035_back,internal relative,left,left,True
FRCLTEXT001035_right,internal relative,left,left,True
FRCLTEXT001036_front,external relative,right,right,True
FRCLTEXT001036_left,external relative,right,right,True
FRCLTEXT001036_back,external relative,right,right,True
FRCLTEXT001036_right,external relative,right,right,True
FRCLTEXT001037_front,external intrinsic,right,back,False
FRCLTEXT001037_left,external intrinsic,front,front,True
FRCLTEXT001037_back,external intrinsic,left,front,False
FRCLTEXT001037_right,external intrinsic,back,back,True
FRCLTEXT001038,external relative,left,left,True
FRCLTEXT001039,external relative,right,right,True
FRCLTEXT001040,internal relative,front,front,True
FRCLTEXT001041_front,external intrinsic,front,front,True
FRCLTEXT001041_left,external intrinsic,left,left,True
FRCLTEXT001041_back,external intrinsic,back,front,False
FRCLTEXT001041_right,external intrinsic,right,right,True
FRCLTEXT001042_front,external relative,left,left,True
FRCLTEXT001042_left,external relative,left,left,True
FRCLTEXT001042_back,external relative,left,left,True
FRCLTEXT001042_right,external relative,left,left,True
FRCLTEXT001043_front,external relative,right,right,True
FRCLTEXT001043_left,external relative,right,right,True
FRCLTEXT001043_back,external relative,right,right,True
FRCLTEXT001043_right,external relative,right,right,True
FRCLTEXT001044_front,external intrinsic,back,back,True
FRCLTEXT001044_left,external intrinsic,right,right,True
FRCLTEXT001044_back,external intrinsic,front,front,True
FRCLTEXT001044_right,external intrinsic,left,left,True
FRCLTEXT001045_front,external intrinsic,left,front,False
FRCLTEXT001045_left,external intrinsic,back,back,True
FRCLTEXT001045_back,external intrinsic,right,right,True
FRCLTEXT001045_right,external intrinsic,front,front,True
FRCLTEXT001046,external relative,left,left,True
FRCLTEXT001047_front,external intrinsic,right,right,True
FRCLTEXT001047_left,external intrinsic,front,front,True
FRCLTEXT001047_back,external intrinsic,left,left,True
FRCLTEXT001047_right,external intrinsic,back,back,True
FRCLTEXT001048_front,external intrinsic,front,front,True
FRCLTEXT001048_left,external intrinsic,left,left,True
FRCLTEXT001048_back,external intrinsic,back,back,True
FRCLTEXT001048_right,external intrinsic,right,right,True
FRCLTEXT001049_front,external relative,left,left,True
FRCLTEXT001049_left,external relative,left,left,True
FRCLTEXT001049_back,external relative,left,left,True
FRCLTEXT001049_right,external relative,left,left,True
FRCLTEXT001050,external relative,right,right,True
FRCLTEXT001051_front,external relative,back,back,True
FRCLTEXT001051_left,external relative,back,back,True
FRCLTEXT001051_back,external relative,back,back,True
FRCLTEXT001051_right,external relative,back,back,True
FRCLTEXT001052,external relative,right,right,True
FRCLTEXT001053_front,external relative,right,right,True
FRCLTEXT001053_left,external relative,right,right,True
FRCLTEXT001053_back,external relative,right,right,True
FRCLTEXT001053_right,external relative,right,right,True
FRCLTEXT001054_front,external intrinsic,back,front,False
FRCLTEXT001054_left,external intrinsic,right,back,False
FRCLTEXT001054_back,external intrinsic,front,front,True
FRCLTEXT001054_right,external intrinsic,left,left,True
FRCLTEXT001055_front,external relative,left,left,True
FRCLTEXT001055_left,external relative,left,left,True
FRCLTEXT001055_back,external relative,left,left,True
FRCLTEXT001055_right,external relative,left,left,True
FRCLTEXT001056_front,external relative,left,left,True
FRCLTEXT001056_left,external relative,left,left,True
FRCLTEXT001056_back,external relative,left,left,True
FRCLTEXT001056_right,external relative,left,left,True
FRCLTEXT001057_front,external intrinsic,back,front,False
FRCLTEXT001057_left,external intrinsic,right,right,True
FRCLTEXT001057_back,external intrinsic,front,front,True
FRCLTEXT001057_right,external intrinsic,left,left,True
FRCLTEXT001058_front,external intrinsic,left,left,True
FRCLTEXT001058_left,external intrinsic,back,front,False
FRCLTEXT001058_back,external intrinsic,right,right,True
FRCLTEXT001058_right,external intrinsic,front,front,True
FRCLTEXT001059_front,internal intrinsic,left,back,False
FRCLTEXT001059_left,internal intrinsic,back,back,True
FRCLTEXT001059_back,internal intrinsic,right,right,True
FRCLTEXT001059_right,internal intrinsic,front,front,True
FRCLTEXT001060,internal relative,back,back,True
FRCLTEXT001061_front,external intrinsic,right,right,True
FRCLTEXT001061_left,external intrinsic,front,front,True
FRCLTEXT001061_back,external intrinsic,left,left,True
FRCLTEXT001061_right,external intrinsic,back,back,True
FRCLTEXT001062_front,external relative,left,left,True
FRCLTEXT001062_left,external relative,left,right,False
FRCLTEXT001062_back,external relative,left,left,True
FRCLTEXT001062_right,external relative,left,right,False
FRCLTEXT001063_front,external intrinsic,front,front,True
FRCLTEXT001063_left,external intrinsic,left,left,True
FRCLTEXT001063_back,external intrinsic,back,back,True
FRCLTEXT001063_right,external intrinsic,right,right,True
FRCLTEXT001064,external relative,back,back,True
FRCLTEXT001065_front,external relative,back,back,True
FRCLTEXT001065_left,external relative,back,back,True
FRCLTEXT001065_back,external relative,back,back,True
FRCLTEXT001065_right,external relative,back,back,True
FRCLTEXT001066_front,external relative,back,back,True
FRCLTEXT001066_left,external relative,back,back,True
FRCLTEXT001066_back,external relative,back,back,True
FRCLTEXT001066_right,external relative,back,back,True
FRCLTEXT001067_front,external intrinsic,front,front,True
FRCLTEXT001067_left,external intrinsic,left,left,True
FRCLTEXT001067_back,external intrinsic,back,back,True
FRCLTEXT001067_right,external intrinsic,right,right,True
FRCLTEXT001068_front,external relative,back,back,True
FRCLTEXT001068_left,external relative,back,back,True
FRCLTEXT001068_back,external relative,back,back,True
FRCLTEXT001068_right,external relative,back,back,True
FRCLTEXT001069_front,external intrinsic,front,front,True
FRCLTEXT001069_left,external intrinsic,left,left,True
FRCLTEXT001069_back,external intrinsic,back,back,True
FRCLTEXT001069_right,external intrinsic,right,right,True
FRCLTEXT001070_front,external intrinsic,left,left,True
FRCLTEXT001070_left,external intrinsic,back,back,True
FRCLTEXT001070_back,external intrinsic,right,right,True
FRCLTEXT001070_right,external intrinsic,front,front,True
FRCLTEXT001071_front,external intrinsic,front,front,True
FRCLTEXT001071_left,external intrinsic,left,left,True
FRCLTEXT001071_back,external intrinsic,back,back,True
FRCLTEXT001071_right,external intrinsic,right,right,True
FRCLTEXT001072,external relative,left,left,True
FRCLTEXT001073_front,external intrinsic,back,back,True
FRCLTEXT001073_left,external intrinsic,right,right,True
FRCLTEXT001073_back,external intrinsic,front,front,True
FRCLTEXT001073_right,external intrinsic,left,left,True
FRCLTEXT001074_front,internal intrinsic,right,back,False
FRCLTEXT001074_left,internal intrinsic,front,front,True
FRCLTEXT001074_back,internal intrinsic,left,left,True
FRCLTEXT001074_right,internal intrinsic,back,back,True
FRCLTEXT001075_front,external intrinsic,back,back,True
FRCLTEXT001075_left,external intrinsic,right,right,True
FRCLTEXT001075_back,external intrinsic,front,front,True
FRCLTEXT001075_right,external intrinsic,left,left,True
FRCLTEXT001076_front,external intrinsic,front,front,True
FRCLTEXT001076_left,external intrinsic,left,left,True
FRCLTEXT001076_back,external intrinsic,back,back,True
FRCLTEXT001076_right,external intrinsic,right,right,True
FRCLTEXT001077_front,external intrinsic,right,right,True
FRCLTEXT001077_left,external intrinsic,front,front,True
FRCLTEXT001077_back,external intrinsic,left,left,True
FRCLTEXT001077_right,external intrinsic,back,back,True
FRCLTEXT001078_front,external intrinsic,right,right,True
FRCLTEXT001078_left,external intrinsic,front,front,True
FRCLTEXT001078_back,external intrinsic,left,left,True
FRCLTEXT001078_right,external intrinsic,back,back,True
FRCLTEXT001079_front,internal intrinsic,back,back,True
FRCLTEXT001079_left,internal intrinsic,right,right,True
FRCLTEXT001079_back,internal intrinsic,front,front,True
FRCLTEXT001079_right,internal intrinsic,left,left,True
FRCLTEXT001080_front,internal intrinsic,front,front,True
FRCLTEXT001080_left,internal intrinsic,left,left,True
FRCLTEXT001080_back,internal intrinsic,back,back,True
FRCLTEXT001080_right,internal intrinsic,right,right,True
FRCLTEXT001081_front,external relative,left,left,True
FRCLTEXT001081_left,external relative,left,left,True
FRCLTEXT001081_back,external relative,left,right,False
FRCLTEXT001081_right,external relative,left,left,True
FRCLTEXT001082_front,external intrinsic,back,back,True
FRCLTEXT001082_left,external intrinsic,right,right,True
FRCLTEXT001082_back,external intrinsic,front,front,True
FRCLTEXT001082_right,external intrinsic,left,left,True
FRCLTEXT001083,external relative,front,front,True
FRCLTEXT001084_front,external intrinsic,front,back,False
FRCLTEXT001084_left,external intrinsic,left,left,True
FRCLTEXT001084_back,external intrinsic,back,back,True
FRCLTEXT001084_right,external intrinsic,right,back,False
FRCLTEXT001085_front,external intrinsic,back,back,True
FRCLTEXT001085_left,external intrinsic,right,right,True
FRCLTEXT001085_back,external intrinsic,front,front,True
FRCLTEXT001085_right,external intrinsic,left,left,True
FRCLTEXT001086,external relative,back,back,True
FRCLTEXT001087_front,external intrinsic,front,front,True
FRCLTEXT001087_left,external intrinsic,left,left,True
FRCLTEXT001087_back,external intrinsic,back,back,True
FRCLTEXT001087_right,external intrinsic,right,right,True
FRCLTEXT001088,internal relative,front,front,True
FRCLTEXT001089_front,internal intrinsic,front,front,True
FRCLTEXT001089_left,internal intrinsic,left,left,True
FRCLTEXT001089_back,internal intrinsic,back,back,True
FRCLTEXT001089_right,internal intrinsic,right,right,True
FRCLTEXT001090_front,external intrinsic,right,right,True
FRCLTEXT001090_left,external intrinsic,front,front,True
FRCLTEXT001090_back,external intrinsic,left,left,True
FRCLTEXT001090_right,external intrinsic,back,back,True
FRCLTEXT001091,external relative,left,left,True
FRCLTEXT001092_front,external relative,back,back,True
FRCLTEXT001092_left,external relative,back,back,True
FRCLTEXT001092_back,external relative,back,front,False
FRCLTEXT001092_right,external relative,back,back,True
FRCLTEXT001093_front,external relative,front,front,True
FRCLTEXT001093_left,external relative,front,front,True
FRCLTEXT001093_back,external relative,front,front,True
FRCLTEXT001093_right,external relative,front,front,True
FRCLTEXT001094_front,external relative,front,front,True
FRCLTEXT001094_left,external relative,front,front,True
FRCLTEXT001094_back,external relative,front,front,True
FRCLTEXT001094_right,external relative,front,front,True
FRCLTEXT001095_front,external relative,back,back,True
FRCLTEXT001095_left,external relative,back,back,True
FRCLTEXT001095_back,external relative,back,back,True
FRCLTEXT001095_right,external relative,back,back,True
FRCLTEXT001096_front,external intrinsic,back,back,True
FRCLTEXT001096_left,external intrinsic,right,back,False
FRCLTEXT001096_back,external intrinsic,front,front,True
FRCLTEXT001096_right,external intrinsic,left,left,True
FRCLTEXT001097_front,external intrinsic,right,right,True
FRCLTEXT001097_left,external intrinsic,front,front,True
FRCLTEXT001097_back,external intrinsic,left,front,False
FRCLTEXT001097_right,external intrinsic,back,back,True
FRCLTEXT001098,external relative,right,right,True
FRCLTEXT001099_front,internal intrinsic,back,front,False
FRCLTEXT001099_left,internal intrinsic,right,right,True
FRCLTEXT001099_back,internal intrinsic,front,front,True
FRCLTEXT001099_right,internal intrinsic,left,left,True
FRCLTEXT001100_front,external relative,front,front,True
FRCLTEXT001100_left,external relative,front,front,True
FRCLTEXT001100_back,external relative,front,front,True
FRCLTEXT001100_right,external relative,front,front,True
FRCLTEXT001101_front,external relative,back,back,True
FRCLTEXT001101_left,external relative,back,back,True
FRCLTEXT001101_back,external relative,back,front,False
FRCLTEXT001101_right,external relative,back,back,True
FRCLTEXT001102,external relative,left,left,True
FRCLTEXT001103_front,internal relative,back,back,True
FRCLTEXT001103_left,internal relative,back,back,True
FRCLTEXT001103_back,internal relative,back,back,True
FRCLTEXT001103_right,internal relative,back,back,True
FRCLTEXT001104,external relative,back,back,True
FRCLTEXT001105_front,external relative,right,right,True
FRCLTEXT001105_left,external relative,right,right,True
FRCLTEXT001105_back,external relative,right,front,False
FRCLTEXT001105_right,external relative,right,right,True
FRCLTEXT001106,external relative,front,front,True
FRCLTEXT001107_front,external relative,front,front,True
FRCLTEXT001107_left,external relative,front,front,True
FRCLTEXT001107_back,external relative,front,front,True
FRCLTEXT001107_right,external relative,front,front,True
FRCLTEXT001108_front,external relative,left,left,True
FRCLTEXT001108_left,external relative,left,left,True
FRCLTEXT001108_back,external relative,left,left,True
FRCLTEXT001108_right,external relative,left,front,False
FRCLTEXT001109,external relative,back,back,True
FRCLTEXT001110_front,external relative,right,front,False
FRCLTEXT001110_left,external relative,right,right,True
FRCLTEXT001110_back,external relative,right,right,True
FRCLTEXT001110_right,external relative,right,right,True
FRCLTEXT001111_front,internal relative,back,front,False
FRCLTEXT001111_left,internal relative,back,back,True
FRCLTEXT001111_back,internal relative,back,back,True
FRCLTEXT001111_right,internal relative,back,back,True
FRCLTEXT001112_front,external intrinsic,back,back,True
FRCLTEXT001112_left,external intrinsic,right,right,True
FRCLTEXT001112_back,external intrinsic,front,front,True
FRCLTEXT001112_right,external intrinsic,left,left,True
FRCLTEXT001113_front,internal intrinsic,front,front,True
FRCLTEXT001113_left,internal intrinsic,left,left,True
FRCLTEXT001113_back,internal intrinsic,back,back,True
FRCLTEXT001113_right,internal intrinsic,right,right,True
FRCLTEXT001114_front,internal intrinsic,left,left,True
FRCLTEXT001114_left,internal intrinsic,back,back,True
FRCLTEXT001114_back,internal intrinsic,right,right,True
FRCLTEXT001114_right,internal intrinsic,front,front,True
FRCLTEXT001115_front,external intrinsic,right,front,False
FRCLTEXT001115_left,external intrinsic,front,front,True
FRCLTEXT001115_back,external intrinsic,left,left,True
FRCLTEXT001115_right,external intrinsic,back,back,True
FRCLTEXT001116_front,external intrinsic,front,front,True
FRCLTEXT001116_left,external intrinsic,left,left,True
FRCLTEXT001116_back,external intrinsic,back,back,True
FRCLTEXT001116_right,external intrinsic,right,right,True
FRCLTEXT001117_front,external relative,back,back,True
FRCLTEXT001117_left,external relative,back,back,True
FRCLTEXT001117_back,external relative,back,back,True
FRCLTEXT001117_right,external relative,back,back,True
FRCLTEXT001118_front,external relative,left,left,True
FRCLTEXT001118_left,external relative,left,left,True
FRCLTEXT001118_back,external relative,left,left,True
FRCLTEXT001118_right,external relative,left,left,True
FRCLTEXT001119,external relative,front,front,True
FRCLTEXT001120_front,external relative,left,left,True
FRCLTEXT001120_left,external relative,left,left,True
FRCLTEXT001120_back,external relative,left,right,False
FRCLTEXT001120_right,external relative,left,left,True
FRCLTEXT001121,external relative,back,back,True
FRCLTEXT001122_front,external intrinsic,left,left,True
FRCLTEXT001122_left,external intrinsic,back,back,True
FRCLTEXT001122_back,external intrinsic,right,right,True
FRCLTEXT001122_right,external intrinsic,front,front,True
FRCLTEXT001123_front,external relative,back,back,True
FRCLTEXT001123_left,external relative,back,back,True
FRCLTEXT001123_back,external relative,back,back,True
FRCLTEXT001123_right,external relative,back,back,True
FRCLTEXT001124_front,external intrinsic,left,left,True
FRCLTEXT001124_left,external intrinsic,back,back,True
FRCLTEXT001124_back,external intrinsic,right,right,True
FRCLTEXT001124_right,external intrinsic,front,front,True
FRCLTEXT001125_front,external intrinsic,front,front,True
FRCLTEXT001125_left,external intrinsic,left,left,True
FRCLTEXT001125_back,external intrinsic,back,front,False
FRCLTEXT001125_right,external intrinsic,right,right,True
FRCLTEXT001126,external relative,left,left,True
FRCLTEXT001127_front,external intrinsic,left,left,True
FRCLTEXT001127_left,external intrinsic,back,back,True
FRCLTEXT001127_back,external intrinsic,right,right,True
FRCLTEXT001127_right,external intrinsic,front,back,False
FRCLTEXT001128,external relative,right,right,True
FRCLTEXT001129_front,internal intrinsic,right,front,False
FRCLTEXT001129_left,internal intrinsic,front,front,True
FRCLTEXT001129_back,internal intrinsic,left,left,True
FRCLTEXT001129_right,internal intrinsic,back,back,True
FRCLTEXT001130_front,external relative,left,left,True
FRCLTEXT001130_left,external relative,left,left,True
FRCLTEXT001130_back,external relative,left,left,True
FRCLTEXT001130_right,external relative,left,left,True
FRCLTEXT001131_front,external intrinsic,front,front,True
FRCLTEXT001131_left,external intrinsic,left,left,True
FRCLTEXT001131_back,external intrinsic,back,back,True
FRCLTEXT001131_right,external intrinsic,right,right,True
FRCLTEXT001132_front,external intrinsic,front,front,True
FRCLTEXT001132_left,external intrinsic,left,front,False
FRCLTEXT001132_back,external intrinsic,back,back,True
FRCLTEXT001132_right,external intrinsic,right,right,True
FRCLTEXT001133,external relative,right,right,True
FRCLTEXT001134_front,external intrinsic,left,left,True
FRCLTEXT001134_left,external intrinsic,back,back,True
FRCLTEXT001134_back,external intrinsic,right,right,True
FRCLTEXT001134_right,external intrinsic,front,front,True
FRCLTEXT001135,internal relative,back,back,True
FRCLTEXT001136,external relative,right,right,True
FRCLTEXT001137_front,external intrinsic,back,front,False
FRCLTEXT001137_left,external intrinsic,right,front,False
FRCLTEXT001137_back,external intrinsic,front,front,True
FRCLTEXT001137_right,external intrinsic,left,left,True
FRCLTEXT001138_front,external relative,right,right,True
FRCLTEXT001138_left,external relative,right,right,True
FRCLTEXT001138_back,external relative,right,right,True
FRCLTEXT001138_right,external relative,right,right,True
FRCLTEXT001139_front,internal relative,left,left,True
FRCLTEXT001139_left,internal relative,left,left,True
FRCLTEXT001139_back,internal relative,left,left,True
FRCLTEXT001139_right,internal relative,left,left,True
FRCLTEXT001140_front,internal intrinsic,left,left,True
FRCLTEXT001140_left,internal intrinsic,back,front,False
FRCLTEXT001140_back,internal intrinsic,right,right,True
FRCLTEXT001140_right,internal intrinsic,front,front,True
FRCLTEXT001141_front,external intrinsic,front,front,True
FRCLTEXT001141_left,external intrinsic,left,left,True
FRCLTEXT001141_back,external intrinsic,back,front,False
FRCLTEXT001141_right,external intrinsic,right,right,True
FRCLTEXT001142,external relative,front,front,True
FRCLTEXT001143,external relative,back,back,True
FRCLTEXT001144,internal relative,front,front,True
FRCLTEXT001145_front,external intrinsic,right,right,True
FRCLTEXT001145_left,external intrinsic,front,back,False
FRCLTEXT001145_back,external intrinsic,left,left,True
FRCLTEXT001145_right,external intrinsic,back,back,True
FRCLTEXT001146_front,external relative,front,front,True
FRCLTEXT001146_left,external relative,front,front,True
FRCLTEXT001146_back,external relative,front,front,True
FRCLTEXT001146_right,external relative,front,front,True
FRCLTEXT001147_front,external intrinsic,back,back,True
FRCLTEXT001147_left,external intrinsic,right,right,True
FRCLTEXT001147_back,external intrinsic,front,front,True
FRCLTEXT001147_right,external intrinsic,left,left,True
FRCLTEXT001148,internal relative,left,left,True
FRCLTEXT001149_front,external intrinsic,front,front,True
FRCLTEXT001149_left,external intrinsic,left,left,True
FRCLTEXT001149_back,external intrinsic,back,back,True
FRCLTEXT001149_right,external intrinsic,right,right,True
FRCLTEXT001150_front,external intrinsic,front,front,True
FRCLTEXT001150_left,external intrinsic,left,left,True
FRCLTEXT001150_back,external intrinsic,back,back,True
FRCLTEXT001150_right,external intrinsic,right,right,True
FRCLTEXT001151_front,internal relative,back,back,True
FRCLTEXT001151_left,internal relative,back,back,True
FRCLTEXT001151_back,internal relative,back,back,True
FRCLTEXT001151_right,internal relative,back,back,True
FRCLTEXT001152,external relative,front,front,True
FRCLTEXT001153_front,external intrinsic,back,back,True
FRCLTEXT001153_left,external intrinsic,right,right,True
FRCLTEXT001153_back,external intrinsic,front,front,True
FRCLTEXT001153_right,external intrinsic,left,left,True
FRCLTEXT001154_front,internal intrinsic,back,front,False
FRCLTEXT001154_left,internal intrinsic,right,right,True
FRCLTEXT001154_back,internal intrinsic,front,front,True
FRCLTEXT001154_right,internal intrinsic,left,left,True
FRCLTEXT001155,external relative,back,back,True
FRCLTEXT001156_front,external intrinsic,left,left,True
FRCLTEXT001156_left,external intrinsic,back,back,True
FRCLTEXT001156_back,external intrinsic,right,right,True
FRCLTEXT001156_right,external intrinsic,front,front,True
FRCLTEXT001157_front,external intrinsic,back,front,False
FRCLTEXT001157_left,external intrinsic,right,right,True
FRCLTEXT001157_back,external intrinsic,front,front,True
FRCLTEXT001157_right,external intrinsic,left,left,True
FRCLTEXT001158_front,external relative,right,right,True
FRCLTEXT001158_left,external relative,right,right,True
FRCLTEXT001158_back,external relative,right,right,True
FRCLTEXT001158_right,external relative,right,right,True
FRCLTEXT001159_front,external intrinsic,left,left,True
FRCLTEXT001159_left,external intrinsic,back,back,True
FRCLTEXT001159_back,external intrinsic,right,right,True
FRCLTEXT001159_right,external intrinsic,front,front,True
FRCLTEXT001160_front,internal intrinsic,right,front,False
FRCLTEXT001160_left,internal intrinsic,front,front,True
FRCLTEXT001160_back,internal intrinsic,left,left,True
FRCLTEXT001160_right,internal intrinsic,back,back,True
FRCLTEXT001161,external relative,back,back,True
FRCLTEXT001162_front,external relative,back,back,True
FRCLTEXT001162_left,external relative,back,back,True
FRCLTEXT001162_back,external relative,back,back,True
FRCLTEXT001162_right,external relative,back,back,True
FRCLTEXT001163_front,external intrinsic,back,back,True
FRCLTEXT001163_left,external intrinsic,right,right,True
FRCLTEXT001163_back,external intrinsic,front,front,True
FRCLTEXT001163_right,external intrinsic,left,front,False
FRCLTEXT001164_front,external relative,left,left,True
FRCLTEXT001164_left,external relative,left,left,True
FRCLTEXT001164_back,external relative,left,left,True
FRCLTEXT001164_right,external relative,left,left,True
FRCLTEXT001165,external relative,left,left,True
FRCLTEXT001166,external relative,front,front,True
FRCLTEXT001167,external relative,right,right,True
FRCLTEXT001168_front,external relative,right,right,True
FRCLTEXT001168_left,external relative,right,right,True
FRCLTEXT001168_back,external relative,right,right,True
FRCLTEXT001168_right,external relative,right,right,True
FRCLTEXT001169_front,external intrinsic,right,right,True
FRCLTEXT001169_left,external intrinsic,front,front,True
FRCLTEXT001169_back,external intrinsic,left,left,True
FRCLTEXT001169_right,external intrinsic,back,back,True
FRCLTEXT001170_front,external relative,left,left,True
FRCLTEXT001170_left,external relative,left,right,False
FRCLTEXT001170_back,external relative,left,left,True
FRCLTEXT001170_right,external relative,left,left,True
FRCLTEXT001171_front,external relative,right,right,True
FRCLTEXT001171_left,external relative,right,right,True
FRCLTEXT001171_back,external relative,right,right,True
FRCLTEXT001171_right,external relative,right,right,True
FRCLTEXT001172_front,external intrinsic,left,left,True
FRCLTEXT001172_left,external intrinsic,back,back,True
FRCLTEXT001172_back,external intrinsic,right,right,True
FRCLTEXT001172_right,external intrinsic,front,front,True
FRCLTEXT001173_front,external relative,back,back,True
FRCLTEXT001173_left,external relative,back,right,False
FRCLTEXT001173_back,external relative,back,front,False
FRCLTEXT001173_right,external relative,back,back,True
FRCLTEXT001174_front,external intrinsic,left,front,False
FRCLTEXT001174_left,external intrinsic,back,back,True
FRCLTEXT001174_back,external intrinsic,right,right,True
FRCLTEXT001174_right,external intrinsic,front,front,True
FRCLTEXT001175_front,external intrinsic,back,back,True
FRCLTEXT001175_left,external intrinsic,right,right,True
FRCLTEXT001175_back,external intrinsic,front,front,True
FRCLTEXT001175_right,external intrinsic,left,left,True
FRCLTEXT001176_front,external relative,front,front,True
FRCLTEXT001176_left,external relative,front,front,True
FRCLTEXT001176_back,external relative,front,front,True
FRCLTEXT001176_right,external relative,front,front,True
FRCLTEXT001177_front,external intrinsic,left,left,True
FRCLTEXT001177_left,external intrinsic,back,back,True
FRCLTEXT001177_back,external intrinsic,right,right,True
FRCLTEXT001177_right,external intrinsic,front,front,True
FRCLTEXT001178_front,external relative,front,front,True
FRCLTEXT001178_left,external relative,front,front,True
FRCLTEXT001178_back,external relative,front,front,True
FRCLTEXT001178_right,external relative,front,front,True
FRCLTEXT001179_front,external relative,front,front,True
FRCLTEXT001179_left,external relative,front,front,True
FRCLTEXT001179_back,external relative,front,front,True
FRCLTEXT001179_right,external relative,front,front,True
FRCLTEXT001180_front,external relative,back,back,True
FRCLTEXT001180_left,external relative,back,front,False
FRCLTEXT001180_back,external relative,back,right,False
FRCLTEXT001180_right,external relative,back,back,True
FRCLTEXT001181_front,external relative,back,back,True
FRCLTEXT001181_left,external relative,back,back,True
FRCLTEXT001181_back,external relative,back,back,True
FRCLTEXT001181_right,external relative,back,right,False
FRCLTEXT001182_front,external intrinsic,front,front,True
FRCLTEXT001182_left,external intrinsic,left,left,True
FRCLTEXT001182_back,external intrinsic,back,back,True
FRCLTEXT001182_right,external intrinsic,right,right,True
FRCLTEXT001183_front,internal intrinsic,front,back,False
FRCLTEXT001183_left,internal intrinsic,left,back,False
FRCLTEXT001183_back,internal intrinsic,back,front,False
FRCLTEXT001183_right,internal intrinsic,right,front,False
FRCLTEXT001184_front,external intrinsic,front,front,True
FRCLTEXT001184_left,external intrinsic,left,left,True
FRCLTEXT001184_back,external intrinsic,back,back,True
FRCLTEXT001184_right,external intrinsic,right,back,False
FRCLTEXT001185,external relative,right,right,True
FRCLTEXT001186_front,external intrinsic,left,left,True
FRCLTEXT001186_left,external intrinsic,back,back,True
FRCLTEXT001186_back,external intrinsic,right,front,False
FRCLTEXT001186_right,external intrinsic,front,front,True
FRCLTEXT001187,external relative,front,front,True
FRCLTEXT001188,external relative,back,back,True
FRCLTEXT001189_front,external intrinsic,left,left,True
FRCLTEXT001189_left,external intrinsic,back,back,True
FRCLTEXT001189_back,external intrinsic,right,right,True
FRCLTEXT001189_right,external intrinsic,front,front,True
FRCLTEXT001190_front,external intrinsic,right,right,True
FRCLTEXT001190_left,external intrinsic,front,front,True
FRCLTEXT001190_back,external intrinsic,left,left,True
FRCLTEXT001190_right,external intrinsic,back,back,True
FRCLTEXT001191_front,external intrinsic,left,left,True
FRCLTEXT001191_left,external intrinsic,back,back,True
FRCLTEXT001191_back,external intrinsic,right,right,True
FRCLTEXT001191_right,external intrinsic,front,back,False
FRCLTEXT001192_front,external relative,right,right,True
FRCLTEXT001192_left,external relative,right,right,True
FRCLTEXT001192_back,external relative,right,right,True
FRCLTEXT001192_right,external relative,right,right,True
FRCLTEXT001193,external relative,back,back,True
FRCLTEXT001194_front,external intrinsic,back,back,True
FRCLTEXT001194_left,external intrinsic,right,back,False
FRCLTEXT001194_back,external intrinsic,front,front,True
FRCLTEXT001194_right,external intrinsic,left,left,True
FRCLTEXT001195_front,external intrinsic,back,back,True
FRCLTEXT001195_left,external intrinsic,right,right,True
FRCLTEXT001195_back,external intrinsic,front,front,True
FRCLTEXT001195_right,external intrinsic,left,front,False
FRCLTEXT001196_front,external relative,left,left,True
FRCLTEXT001196_left,external relative,left,left,True
FRCLTEXT001196_back,external relative,left,left,True
FRCLTEXT001196_right,external relative,left,left,True
FRCLTEXT001197,external relative,left,left,True
FRCLTEXT001198_front,external relative,front,front,True
FRCLTEXT001198_left,external relative,front,front,True
FRCLTEXT001198_back,external relative,front,front,True
FRCLTEXT001198_right,external relative,front,front,True
FRCLTEXT001199_front,external intrinsic,front,front,True
FRCLTEXT001199_left,external intrinsic,left,left,True
FRCLTEXT001199_back,external intrinsic,back,back,True
FRCLTEXT001199_right,external intrinsic,right,right,True
FRCLTEXT001200_front,external intrinsic,right,right,True
FRCLTEXT001200_left,external intrinsic,front,front,True
FRCLTEXT001200_back,external intrinsic,left,back,False
FRCLTEXT001200_right,external intrinsic,back,back,True
FRCLTEXT001201,external relative,front,front,True
FRCLTEXT001202_front,external intrinsic,back,back,True
FRCLTEXT001202_left,external intrinsic,right,front,False
FRCLTEXT001202_back,external intrinsic,front,front,True
FRCLTEXT001202_right,external intrinsic,left,left,True
FRCLTEXT001203_front,external relative,front,front,True
FRCLTEXT001203_left,external relative,front,front,True
FRCLTEXT001203_back,external relative,front,front,True
FRCLTEXT001203_right,external relative,front,front,True
FRCLTEXT001204,external relative,left,left,True
FRCLTEXT001205_front,external intrinsic,back,front,False
FRCLTEXT001205_left,external intrinsic,right,right,True
FRCLTEXT001205_back,external intrinsic,front,front,True
FRCLTEXT001205_right,external intrinsic,left,left,True
FRCLTEXT001206_front,external intrinsic,back,back,True
FRCLTEXT001206_left,external intrinsic,right,right,True
FRCLTEXT001206_back,external intrinsic,front,front,True
FRCLTEXT001206_right,external intrinsic,left,left,True
FRCLTEXT001207_front,external relative,back,back,True
FRCLTEXT001207_left,external relative,back,back,True
FRCLTEXT001207_back,external relative,back,right,False
FRCLTEXT001207_right,external relative,back,back,True
FRCLTEXT001208_front,internal relative,left,front,False
FRCLTEXT001208_left,internal relative,left,left,True
FRCLTEXT001208_back,internal relative,left,right,False
FRCLTEXT001208_right,internal relative,left,left,True
FRCLTEXT001209_front,external intrinsic,right,right,True
FRCLTEXT001209_left,external intrinsic,front,front,True
FRCLTEXT001209_back,external intrinsic,left,left,True
FRCLTEXT001209_right,external intrinsic,back,back,True
FRCLTEXT001210_front,external relative,back,back,True
FRCLTEXT001210_left,external relative,back,front,False
FRCLTEXT001210_back,external relative,back,back,True
FRCLTEXT001210_right,external relative,back,back,True
FRCLTEXT001211_front,external relative,front,front,True
FRCLTEXT001211_left,external relative,front,front,True
FRCLTEXT001211_back,external relative,front,front,True
FRCLTEXT001211_right,external relative,front,front,True
FRCLTEXT001212_front,external intrinsic,front,front,True
FRCLTEXT001212_left,external intrinsic,left,left,True
FRCLTEXT001212_back,external intrinsic,back,back,True
FRCLTEXT001212_right,external intrinsic,right,right,True
FRCLTEXT001213_front,external intrinsic,left,left,True
FRCLTEXT001213_left,external intrinsic,back,front,False
FRCLTEXT001213_back,external intrinsic,right,right,True
FRCLTEXT001213_right,external intrinsic,front,front,True
FRCLTEXT001214,external relative,left,left,True
FRCLTEXT001215_front,external intrinsic,back,front,False
FRCLTEXT001215_left,external intrinsic,right,right,True
FRCLTEXT001215_back,external intrinsic,front,front,True
FRCLTEXT001215_right,external intrinsic,left,left,True
FRCLTEXT001216,external relative,back,back,True
FRCLTEXT001217_front,external intrinsic,left,left,True
FRCLTEXT001217_left,external intrinsic,back,back,True
FRCLTEXT001217_back,external intrinsic,right,right,True
FRCLTEXT001217_right,external intrinsic,front,front,True
FRCLTEXT001218,external relative,back,back,True
FRCLTEXT001219_front,external relative,front,front,True
FRCLTEXT001219_left,external relative,front,front,True
FRCLTEXT001219_back,external relative,front,front,True
FRCLTEXT001219_right,external relative,front,front,True
FRCLTEXT001220_front,external relative,left,left,True
FRCLTEXT001220_left,external relative,left,left,True
FRCLTEXT001220_back,external relative,left,left,True
FRCLTEXT001220_right,external relative,left,left,True
FRCLTEXT001221_front,external intrinsic,right,right,True
FRCLTEXT001221_left,external intrinsic,front,front,True
FRCLTEXT001221_back,external intrinsic,left,left,True
FRCLTEXT001221_right,external intrinsic,back,front,False
FRCLTEXT001222_front,external intrinsic,right,right,True
FRCLTEXT001222_left,external intrinsic,front,front,True
FRCLTEXT001222_back,external intrinsic,left,left,True
FRCLTEXT001222_right,external intrinsic,back,back,True
FRCLTEXT001223,external relative,front,front,True
FRCLTEXT001224_front,external relative,right,right,True
FRCLTEXT001224_left,external relative,right,right,True
FRCLTEXT001224_back,external relative,right,right,True
FRCLTEXT001224_right,external relative,right,right,True
FRCLTEXT001225_front,external relative,front,front,True
FRCLTEXT001225_left,external relative,front,front,True
FRCLTEXT001225_back,external relative,front,front,True
FRCLTEXT001225_right,external relative,front,front,True
FRCLTEXT001226,external relative,right,right,True
FRCLTEXT001227,external relative,front,front,True
FRCLTEXT001228_front,external intrinsic,back,back,True
FRCLTEXT001228_left,external intrinsic,right,right,True
FRCLTEXT001228_back,external intrinsic,front,front,True
FRCLTEXT001228_right,external intrinsic,left,left,True
FRCLTEXT001229_front,external relative,right,right,True
FRCLTEXT001229_left,external relative,right,right,True
FRCLTEXT001229_back,external relative,right,right,True
FRCLTEXT001229_right,external relative,right,right,True
FRCLTEXT001230_front,external intrinsic,back,back,True
FRCLTEXT001230_left,external intrinsic,right,right,True
FRCLTEXT001230_back,external intrinsic,front,front,True
FRCLTEXT001230_right,external intrinsic,left,left,True
FRCLTEXT001231_front,external intrinsic,left,left,True
FRCLTEXT001231_left,external intrinsic,back,back,True
FRCLTEXT001231_back,external intrinsic,right,right,True
FRCLTEXT001231_right,external intrinsic,front,front,True
FRCLTEXT001232_front,external relative,left,left,True
FRCLTEXT001232_left,external relative,left,left,True
FRCLTEXT001232_back,external relative,left,left,True
FRCLTEXT001232_right,external relative,left,left,True
FRCLTEXT001233,external relative,front,front,True
FRCLTEXT001234_front,external intrinsic,left,left,True
FRCLTEXT001234_left,external intrinsic,back,back,True
FRCLTEXT001234_back,external intrinsic,right,right,True
FRCLTEXT001234_right,external intrinsic,front,front,True
FRCLTEXT001235_front,internal relative,front,front,True
FRCLTEXT001235_left,internal relative,front,front,True
FRCLTEXT001235_back,internal relative,front,front,True
FRCLTEXT001235_right,internal relative,front,front,True
FRCLTEXT001236_front,external relative,front,front,True
FRCLTEXT001236_left,external relative,front,front,True
FRCLTEXT001236_back,external relative,front,front,True
FRCLTEXT001236_right,external relative,front,front,True
FRCLTEXT001237_front,external relative,right,right,True
FRCLTEXT001237_left,external relative,right,right,True
FRCLTEXT001237_back,external relative,right,right,True
FRCLTEXT001237_right,external relative,right,right,True
FRCLTEXT001238_front,external relative,front,front,True
FRCLTEXT001238_left,external relative,front,front,True
FRCLTEXT001238_back,external relative,front,front,True
FRCLTEXT001238_right,external relative,front,front,True
FRCLTEXT001239,internal relative,back,back,True
FRCLTEXT001240_front,external intrinsic,back,back,True
FRCLTEXT001240_left,external intrinsic,right,right,True
FRCLTEXT001240_back,external intrinsic,front,front,True
FRCLTEXT001240_right,external intrinsic,left,left,True
FRCLTEXT001241_front,external intrinsic,left,left,True
FRCLTEXT001241_left,external intrinsic,back,back,True
FRCLTEXT001241_back,external intrinsic,right,right,True
FRCLTEXT001241_right,external intrinsic,front,front,True
FRCLTEXT001242_front,external intrinsic,front,front,True
FRCLTEXT001242_left,external intrinsic,left,left,True
FRCLTEXT001242_back,external intrinsic,back,back,True
FRCLTEXT001242_right,external intrinsic,right,right,True
FRCLTEXT001243,external relative,left,left,True
FRCLTEXT001244_front,external intrinsic,right,right,True
FRCLTEXT001244_left,external intrinsic,front,front,True
FRCLTEXT001244_back,external intrinsic,left,left,True
FRCLTEXT001244_right,external intrinsic,back,back,True
FRCLTEXT001245_front,external intrinsic,right,right,True
FRCLTEXT001245_left,external intrinsic,front,front,True
FRCLTEXT001245_back,external intrinsic,left,left,True
FRCLTEXT001245_right,external intrinsic,back,back,True
FRCLTEXT001246_front,external intrinsic,right,right,True
FRCLTEXT001246_left,external intrinsic,front,front,True
FRCLTEXT001246_back,external intrinsic,left,left,True
FRCLTEXT001246_right,external intrinsic,back,back,True
FRCLTEXT001247_front,internal intrinsic,back,front,False
FRCLTEXT001247_left,internal intrinsic,right,back,False
FRCLTEXT001247_back,internal intrinsic,front,front,True
FRCLTEXT001247_right,internal intrinsic,left,left,True
FRCLTEXT001248_front,external intrinsic,right,front,False
FRCLTEXT001248_left,external intrinsic,front,front,True
FRCLTEXT001248_back,external intrinsic,left,left,True
FRCLTEXT001248_right,external intrinsic,back,back,True
FRCLTEXT001249_front,external intrinsic,right,right,True
FRCLTEXT001249_left,external intrinsic,front,front,True
FRCLTEXT001249_back,external intrinsic,left,front,False
FRCLTEXT001249_right,external intrinsic,back,back,True
FRCLTEXT001250,external relative,back,back,True
FRCLTEXT001251_front,external intrinsic,front,front,True
FRCLTEXT001251_left,external intrinsic,left,front,False
FRCLTEXT001251_back,external intrinsic,back,back,True
FRCLTEXT001251_right,external intrinsic,right,back,False
FRCLTEXT001252,external relative,back,back,True
FRCLTEXT001253_front,external intrinsic,front,front,True
FRCLTEXT001253_left,external intrinsic,left,left,True
FRCLTEXT001253_back,external intrinsic,back,front,False
FRCLTEXT001253_right,external intrinsic,right,right,True
FRCLTEXT001254,external relative,front,front,True
FRCLTEXT001255_front,external relative,front,front,True
FRCLTEXT001255_left,external relative,front,front,True
FRCLTEXT001255_back,external relative,front,front,True
FRCLTEXT001255_right,external relative,front,front,True
FRCLTEXT001256_front,external relative,left,front,False
FRCLTEXT001256_left,external relative,left,left,True
FRCLTEXT001256_back,external relative,left,left,True
FRCLTEXT001256_right,external relative,left,left,True
FRCLTEXT001257,external relative,front,front,True
FRCLTEXT001258,external relative,right,right,True
FRCLTEXT001259_front,internal relative,right,right,True
FRCLTEXT001259_left,internal relative,right,right,True
FRCLTEXT001259_back,internal relative,right,right,True
FRCLTEXT001259_right,internal relative,right,right,True
FRCLTEXT001260,external relative,back,back,True
FRCLTEXT001261_front,external relative,left,left,True
FRCLTEXT001261_left,external relative,left,left,True
FRCLTEXT001261_back,external relative,left,left,True
FRCLTEXT001261_right,external relative,left,front,False
FRCLTEXT001262_front,internal intrinsic,back,back,True
FRCLTEXT001262_left,internal intrinsic,right,front,False
FRCLTEXT001262_back,internal intrinsic,front,front,True
FRCLTEXT001262_right,internal intrinsic,left,left,True
FRCLTEXT001263,external relative,left,left,True
FRCLTEXT001264_front,external intrinsic,left,back,False
FRCLTEXT001264_left,external intrinsic,back,back,True
FRCLTEXT001264_back,external intrinsic,right,right,True
FRCLTEXT001264_right,external intrinsic,front,front,True
FRCLTEXT001265_front,external intrinsic,left,left,True
FRCLTEXT001265_left,external intrinsic,back,front,False
FRCLTEXT001265_back,external intrinsic,right,right,True
FRCLTEXT001265_right,external intrinsic,front,front,True
FRCLTEXT001266,internal relative,left,left,True
FRCLTEXT001267_front,external intrinsic,right,back,False
FRCLTEXT001267_left,external intrinsic,front,front,True
FRCLTEXT001267_back,external intrinsic,left,left,True
FRCLTEXT001267_right,external intrinsic,back,back,True
FRCLTEXT001268_front,internal relative,left,left,True
FRCLTEXT001268_left,internal relative,left,left,True
FRCLTEXT001268_back,internal relative,left,left,True
FRCLTEXT001268_right,internal relative,left,left,True
FRCLTEXT001269,external relative,back,back,True
FRCLTEXT001270_front,external relative,front,front,True
FRCLTEXT001270_left,external relative,front,front,True
FRCLTEXT001270_back,external relative,front,front,True
FRCLTEXT001270_right,external relative,front,front,True
FRCLTEXT001271_front,external relative,front,front,True
FRCLTEXT001271_left,external relative,front,right,False
FRCLTEXT001271_back,external relative,front,front,True
FRCLTEXT001271_right,external relative,front,front,True
FRCLTEXT001272_front,external intrinsic,right,right,True
FRCLTEXT001272_left,external intrinsic,front,front,True
FRCLTEXT001272_back,external intrinsic,left,left,True
FRCLTEXT001272_right,external intrinsic,back,back,True
FRCLTEXT001273_front,internal relative,back,back,True
FRCLTEXT001273_left,internal relative,back,back,True
FRCLTEXT001273_back,internal relative,back,back,True
FRCLTEXT001273_right,internal relative,back,back,True
FRCLTEXT001274_front,external intrinsic,back,back,True
FRCLTEXT001274_left,external intrinsic,right,right,True
FRCLTEXT001274_back,external intrinsic,front,front,True
FRCLTEXT001274_right,external intrinsic,left,left,True
FRCLTEXT001275_front,external intrinsic,back,back,True
FRCLTEXT001275_left,external intrinsic,right,right,True
FRCLTEXT001275_back,external intrinsic,front,front,True
FRCLTEXT001275_right,external intrinsic,left,left,True
FRCLTEXT001276_front,external relative,right,right,True
FRCLTEXT001276_left,external relative,right,right,True
FRCLTEXT001276_back,external relative,right,right,True
FRCLTEXT001276_right,external relative,right,right,True
FRCLTEXT001277,internal relative,right,right,True
FRCLTEXT001278_front,internal intrinsic,left,left,True
FRCLTEXT001278_left,internal intrinsic,back,back,True
FRCLTEXT001278_back,internal intrinsic,right,right,True
FRCLTEXT001278_right,internal intrinsic,front,back,False
FRCLTEXT001279_front,external intrinsic,back,front,False
FRCLTEXT001279_left,external intrinsic,right,right,True
FRCLTEXT001279_back,external intrinsic,front,front,True
FRCLTEXT001279_right,external intrinsic,left,front,False
FRCLTEXT001280_front,external intrinsic,left,left,True
FRCLTEXT001280_left,external intrinsic,back,back,True
FRCLTEXT001280_back,external intrinsic,right,right,True
FRCLTEXT001280_right,external intrinsic,front,back,False
FRCLTEXT001281_front,external intrinsic,right,right,True
FRCLTEXT001281_left,external intrinsic,front,front,True
FRCLTEXT001281_back,external intrinsic,left,left,True
FRCLTEXT001281_right,external intrinsic,back,back,True
FRCLTEXT001282,external relative,back,back,True
FRCLTEXT001283_front,external intrinsic,left,front,False
FRCLTEXT001283_left,external intrinsic,back,back,True
FRCLTEXT001283_back,external intrinsic,right,right,True
FRCLTEXT001283_right,external intrinsic,front,front,True
FRCLTEXT001284_front,external relative,front,front,True
FRCLTEXT001284_left,external relative,front,front,True
FRCLTEXT001284_back,external relative,front,front,True
FRCLTEXT001284_right,external relative,front,front,True
FRCLTEXT001285_front,external relative,back,back,True
FRCLTEXT001285_left,external relative,back,back,True
FRCLTEXT001285_back,external relative,back,front,False
FRCLTEXT001285_right,external relative,back,back,True
FRCLTEXT001286_front,external relative,right,right,True
FRCLTEXT001286_left,external relative,right,right,True
FRCLTEXT001286_back,external relative,right,right,True
FRCLTEXT001286_right,external relative,right,right,True
FRCLTEXT001287_front,external relative,left,left,True
FRCLTEXT001287_left,external relative,left,left,True
FRCLTEXT001287_back,external relative,left,left,True
FRCLTEXT001287_right,external relative,left,left,True
FRCLTEXT001288,external relative,back,back,True
FRCLTEXT001289,external relative,left,left,True
FRCLTEXT001290_front,external intrinsic,front,front,True
FRCLTEXT001290_left,external intrinsic,left,left,True
FRCLTEXT001290_back,external intrinsic,back,back,True
FRCLTEXT001290_right,external intrinsic,right,right,True
FRCLTEXT001291_front,internal intrinsic,front,front,True
FRCLTEXT001291_left,internal intrinsic,left,left,True
FRCLTEXT001291_back,internal intrinsic,back,back,True
FRCLTEXT001291_right,internal intrinsic,right,right,True
FRCLTEXT001292_front,external relative,front,front,True
FRCLTEXT001292_left,external relative,front,front,True
FRCLTEXT001292_back,external relative,front,front,True
FRCLTEXT001292_right,external relative,front,front,True
FRCLTEXT001293,external relative,left,left,True
FRCLTEXT001294_front,internal relative,back,back,True
FRCLTEXT001294_left,internal relative,back,back,True
FRCLTEXT001294_back,internal relative,back,back,True
FRCLTEXT001294_right,internal relative,back,back,True
FRCLTEXT001295_front,external intrinsic,back,front,False
FRCLTEXT001295_left,external intrinsic,right,right,True
FRCLTEXT001295_back,external intrinsic,front,front,True
FRCLTEXT001295_right,external intrinsic,left,left,True
FRCLTEXT001296_front,external intrinsic,front,front,True
FRCLTEXT001296_left,external intrinsic,left,left,True
FRCLTEXT001296_back,external intrinsic,back,back,True
FRCLTEXT001296_right,external intrinsic,right,right,True
FRCLTEXT001297_front,external intrinsic,back,front,False
FRCLTEXT001297_left,external intrinsic,right,right,True
FRCLTEXT001297_back,external intrinsic,front,front,True
FRCLTEXT001297_right,external intrinsic,left,back,False
FRCLTEXT001298_front,external relative,back,back,True
FRCLTEXT001298_left,external relative,back,back,True
FRCLTEXT001298_back,external relative,back,back,True
FRCLTEXT001298_right,external relative,back,back,True
FRCLTEXT001299_front,external relative,front,front,True
FRCLTEXT001299_left,external relative,front,front,True
FRCLTEXT001299_back,external relative,front,front,True
FRCLTEXT001299_right,external relative,front,front,True
FRCLTEXT001300_front,external intrinsic,left,left,True
FRCLTEXT001300_left,external intrinsic,back,back,True
FRCLTEXT001300_back,external intrinsic,right,right,True
FRCLTEXT001300_right,external intrinsic,front,back,False
FRCLTEXT001301,external relative,right,right,True
FRCLTEXT001302,external relative,right,right,True
FRCLTEXT001303_front,external relative,left,left,True
FRCLTEXT001303_left,external relative,left,left,True
FRCLTEXT001303_back,external relative,left,left,True
FRCLTEXT001303_right,external relative,left,left,True
FRCLTEXT001304_front,external intrinsic,back,front,False
FRCLTEXT001304_left,external intrinsic,right,back,False
FRCLTEXT001304_back,external intrinsic,front,front,True
FRCLTEXT001304_right,external intrinsic,left,left,True
FRCLTEXT001305,external relative,back,back,True
FRCLTEXT001306_front,external relative,left,left,True
FRCLTEXT001306_left,external relative,left,right,False
FRCLTEXT001306_back,external relative,left,front,False
FRCLTEXT001306_right,external relative,left,right,False
FRCLTEXT001307_front,internal intrinsic,left,left,True
FRCLTEXT001307_left,internal intrinsic,back,back,True
FRCLTEXT001307_back,internal intrinsic,right,right,True
FRCLTEXT001307_right,internal intrinsic,front,front,True
FRCLTEXT001308_front,external intrinsic,back,back,True
FRCLTEXT001308_left,external intrinsic,right,right,True
FRCLTEXT001308_back,external intrinsic,front,front,True
FRCLTEXT001308_right,external intrinsic,left,left,True
FRCLTEXT001309,external relative,back,back,True
FRCLTEXT001310_front,external intrinsic,right,right,True
FRCLTEXT001310_left,external intrinsic,front,front,True
FRCLTEXT001310_back,external intrinsic,left,left,True
FRCLTEXT001310_right,external intrinsic,back,back,True
FRCLTEXT001311_front,external relative,back,back,True
FRCLTEXT001311_left,external relative,back,back,True
FRCLTEXT001311_back,external relative,back,back,True
FRCLTEXT001311_right,external relative,back,back,True
FRCLTEXT001312,external relative,front,front,True
FRCLTEXT001313,external relative,back,back,True
FRCLTEXT001314_front,external relative,front,front,True
FRCLTEXT001314_left,external relative,front,front,True
FRCLTEXT001314_back,external relative,front,front,True
FRCLTEXT001314_right,external relative,front,front,True
FRCLTEXT001315,internal relative,back,back,True
FRCLTEXT001316,external relative,right,right,True
FRCLTEXT001317_front,external intrinsic,front,front,True
FRCLTEXT001317_left,external intrinsic,left,left,True
FRCLTEXT001317_back,external intrinsic,back,back,True
FRCLTEXT001317_right,external intrinsic,right,right,True
FRCLTEXT001318_front,external relative,back,back,True
FRCLTEXT001318_left,external relative,back,back,True
FRCLTEXT001318_back,external relative,back,back,True
FRCLTEXT001318_right,external relative,back,back,True
FRCLTEXT001319,external relative,left,left,True
FRCLTEXT001320_front,external intrinsic,front,front,True
FRCLTEXT001320_left,external intrinsic,left,left,True
FRCLTEXT001320_back,external intrinsic,back,back,True
FRCLTEXT001320_right,external intrinsic,right,right,True
FRCLTEXT001321_front,external relative,left,left,True
FRCLTEXT001321_left,external relative,left,left,True
FRCLTEXT001321_back,external relative,left,left,True
FRCLTEXT001321_right,external relative,left,left,True
FRCLTEXT001322_front,external intrinsic,front,front,True
FRCLTEXT001322_left,external intrinsic,left,left,True
FRCLTEXT001322_back,external intrinsic,back,back,True
FRCLTEXT001322_right,external intrinsic,right,right,True
FRCLTEXT001323_front,external relative,front,front,True
FRCLTEXT001323_left,external relative,front,front,True
FRCLTEXT001323_back,external relative,front,front,True
FRCLTEXT001323_right,external relative,front,front,True
FRCLTEXT001324_front,external relative,left,left,True
FRCLTEXT001324_left,external relative,left,left,True
FRCLTEXT001324_back,external relative,left,right,False
FRCLTEXT001324_right,external relative,left,left,True
FRCLTEXT001325_front,external intrinsic,right,right,True
FRCLTEXT001325_left,external intrinsic,front,back,False
FRCLTEXT001325_back,external intrinsic,left,left,True
FRCLTEXT001325_right,external intrinsic,back,back,True
FRCLTEXT001326_front,external intrinsic,right,right,True
FRCLTEXT001326_left,external intrinsic,front,front,True
FRCLTEXT001326_back,external intrinsic,left,left,True
FRCLTEXT001326_right,external intrinsic,back,back,True
FRCLTEXT001327_front,external intrinsic,front,front,True
FRCLTEXT001327_left,external intrinsic,left,left,True
FRCLTEXT001327_back,external intrinsic,back,back,True
FRCLTEXT001327_right,external intrinsic,right,right,True
FRCLTEXT001328_front,external relative,right,right,True
FRCLTEXT001328_left,external relative,right,right,True
FRCLTEXT001328_back,external relative,right,right,True
FRCLTEXT001328_right,external relative,right,right,True
FRCLTEXT001329_front,external relative,front,front,True
FRCLTEXT001329_left,external relative,front,front,True
FRCLTEXT001329_back,external relative,front,front,True
FRCLTEXT001329_right,external relative,front,right,False
FRCLTEXT001330_front,external intrinsic,back,back,True
FRCLTEXT001330_left,external intrinsic,right,right,True
FRCLTEXT001330_back,external intrinsic,front,front,True
FRCLTEXT001330_right,external intrinsic,left,left,True
FRCLTEXT001331,internal relative,right,right,True
FRCLTEXT001332_front,external intrinsic,back,back,True
FRCLTEXT001332_left,external intrinsic,right,right,True
FRCLTEXT001332_back,external intrinsic,front,front,True
FRCLTEXT001332_right,external intrinsic,left,back,False
FRCLTEXT001333_front,external relative,right,right,True
FRCLTEXT001333_left,external relative,right,right,True
FRCLTEXT001333_back,external relative,right,right,True
FRCLTEXT001333_right,external relative,right,right,True
FRCLTEXT001334_front,external relative,front,front,True
FRCLTEXT001334_left,external relative,front,front,True
FRCLTEXT001334_back,external relative,front,front,True
FRCLTEXT001334_right,external relative,front,front,True
FRCLTEXT001335_front,external intrinsic,right,right,True
FRCLTEXT001335_left,external intrinsic,front,front,True
FRCLTEXT001335_back,external intrinsic,left,left,True
FRCLTEXT001335_right,external intrinsic,back,back,True
FRCLTEXT001336_front,external relative,back,back,True
FRCLTEXT001336_left,external relative,back,right,False
FRCLTEXT001336_back,external relative,back,front,False
FRCLTEXT001336_right,external relative,back,right,False
FRCLTEXT001337_front,internal intrinsic,back,back,True
FRCLTEXT001337_left,internal intrinsic,right,back,False
FRCLTEXT001337_back,internal intrinsic,front,front,True
FRCLTEXT001337_right,internal intrinsic,left,left,True
FRCLTEXT001338_front,external intrinsic,left,left,True
FRCLTEXT001338_left,external intrinsic,back,back,True
FRCLTEXT001338_back,external intrinsic,right,right,True
FRCLTEXT001338_right,external intrinsic,front,front,True
FRCLTEXT001339_front,external relative,back,back,True
FRCLTEXT001339_left,external relative,back,back,True
FRCLTEXT001339_back,external relative,back,back,True
FRCLTEXT001339_right,external relative,back,back,True
FRCLTEXT001340_front,external intrinsic,left,left,True
FRCLTEXT001340_left,external intrinsic,back,back,True
FRCLTEXT001340_back,external intrinsic,right,right,True
FRCLTEXT001340_right,external intrinsic,front,front,True
FRCLTEXT001341_front,internal relative,front,front,True
FRCLTEXT001341_left,internal relative,front,front,True
FRCLTEXT001341_back,internal relative,front,front,True
FRCLTEXT001341_right,internal relative,front,front,True
FRCLTEXT001342_front,internal relative,right,front,False
FRCLTEXT001342_left,internal relative,right,right,True
FRCLTEXT001342_back,internal relative,right,front,False
FRCLTEXT001342_right,internal relative,right,right,True
FRCLTEXT001343_front,internal intrinsic,front,front,True
FRCLTEXT001343_left,internal intrinsic,left,left,True
FRCLTEXT001343_back,internal intrinsic,back,back,True
FRCLTEXT001343_right,internal intrinsic,right,right,True
FRCLTEXT001344_front,external relative,front,front,True
FRCLTEXT001344_left,external relative,front,front,True
FRCLTEXT001344_back,external relative,front,front,True
FRCLTEXT001344_right,external relative,front,front,True
FRCLTEXT001345_front,external intrinsic,back,back,True
FRCLTEXT001345_left,external intrinsic,right,right,True
FRCLTEXT001345_back,external intrinsic,front,front,True
FRCLTEXT001345_right,external intrinsic,left,left,True
FRCLTEXT001346_front,external relative,left,left,True
FRCLTEXT001346_left,external relative,left,left,True
FRCLTEXT001346_back,external relative,left,left,True
FRCLTEXT001346_right,external relative,left,left,True
FRCLTEXT001347_front,external relative,right,right,True
FRCLTEXT001347_left,external relative,right,right,True
FRCLTEXT001347_back,external relative,right,right,True
FRCLTEXT001347_right,external relative,right,right,True
FRCLTEXT001348,external relative,front,front,True
FRCLTEXT001349_front,external intrinsic,back,back,True
FRCLTEXT001349_left,external intrinsic,right,right,True
FRCLTEXT001349_back,external intrinsic,front,front,True
FRCLTEXT001349_right,external intrinsic,left,left,True
FRCLTEXT001350_front,external relative,left,left,True
FRCLTEXT001350_left,external relative,left,left,True
FRCLTEXT001350_back,external relative,left,left,True
FRCLTEXT001350_right,external relative,left,left,True
FRCLTEXT001351,external relative,right,right,True
FRCLTEXT001352_front,external relative,right,right,True
FRCLTEXT001352_left,external relative,right,right,True
FRCLTEXT001352_back,external relative,right,right,True
FRCLTEXT001352_right,external relative,right,right,True
FRCLTEXT001353,external relative,back,back,True
FRCLTEXT001354,internal relative,back,back,True
FRCLTEXT001355_front,external relative,front,front,True
FRCLTEXT001355_left,external relative,front,front,True
FRCLTEXT001355_back,external relative,front,front,True
FRCLTEXT001355_right,external relative,front,front,True
FRCLTEXT001356,external relative,right,right,True
FRCLTEXT001357_front,external relative,left,left,True
FRCLTEXT001357_left,external relative,left,front,False
FRCLTEXT001357_back,external relative,left,left,True
FRCLTEXT001357_right,external relative,left,left,True
FRCLTEXT001358_front,external relative,left,left,True
FRCLTEXT001358_left,external relative,left,left,True
FRCLTEXT001358_back,external relative,left,left,True
FRCLTEXT001358_right,external relative,left,left,True
FRCLTEXT001359_front,external relative,front,front,True
FRCLTEXT001359_left,external relative,front,front,True
FRCLTEXT001359_back,external relative,front,front,True
FRCLTEXT001359_right,external relative,front,front,True
FRCLTEXT001360_front,external relative,back,back,True
FRCLTEXT001360_left,external relative,back,back,True
FRCLTEXT001360_back,external relative,back,back,True
FRCLTEXT001360_right,external relative,back,back,True
FRCLTEXT001361_front,external relative,right,right,True
FRCLTEXT001361_left,external relative,right,right,True
FRCLTEXT001361_back,external relative,right,right,True
FRCLTEXT001361_right,external relative,right,right,True
FRCLTEXT001362_front,external intrinsic,back,back,True
FRCLTEXT001362_left,external intrinsic,right,right,True
FRCLTEXT001362_back,external intrinsic,front,front,True
FRCLTEXT001362_right,external intrinsic,left,left,True
FRCLTEXT001363,external relative,left,left,True
FRCLTEXT001364,external relative,back,front,False
FRCLTEXT001365,external relative,right,right,True
FRCLTEXT001366,external relative,right,right,True
FRCLTEXT001367_front,external relative,front,front,True
FRCLTEXT001367_left,external relative,front,front,True
FRCLTEXT001367_back,external relative,front,front,True
FRCLTEXT001367_right,external relative,front,front,True
FRCLTEXT001368_front,external relative,back,front,False
FRCLTEXT001368_left,external relative,back,back,True
FRCLTEXT001368_back,external relative,back,front,False
FRCLTEXT001368_right,external relative,back,back,True
FRCLTEXT001369_front,external intrinsic,back,back,True
FRCLTEXT001369_left,external intrinsic,right,right,True
FRCLTEXT001369_back,external intrinsic,front,front,True
FRCLTEXT001369_right,external intrinsic,left,left,True
FRCLTEXT001370_front,internal relative,front,front,True
FRCLTEXT001370_left,internal relative,front,front,True
FRCLTEXT001370_back,internal relative,front,front,True
FRCLTEXT001370_right,internal relative,front,front,True
FRCLTEXT001371_front,internal relative,back,back,True
FRCLTEXT001371_left,internal relative,back,right,False
FRCLTEXT001371_back,internal relative,back,back,True
FRCLTEXT001371_right,internal relative,back,right,False
FRCLTEXT001372,internal relative,left,left,True
FRCLTEXT001373_front,external relative,right,right,True
FRCLTEXT001373_left,external relative,right,right,True
FRCLTEXT001373_back,external relative,right,right,True
FRCLTEXT001373_right,external relative,right,right,True
FRCLTEXT001374_front,internal relative,right,right,True
FRCLTEXT001374_left,internal relative,right,right,True
FRCLTEXT001374_back,internal relative,right,right,True
FRCLTEXT001374_right,internal relative,right,right,True
FRCLTEXT001375_front,external relative,back,back,True
FRCLTEXT001375_left,external relative,back,back,True
FRCLTEXT001375_back,external relative,back,back,True
FRCLTEXT001375_right,external relative,back,front,False
FRCLTEXT001376_front,external intrinsic,back,back,True
FRCLTEXT001376_left,external intrinsic,right,right,True
FRCLTEXT001376_back,external intrinsic,front,front,True
FRCLTEXT001376_right,external intrinsic,left,left,True
FRCLTEXT001377,external relative,front,front,True
FRCLTEXT001378,internal relative,back,front,False
FRCLTEXT001379_front,external intrinsic,back,front,False
FRCLTEXT001379_left,external intrinsic,right,back,False
FRCLTEXT001379_back,external intrinsic,front,front,True
FRCLTEXT001379_right,external intrinsic,left,left,True
FRCLTEXT001380,external relative,right,right,True
FRCLTEXT001381_front,external intrinsic,right,right,True
FRCLTEXT001381_left,external intrinsic,front,front,True
FRCLTEXT001381_back,external intrinsic,left,left,True
FRCLTEXT001381_right,external intrinsic,back,back,True
FRCLTEXT001382_front,external intrinsic,right,right,True
FRCLTEXT001382_left,external intrinsic,front,front,True
FRCLTEXT001382_back,external intrinsic,left,left,True
FRCLTEXT001382_right,external intrinsic,back,back,True
FRCLTEXT001383_front,external intrinsic,back,back,True
FRCLTEXT001383_left,external intrinsic,right,right,True
FRCLTEXT001383_back,external intrinsic,front,front,True
FRCLTEXT001383_right,external intrinsic,left,left,True
FRCLTEXT001384_front,external intrinsic,back,back,True
FRCLTEXT001384_left,external intrinsic,right,right,True
FRCLTEXT001384_back,external intrinsic,front,front,True
FRCLTEXT001384_right,external intrinsic,left,left,True
FRCLTEXT001385_front,external relative,left,left,True
FRCLTEXT001385_left,external relative,left,left,True
FRCLTEXT001385_back,external relative,left,front,False
FRCLTEXT001385_right,external relative,left,left,True
FRCLTEXT001386_front,internal intrinsic,right,right,True
FRCLTEXT001386_left,internal intrinsic,front,front,True
FRCLTEXT001386_back,internal intrinsic,left,left,True
FRCLTEXT001386_right,internal intrinsic,back,back,True
FRCLTEXT001387_front,external intrinsic,left,left,True
FRCLTEXT001387_left,external intrinsic,back,back,True
FRCLTEXT001387_back,external intrinsic,right,right,True
FRCLTEXT001387_right,external intrinsic,front,front,True
FRCLTEXT001388_front,external intrinsic,right,right,True
FRCLTEXT001388_left,external intrinsic,front,front,True
FRCLTEXT001388_back,external intrinsic,left,back,False
FRCLTEXT001388_right,external intrinsic,back,back,True
FRCLTEXT001389,internal relative,right,right,True
FRCLTEXT001390,external relative,back,back,True
FRCLTEXT001391,external relative,back,back,True
FRCLTEXT001392_front,external relative,front,front,True
FRCLTEXT001392_left,external relative,front,right,False
FRCLTEXT001392_back,external relative,front,front,True
FRCLTEXT001392_right,external relative,front,front,True
FRCLTEXT001393_front,external intrinsic,left,left,True
FRCLTEXT001393_left,external intrinsic,back,back,True
FRCLTEXT001393_back,external intrinsic,right,right,True
FRCLTEXT001393_right,external intrinsic,front,front,True
FRCLTEXT001394,external relative,front,front,True
FRCLTEXT001395,external relative,right,right,True
FRCLTEXT001396,external relative,back,back,True
FRCLTEXT001397,internal relative,left,left,True
FRCLTEXT001398_front,external intrinsic,front,front,True
FRCLTEXT001398_left,external intrinsic,left,left,True
FRCLTEXT001398_back,external intrinsic,back,back,True
FRCLTEXT001398_right,external intrinsic,right,right,True
FRCLTEXT001399_front,external relative,front,front,True
FRCLTEXT001399_left,external relative,front,front,True
FRCLTEXT001399_back,external relative,front,front,True
FRCLTEXT001399_right,external relative,front,front,True
FRCLTEXT001400_front,external intrinsic,back,back,True
FRCLTEXT001400_left,external intrinsic,right,right,True
FRCLTEXT001400_back,external intrinsic,front,front,True
FRCLTEXT001400_right,external intrinsic,left,left,True
FRCLTEXT001401_front,external intrinsic,front,front,True
FRCLTEXT001401_left,external intrinsic,left,left,True
FRCLTEXT001401_back,external intrinsic,back,back,True
FRCLTEXT001401_right,external intrinsic,right,right,True
FRCLTEXT001402_front,internal intrinsic,left,left,True
FRCLTEXT001402_left,internal intrinsic,back,back,True
FRCLTEXT001402_back,internal intrinsic,right,right,True
FRCLTEXT001402_right,internal intrinsic,front,front,True
FRCLTEXT001403,internal relative,right,right,True
FRCLTEXT001404,internal relative,front,front,True
FRCLTEXT001405_front,external intrinsic,left,front,False
FRCLTEXT001405_left,external intrinsic,back,back,True
FRCLTEXT001405_back,external intrinsic,right,front,False
FRCLTEXT001405_right,external intrinsic,front,front,True
FRCLTEXT001406_front,external relative,back,back,True
FRCLTEXT001406_left,external relative,back,back,True
FRCLTEXT001406_back,external relative,back,back,True
FRCLTEXT001406_right,external relative,back,back,True
FRCLTEXT001407_front,external relative,right,front,False
FRCLTEXT001407_left,external relative,right,right,True
FRCLTEXT001407_back,external relative,right,right,True
FRCLTEXT001407_right,external relative,right,right,True
FRCLTEXT001408_front,external intrinsic,left,left,True
FRCLTEXT001408_left,external intrinsic,back,back,True
FRCLTEXT001408_back,external intrinsic,right,right,True
FRCLTEXT001408_right,external intrinsic,front,front,True
FRCLTEXT001409_front,external relative,right,right,True
FRCLTEXT001409_left,external relative,right,right,True
FRCLTEXT001409_back,external relative,right,right,True
FRCLTEXT001409_right,external relative,right,right,True
FRCLTEXT001410,external relative,back,back,True
FRCLTEXT001411_front,external relative,right,right,True
FRCLTEXT001411_left,external relative,right,right,True
FRCLTEXT001411_back,external relative,right,right,True
FRCLTEXT001411_right,external relative,right,right,True
FRCLTEXT001412_front,internal intrinsic,right,right,True
FRCLTEXT001412_left,internal intrinsic,front,back,False
FRCLTEXT001412_back,internal intrinsic,left,left,True
FRCLTEXT001412_right,internal intrinsic,back,back,True
FRCLTEXT001413,external relative,right,right,True
FRCLTEXT001414_front,external relative,front,front,True
FRCLTEXT001414_left,external relative,front,right,False
FRCLTEXT001414_back,external relative,front,front,True
FRCLTEXT001414_right,external relative,front,right,False
FRCLTEXT001415_front,external relative,right,right,True
FRCLTEXT001415_left,external relative,right,right,True
FRCLTEXT001415_back,external relative,right,right,True
FRCLTEXT001415_right,external relative,right,right,True
FRCLTEXT001416,external relative,back,back,True
FRCLTEXT001417,external relative,left,left,True
FRCLTEXT001418_front,external relative,left,left,True
FRCLTEXT001418_left,external relative,left,left,True
FRCLTEXT001418_back,external relative,left,right,False
FRCLTEXT001418_right,external relative,left,left,True
FRCLTEXT001419,external relative,front,front,True
FRCLTEXT001420,external relative,left,left,True
FRCLTEXT001421_front,external intrinsic,right,front,False
FRCLTEXT001421_left,external intrinsic,front,front,True
FRCLTEXT001421_back,external intrinsic,left,left,True
FRCLTEXT001421_right,external intrinsic,back,back,True
FRCLTEXT001422,external relative,left,left,True
FRCLTEXT001423_front,external intrinsic,back,back,True
FRCLTEXT001423_left,external intrinsic,right,right,True
FRCLTEXT001423_back,external intrinsic,front,front,True
FRCLTEXT001423_right,external intrinsic,left,front,False
FRCLTEXT001424,external relative,left,left,True
FRCLTEXT001425_front,external relative,back,front,False
FRCLTEXT001425_left,external relative,back,front,False
FRCLTEXT001425_back,external relative,back,back,True
FRCLTEXT001425_right,external relative,back,back,True
FRCLTEXT001426,external relative,right,right,True
FRCLTEXT001427_front,external intrinsic,left,back,False
FRCLTEXT001427_left,external intrinsic,back,back,True
FRCLTEXT001427_back,external intrinsic,right,right,True
FRCLTEXT001427_right,external intrinsic,front,front,True
FRCLTEXT001428_front,external relative,front,front,True
FRCLTEXT001428_left,external relative,front,front,True
FRCLTEXT001428_back,external relative,front,front,True
FRCLTEXT001428_right,external relative,front,front,True
FRCLTEXT001429_front,internal relative,left,left,True
FRCLTEXT001429_left,internal relative,left,left,True
FRCLTEXT001429_back,internal relative,left,left,True
FRCLTEXT001429_right,internal relative,left,left,True
FRCLTEXT001430,external relative,front,front,True
FRCLTEXT001431,external relative,right,right,True
FRCLTEXT001432_front,external intrinsic,back,back,True
FRCLTEXT001432_left,external intrinsic,right,right,True
FRCLTEXT001432_back,external intrinsic,front,front,True
FRCLTEXT001432_right,external intrinsic,left,left,True
FRCLTEXT001433,external relative,front,front,True
FRCLTEXT001434_front,external intrinsic,front,front,True
FRCLTEXT001434_left,external intrinsic,left,left,True
FRCLTEXT001434_back,external intrinsic,back,back,True
FRCLTEXT001434_right,external intrinsic,right,front,False
FRCLTEXT001435_front,external relative,left,right,False
FRCLTEXT001435_left,external relative,left,left,True
FRCLTEXT001435_back,external relative,left,left,True
FRCLTEXT001435_right,external relative,left,left,True
FRCLTEXT001436,external relative,left,left,True
FRCLTEXT001437_front,external relative,back,back,True
FRCLTEXT001437_left,external relative,back,right,False
FRCLTEXT001437_back,external relative,back,back,True
FRCLTEXT001437_right,external relative,back,back,True
FRCLTEXT001438_front,external relative,front,front,True
FRCLTEXT001438_left,external relative,front,front,True
FRCLTEXT001438_back,external relative,front,front,True
FRCLTEXT001438_right,external relative,front,front,True
FRCLTEXT001439,external relative,right,right,True
FRCLTEXT001440_front,external intrinsic,front,front,True
FRCLTEXT001440_left,external intrinsic,left,left,True
FRCLTEXT001440_back,external intrinsic,back,back,True
FRCLTEXT001440_right,external intrinsic,right,front,False
FRCLTEXT001441_front,external relative,back,back,True
FRCLTEXT001441_left,external relative,back,back,True
FRCLTEXT001441_back,external relative,back,back,True
FRCLTEXT001441_right,external relative,back,back,True
FRCLTEXT001442_front,external relative,right,right,True
FRCLTEXT001442_left,external relative,right,right,True
FRCLTEXT001442_back,external relative,right,right,True
FRCLTEXT001442_right,external relative,right,right,True
FRCLTEXT001443_front,external intrinsic,back,back,True
FRCLTEXT001443_left,external intrinsic,right,right,True
FRCLTEXT001443_back,external intrinsic,front,front,True
FRCLTEXT001443_right,external intrinsic,left,left,True
FRCLTEXT001444_front,internal relative,left,left,True
FRCLTEXT001444_left,internal relative,left,left,True
FRCLTEXT001444_back,internal relative,left,right,False
FRCLTEXT001444_right,internal relative,left,left,True
FRCLTEXT001445_front,internal relative,front,front,True
FRCLTEXT001445_left,internal relative,front,front,True
FRCLTEXT001445_back,internal relative,front,front,True
FRCLTEXT001445_right,internal relative,front,front,True
FRCLTEXT001446_front,external intrinsic,right,right,True
FRCLTEXT001446_left,external intrinsic,front,front,True
FRCLTEXT001446_back,external intrinsic,left,left,True
FRCLTEXT001446_right,external intrinsic,back,back,True
FRCLTEXT001447,external relative,back,back,True
FRCLTEXT001448,external relative,right,right,True
FRCLTEXT001449,external relative,front,front,True
FRCLTEXT001450_front,external intrinsic,front,front,True
FRCLTEXT001450_left,external intrinsic,left,left,True
FRCLTEXT001450_back,external intrinsic,back,back,True
FRCLTEXT001450_right,external intrinsic,right,right,True
FRCLTEXT001451_front,external intrinsic,front,front,True
FRCLTEXT001451_left,external intrinsic,left,left,True
FRCLTEXT001451_back,external intrinsic,back,back,True
FRCLTEXT001451_right,external intrinsic,right,right,True
FRCLTEXT001452_front,external intrinsic,front,front,True
FRCLTEXT001452_left,external intrinsic,left,left,True
FRCLTEXT001452_back,external intrinsic,back,back,True
FRCLTEXT001452_right,external intrinsic,right,right,True
FRCLTEXT001453,external relative,right,right,True
FRCLTEXT001454_front,internal relative,left,left,True
FRCLTEXT001454_left,internal relative,left,left,True
FRCLTEXT001454_back,internal relative,left,left,True
FRCLTEXT001454_right,internal relative,left,left,True
FRCLTEXT001455_front,external intrinsic,front,front,True
FRCLTEXT001455_left,external intrinsic,left,left,True
FRCLTEXT001455_back,external intrinsic,back,back,True
FRCLTEXT001455_right,external intrinsic,right,right,True
FRCLTEXT001456_front,external relative,back,back,True
FRCLTEXT001456_left,external relative,back,back,True
FRCLTEXT001456_back,external relative,back,back,True
FRCLTEXT001456_right,external relative,back,back,True
FRCLTEXT001457_front,external relative,right,right,True
FRCLTEXT001457_left,external relative,right,right,True
FRCLTEXT001457_back,external relative,right,right,True
FRCLTEXT001457_right,external relative,right,right,True
FRCLTEXT001458,external relative,right,right,True
FRCLTEXT001459,external relative,back,back,True
FRCLTEXT001460_front,external intrinsic,back,back,True
FRCLTEXT001460_left,external intrinsic,right,right,True
FRCLTEXT001460_back,external intrinsic,front,front,True
FRCLTEXT001460_right,external intrinsic,left,left,True
FRCLTEXT001461_front,external intrinsic,left,left,True
FRCLTEXT001461_left,external intrinsic,back,back,True
FRCLTEXT001461_back,external intrinsic,right,right,True
FRCLTEXT001461_right,external intrinsic,front,front,True
FRCLTEXT001462_front,external intrinsic,left,left,True
FRCLTEXT001462_left,external intrinsic,back,back,True
FRCLTEXT001462_back,external intrinsic,right,right,True
FRCLTEXT001462_right,external intrinsic,front,front,True
FRCLTEXT001463_front,external intrinsic,right,right,True
FRCLTEXT001463_left,external intrinsic,front,front,True
FRCLTEXT001463_back,external intrinsic,left,front,False
FRCLTEXT001463_right,external intrinsic,back,back,True
FRCLTEXT001464,external relative,front,front,True
FRCLTEXT001465_front,external intrinsic,right,right,True
FRCLTEXT001465_left,external intrinsic,front,front,True
FRCLTEXT001465_back,external intrinsic,left,front,False
FRCLTEXT001465_right,external intrinsic,back,back,True
FRCLTEXT001466,external relative,back,back,True
FRCLTEXT001467_front,internal intrinsic,right,right,True
FRCLTEXT001467_left,internal intrinsic,front,front,True
FRCLTEXT001467_back,internal intrinsic,left,left,True
FRCLTEXT001467_right,internal intrinsic,back,back,True
FRCLTEXT001468_front,external intrinsic,front,front,True
FRCLTEXT001468_left,external intrinsic,left,left,True
FRCLTEXT001468_back,external intrinsic,back,back,True
FRCLTEXT001468_right,external intrinsic,right,right,True
FRCLTEXT001469_front,external intrinsic,front,front,True
FRCLTEXT001469_left,external intrinsic,left,left,True
FRCLTEXT001469_back,external intrinsic,back,back,True
FRCLTEXT001469_right,external intrinsic,right,right,True
FRCLTEXT001470_front,external relative,front,front,True
FRCLTEXT001470_left,external relative,front,front,True
FRCLTEXT001470_back,external relative,front,front,True
FRCLTEXT001470_right,external relative,front,front,True
FRCLTEXT001471_front,external intrinsic,front,front,True
FRCLTEXT001471_left,external intrinsic,left,left,True
FRCLTEXT001471_back,external intrinsic,back,back,True
FRCLTEXT001471_right,external intrinsic,right,right,True
FRCLTEXT001472_front,external intrinsic,front,front,True
FRCLTEXT001472_left,external intrinsic,left,left,True
FRCLTEXT001472_back,external intrinsic,back,back,True
FRCLTEXT001472_right,external intrinsic,right,right,True
FRCLTEXT001473_front,external intrinsic,left,left,True
FRCLTEXT001473_left,external intrinsic,back,back,True
FRCLTEXT001473_back,external intrinsic,right,right,True
FRCLTEXT001473_right,external intrinsic,front,front,True
FRCLTEXT001474_front,external relative,front,front,True
FRCLTEXT001474_left,external relative,front,front,True
FRCLTEXT001474_back,external relative,front,front,True
FRCLTEXT001474_right,external relative,front,front,True
FRCLTEXT001475,internal relative,back,back,True
FRCLTEXT001476,internal relative,right,front,False
FRCLTEXT001477_front,external relative,back,back,True
FRCLTEXT001477_left,external relative,back,back,True
FRCLTEXT001477_back,external relative,back,front,False
FRCLTEXT001477_right,external relative,back,front,False
FRCLTEXT001478_front,external intrinsic,left,left,True
FRCLTEXT001478_left,external intrinsic,back,back,True
FRCLTEXT001478_back,external intrinsic,right,right,True
FRCLTEXT001478_right,external intrinsic,front,front,True
FRCLTEXT001479_front,external intrinsic,front,front,True
FRCLTEXT001479_left,external intrinsic,left,left,True
FRCLTEXT001479_back,external intrinsic,back,back,True
FRCLTEXT001479_right,external intrinsic,right,right,True
FRCLTEXT001480,external relative,front,front,True
FRCLTEXT001481_front,internal intrinsic,left,back,False
FRCLTEXT001481_left,internal intrinsic,back,back,True
FRCLTEXT001481_back,internal intrinsic,right,right,True
FRCLTEXT001481_right,internal intrinsic,front,front,True
FRCLTEXT001482_front,external intrinsic,right,right,True
FRCLTEXT001482_left,external intrinsic,front,front,True
FRCLTEXT001482_back,external intrinsic,left,left,True
FRCLTEXT001482_right,external intrinsic,back,back,True
FRCLTEXT001483,external relative,right,right,True
FRCLTEXT001484_front,external intrinsic,right,right,True
FRCLTEXT001484_left,external intrinsic,front,front,True
FRCLTEXT001484_back,external intrinsic,left,left,True
FRCLTEXT001484_right,external intrinsic,back,back,True
FRCLTEXT001485,internal relative,front,front,True
FRCLTEXT001486_front,external relative,right,right,True
FRCLTEXT001486_left,external relative,right,right,True
FRCLTEXT001486_back,external relative,right,right,True
FRCLTEXT001486_right,external relative,right,right,True
FRCLTEXT001487_front,external relative,left,left,True
FRCLTEXT001487_left,external relative,left,left,True
FRCLTEXT001487_back,external relative,left,front,False
FRCLTEXT001487_right,external relative,left,right,False
FRCLTEXT001488,external relative,left,left,True
FRCLTEXT001489_front,internal relative,back,front,False
FRCLTEXT001489_left,internal relative,back,back,True
FRCLTEXT001489_back,internal relative,back,right,False
FRCLTEXT001489_right,internal relative,back,back,True
FRCLTEXT001490,external relative,left,left,True
FRCLTEXT001491_front,external intrinsic,right,back,False
FRCLTEXT001491_left,external intrinsic,front,front,True
FRCLTEXT001491_back,external intrinsic,left,left,True
FRCLTEXT001491_right,external intrinsic,back,back,True
FRCLTEXT001492_front,external relative,back,back,True
FRCLTEXT001492_left,external relative,back,back,True
FRCLTEXT001492_back,external relative,back,back,True
FRCLTEXT001492_right,external relative,back,back,True
FRCLTEXT001493_front,external relative,right,right,True
FRCLTEXT001493_left,external relative,right,right,True
FRCLTEXT001493_back,external relative,right,right,True
FRCLTEXT001493_right,external relative,right,right,True
FRCLTEXT001494_front,external relative,back,right,False
FRCLTEXT001494_left,external relative,back,back,True
FRCLTEXT001494_back,external relative,back,back,True
FRCLTEXT001494_right,external relative,back,back,True
FRCLTEXT001495,external relative,left,left,True
FRCLTEXT001496_front,external intrinsic,back,back,True
FRCLTEXT001496_left,external intrinsic,right,front,False
FRCLTEXT001496_back,external intrinsic,front,front,True
FRCLTEXT001496_right,external intrinsic,left,left,True
FRCLTEXT001497_front,external relative,left,left,True
FRCLTEXT001497_left,external relative,left,left,True
FRCLTEXT001497_back,external relative,left,left,True
FRCLTEXT001497_right,external relative,left,left,True
FRCLTEXT001498_front,external intrinsic,right,right,True
FRCLTEXT001498_left,external intrinsic,front,front,True
FRCLTEXT001498_back,external intrinsic,left,left,True
FRCLTEXT001498_right,external intrinsic,back,back,True
FRCLTEXT001499,external relative,right,right,True
FRCLTEXT001500_front,external relative,front,front,True
FRCLTEXT001500_left,external relative,front,front,True
FRCLTEXT001500_back,external relative,front,front,True
FRCLTEXT001500_right,external relative,front,front,True
FRCLTEXT001501_front,external relative,front,front,True
FRCLTEXT001501_left,external relative,front,front,True
FRCLTEXT001501_back,external relative,front,front,True
FRCLTEXT001501_right,external relative,front,front,True
FRCLTEXT001502_front,external relative,back,back,True
FRCLTEXT001502_left,external relative,back,back,True
FRCLTEXT001502_back,external relative,back,back,True
FRCLTEXT001502_right,external relative,back,right,False
FRCLTEXT001503,external relative,right,right,True
FRCLTEXT001504_front,external relative,back,back,True
FRCLTEXT001504_left,external relative,back,back,True
FRCLTEXT001504_back,external relative,back,back,True
FRCLTEXT001504_right,external relative,back,back,True
FRCLTEXT001505_front,external intrinsic,right,right,True
FRCLTEXT001505_left,external intrinsic,front,back,False
FRCLTEXT001505_back,external intrinsic,left,left,True
FRCLTEXT001505_right,external intrinsic,back,back,True
FRCLTEXT001506_front,external intrinsic,front,front,True
FRCLTEXT001506_left,external intrinsic,left,left,True
FRCLTEXT001506_back,external intrinsic,back,back,True
FRCLTEXT001506_right,external intrinsic,right,right,True
FRCLTEXT001507,external relative,left,left,True
FRCLTEXT001508_front,external intrinsic,right,right,True
FRCLTEXT001508_left,external intrinsic,front,front,True
FRCLTEXT001508_back,external intrinsic,left,left,True
FRCLTEXT001508_right,external intrinsic,back,back,True
FRCLTEXT001509_front,external relative,front,front,True
FRCLTEXT001509_left,external relative,front,front,True
FRCLTEXT001509_back,external relative,front,front,True
FRCLTEXT001509_right,external relative,front,front,True
FRCLTEXT001510,external relative,front,front,True
FRCLTEXT001511,external relative,back,back,True
FRCLTEXT001512_front,external relative,right,right,True
FRCLTEXT001512_left,external relative,right,right,True
FRCLTEXT001512_back,external relative,right,right,True
FRCLTEXT001512_right,external relative,right,right,True
FRCLTEXT001513_front,external relative,left,left,True
FRCLTEXT001513_left,external relative,left,left,True
FRCLTEXT001513_back,external relative,left,left,True
FRCLTEXT001513_right,external relative,left,left,True
FRCLTEXT001514,internal relative,right,right,True
FRCLTEXT001515_front,internal relative,front,front,True
FRCLTEXT001515_left,internal relative,front,front,True
FRCLTEXT001515_back,internal relative,front,front,True
FRCLTEXT001515_right,internal relative,front,front,True
FRCLTEXT001516_front,external intrinsic,right,right,True
FRCLTEXT001516_left,external intrinsic,front,front,True
FRCLTEXT001516_back,external intrinsic,left,left,True
FRCLTEXT001516_right,external intrinsic,back,back,True
FRCLTEXT001517,external relative,front,front,True
FRCLTEXT001518,external relative,front,front,True
FRCLTEXT001519_front,external relative,front,front,True
FRCLTEXT001519_left,external relative,front,front,True
FRCLTEXT001519_back,external relative,front,front,True
FRCLTEXT001519_right,external relative,front,front,True
FRCLTEXT001520_front,external relative,front,front,True
FRCLTEXT001520_left,external relative,front,front,True
FRCLTEXT001520_back,external relative,front,front,True
FRCLTEXT001520_right,external relative,front,front,True
FRCLTEXT001521,external relative,front,front,True
FRCLTEXT001522_front,internal intrinsic,right,back,False
FRCLTEXT001522_left,internal intrinsic,front,front,True
FRCLTEXT001522_back,internal intrinsic,left,left,True
FRCLTEXT001522_right,internal intrinsic,back,back,True
FRCLTEXT001523_front,internal intrinsic,back,back,True
FRCLTEXT001523_left,internal intrinsic,right,right,True
FRCLTEXT001523_back,internal intrinsic,front,front,True
FRCLTEXT001523_right,internal intrinsic,left,left,True
FRCLTEXT001524,internal relative,back,front,False
FRCLTEXT001525_front,internal relative,front,front,True
FRCLTEXT001525_left,internal relative,front,front,True
FRCLTEXT001525_back,internal relative,front,front,True
FRCLTEXT001525_right,internal relative,front,right,False
FRCLTEXT001526,external relative,left,left,True
FRCLTEXT001527,internal relative,right,right,True
FRCLTEXT001528_front,external intrinsic,left,front,False
FRCLTEXT001528_left,external intrinsic,back,back,True
FRCLTEXT001528_back,external intrinsic,right,right,True
FRCLTEXT001528_right,external intrinsic,front,front,True
FRCLTEXT001529_front,external intrinsic,right,right,True
FRCLTEXT001529_left,external intrinsic,front,front,True
FRCLTEXT001529_back,external intrinsic,left,left,True
FRCLTEXT001529_right,external intrinsic,back,back,True
FRCLTEXT001530,external relative,front,front,True
FRCLTEXT001531_front,external intrinsic,front,front,True
FRCLTEXT001531_left,external intrinsic,left,left,True
FRCLTEXT001531_back,external intrinsic,back,back,True
FRCLTEXT001531_right,external intrinsic,right,front,False
FRCLTEXT001532,external relative,right,right,True
FRCLTEXT001533_front,external relative,back,back,True
FRCLTEXT001533_left,external relative,back,back,True
FRCLTEXT001533_back,external relative,back,back,True
FRCLTEXT001533_right,external relative,back,back,True
FRCLTEXT001534_front,external intrinsic,front,front,True
FRCLTEXT001534_left,external intrinsic,left,left,True
FRCLTEXT001534_back,external intrinsic,back,front,False
FRCLTEXT001534_right,external intrinsic,right,back,False
FRCLTEXT001535_front,internal intrinsic,right,right,True
FRCLTEXT001535_left,internal intrinsic,front,front,True
FRCLTEXT001535_back,internal intrinsic,left,back,False
FRCLTEXT001535_right,internal intrinsic,back,back,True
FRCLTEXT001536_front,external intrinsic,right,back,False
FRCLTEXT001536_left,external intrinsic,front,front,True
FRCLTEXT001536_back,external intrinsic,left,left,True
FRCLTEXT001536_right,external intrinsic,back,back,True
FRCLTEXT001537_front,external intrinsic,back,front,False
FRCLTEXT001537_left,external intrinsic,right,right,True
FRCLTEXT001537_back,external intrinsic,front,front,True
FRCLTEXT001537_right,external intrinsic,left,left,True
FRCLTEXT001538_front,external intrinsic,left,left,True
FRCLTEXT001538_left,external intrinsic,back,back,True
FRCLTEXT001538_back,external intrinsic,right,right,True
FRCLTEXT001538_right,external intrinsic,front,front,True
FRCLTEXT001539_front,external intrinsic,front,front,True
FRCLTEXT001539_left,external intrinsic,left,left,True
FRCLTEXT001539_back,external intrinsic,back,back,True
FRCLTEXT001539_right,external intrinsic,right,right,True
FRCLTEXT001540_front,external relative,left,left,True
FRCLTEXT001540_left,external relative,left,left,True
FRCLTEXT001540_back,external relative,left,front,False
FRCLTEXT001540_right,external relative,left,left,True
FRCLTEXT001541_front,external intrinsic,right,right,True
FRCLTEXT001541_left,external intrinsic,front,front,True
FRCLTEXT001541_back,external intrinsic,left,left,True
FRCLTEXT001541_right,external intrinsic,back,back,True
FRCLTEXT001542_front,internal relative,front,back,False
FRCLTEXT001542_left,internal relative,front,front,True
FRCLTEXT001542_back,internal relative,front,front,True
FRCLTEXT001542_right,internal relative,front,front,True
FRCLTEXT001543_front,external intrinsic,front,front,True
FRCLTEXT001543_left,external intrinsic,left,left,True
FRCLTEXT001543_back,external intrinsic,back,front,False
FRCLTEXT001543_right,external intrinsic,right,back,False
FRCLTEXT001544_front,external relative,front,front,True
FRCLTEXT001544_left,external relative,front,front,True
FRCLTEXT001544_back,external relative,front,front,True
FRCLTEXT001544_right,external relative,front,front,True
FRCLTEXT001545_front,external relative,back,back,True
FRCLTEXT001545_left,external relative,back,front,False
FRCLTEXT001545_back,external relative,back,back,True
FRCLTEXT001545_right,external relative,back,right,False
FRCLTEXT001546_front,external intrinsic,right,right,True
FRCLTEXT001546_left,external intrinsic,front,front,True
FRCLTEXT001546_back,external intrinsic,left,left,True
FRCLTEXT001546_right,external intrinsic,back,back,True
FRCLTEXT001547_front,external intrinsic,right,right,True
FRCLTEXT001547_left,external intrinsic,front,front,True
FRCLTEXT001547_back,external intrinsic,left,left,True
FRCLTEXT001547_right,external intrinsic,back,back,True
FRCLTEXT001548_front,external relative,right,right,True
FRCLTEXT001548_left,external relative,right,right,True
FRCLTEXT001548_back,external relative,right,right,True
FRCLTEXT001548_right,external relative,right,right,True
FRCLTEXT001549,external relative,left,left,True
FRCLTEXT001550_front,external relative,back,back,True
FRCLTEXT001550_left,external relative,back,back,True
FRCLTEXT001550_back,external relative,back,back,True
FRCLTEXT001550_right,external relative,back,back,True
FRCLTEXT001551_front,external intrinsic,back,front,False
FRCLTEXT001551_left,external intrinsic,right,right,True
FRCLTEXT001551_back,external intrinsic,front,front,True
FRCLTEXT001551_right,external intrinsic,left,left,True
FRCLTEXT001552_front,external relative,right,right,True
FRCLTEXT001552_left,external relative,right,right,True
FRCLTEXT001552_back,external relative,right,right,True
FRCLTEXT001552_right,external relative,right,right,True
FRCLTEXT001553,external relative,front,front,True
FRCLTEXT001554_front,internal intrinsic,right,front,False
FRCLTEXT001554_left,internal intrinsic,front,front,True
FRCLTEXT001554_back,internal intrinsic,left,left,True
FRCLTEXT001554_right,internal intrinsic,back,back,True
FRCLTEXT001555_front,external intrinsic,left,left,True
FRCLTEXT001555_left,external intrinsic,back,back,True
FRCLTEXT001555_back,external intrinsic,right,right,True
FRCLTEXT001555_right,external intrinsic,front,front,True
FRCLTEXT001556_front,external intrinsic,front,front,True
FRCLTEXT001556_left,external intrinsic,left,left,True
FRCLTEXT001556_back,external intrinsic,back,back,True
FRCLTEXT001556_right,external intrinsic,right,right,True
FRCLTEXT001557_front,external relative,left,left,True
FRCLTEXT001557_left,external relative,left,left,True
FRCLTEXT001557_back,external relative,left,left,True
FRCLTEXT001557_right,external relative,left,left,True
FRCLTEXT001558_front,external relative,left,front,False
FRCLTEXT001558_left,external relative,left,left,True
FRCLTEXT001558_back,external relative,left,right,False
FRCLTEXT001558_right,external relative,left,left,True
FRCLTEXT001559,external relative,right,right,True
FRCLTEXT001560_front,external relative,right,right,True
FRCLTEXT001560_left,external relative,right,right,True
FRCLTEXT001560_back,external relative,right,right,True
FRCLTEXT001560_right,external relative,right,right,True
FRCLTEXT001561,external relative,front,front,True
FRCLTEXT001562_front,external intrinsic,left,back,False
FRCLTEXT001562_left,external intrinsic,back,back,True
FRCLTEXT001562_back,external intrinsic,right,right,True
FRCLTEXT001562_right,external intrinsic,front,front,True
FRCLTEXT001563_front,internal intrinsic,back,back,True
FRCLTEXT001563_left,internal intrinsic,right,right,True
FRCLTEXT001563_back,internal intrinsic,front,front,True
FRCLTEXT001563_right,internal intrinsic,left,left,True
FRCLTEXT001564_front,external intrinsic,right,right,True
FRCLTEXT001564_left,external intrinsic,front,front,True
FRCLTEXT001564_back,external intrinsic,left,left,True
FRCLTEXT001564_right,external intrinsic,back,back,True
FRCLTEXT001565,external relative,right,right,True
FRCLTEXT001566_front,external intrinsic,back,back,True
FRCLTEXT001566_left,external intrinsic,right,right,True
FRCLTEXT001566_back,external intrinsic,front,front,True
FRCLTEXT001566_right,external intrinsic,left,back,False
FRCLTEXT001567_front,external relative,left,left,True
FRCLTEXT001567_left,external relative,left,left,True
FRCLTEXT001567_back,external relative,left,left,True
FRCLTEXT001567_right,external relative,left,left,True
FRCLTEXT001568_front,external intrinsic,left,left,True
FRCLTEXT001568_left,external intrinsic,back,back,True
FRCLTEXT001568_back,external intrinsic,right,right,True
FRCLTEXT001568_right,external intrinsic,front,back,False
FRCLTEXT001569_front,external relative,right,right,True
FRCLTEXT001569_left,external relative,right,right,True
FRCLTEXT001569_back,external relative,right,right,True
FRCLTEXT001569_right,external relative,right,right,True
FRCLTEXT001570,external relative,back,back,True
FRCLTEXT001571,external relative,front,front,True
FRCLTEXT001572_front,external intrinsic,front,front,True
FRCLTEXT001572_left,external intrinsic,left,left,True
FRCLTEXT001572_back,external intrinsic,back,back,True
FRCLTEXT001572_right,external intrinsic,right,right,True
FRCLTEXT001573,internal relative,front,front,True
FRCLTEXT001574_front,external relative,right,right,True
FRCLTEXT001574_left,external relative,right,right,True
FRCLTEXT001574_back,external relative,right,right,True
FRCLTEXT001574_right,external relative,right,right,True
FRCLTEXT001575_front,external intrinsic,left,back,False
FRCLTEXT001575_left,external intrinsic,back,back,True
FRCLTEXT001575_back,external intrinsic,right,right,True
FRCLTEXT001575_right,external intrinsic,front,back,False
FRCLTEXT001576_front,external intrinsic,right,front,False
FRCLTEXT001576_left,external intrinsic,front,front,True
FRCLTEXT001576_back,external intrinsic,left,left,True
FRCLTEXT001576_right,external intrinsic,back,back,True
FRCLTEXT001577_front,external relative,back,back,True
FRCLTEXT001577_left,external relative,back,right,False
FRCLTEXT001577_back,external relative,back,back,True
FRCLTEXT001577_right,external relative,back,back,True
FRCLTEXT001578_front,external relative,right,right,True
FRCLTEXT001578_left,external relative,right,right,True
FRCLTEXT001578_back,external relative,right,right,True
FRCLTEXT001578_right,external relative,right,right,True
FRCLTEXT001579,external relative,front,front,True
FRCLTEXT001580_front,external relative,right,right,True
FRCLTEXT001580_left,external relative,right,right,True
FRCLTEXT001580_back,external relative,right,right,True
FRCLTEXT001580_right,external relative,right,right,True
FRCLTEXT001581,external relative,back,back,True
FRCLTEXT001582,external relative,right,right,True
FRCLTEXT001583_front,external relative,right,right,True
FRCLTEXT001583_left,external relative,right,right,True
FRCLTEXT001583_back,external relative,right,right,True
FRCLTEXT001583_right,external relative,right,right,True
FRCLTEXT001584,external relative,back,back,True
FRCLTEXT001585,external relative,right,right,True
FRCLTEXT001586_front,external relative,right,right,True
FRCLTEXT001586_left,external relative,right,right,True
FRCLTEXT001586_back,external relative,right,right,True
FRCLTEXT001586_right,external relative,right,right,True
FRCLTEXT001587_front,external relative,back,right,False
FRCLTEXT001587_left,external relative,back,front,False
FRCLTEXT001587_back,external relative,back,back,True
FRCLTEXT001587_right,external relative,back,right,False
FRCLTEXT001588_front,external relative,left,left,True
FRCLTEXT001588_left,external relative,left,left,True
FRCLTEXT001588_back,external relative,left,left,True
FRCLTEXT001588_right,external relative,left,left,True
FRCLTEXT001589_front,internal relative,front,front,True
FRCLTEXT001589_left,internal relative,front,front,True
FRCLTEXT001589_back,internal relative,front,front,True
FRCLTEXT001589_right,internal relative,front,front,True
FRCLTEXT001590,external relative,left,left,True
FRCLTEXT001591_front,external relative,left,left,True
FRCLTEXT001591_left,external relative,left,left,True
FRCLTEXT001591_back,external relative,left,left,True
FRCLTEXT001591_right,external relative,left,left,True
FRCLTEXT001592_front,external intrinsic,right,right,True
FRCLTEXT001592_left,external intrinsic,front,front,True
FRCLTEXT001592_back,external intrinsic,left,left,True
FRCLTEXT001592_right,external intrinsic,back,front,False
FRCLTEXT001593,external relative,back,back,True
FRCLTEXT001594_front,external intrinsic,right,right,True
FRCLTEXT001594_left,external intrinsic,front,front,True
FRCLTEXT001594_back,external intrinsic,left,left,True
FRCLTEXT001594_right,external intrinsic,back,back,True
FRCLTEXT001595_front,external intrinsic,left,left,True
FRCLTEXT001595_left,external intrinsic,back,back,True
FRCLTEXT001595_back,external intrinsic,right,front,False
FRCLTEXT001595_right,external intrinsic,front,back,False
FRCLTEXT001596,external relative,front,front,True
FRCLTEXT001597_front,external relative,right,right,True
FRCLTEXT001597_left,external relative,right,right,True
FRCLTEXT001597_back,external relative,right,right,True
FRCLTEXT001597_right,external relative,right,right,True
FRCLTEXT001598,external relative,back,back,True
FRCLTEXT001599_front,external intrinsic,front,front,True
FRCLTEXT001599_left,external intrinsic,left,left,True
FRCLTEXT001599_back,external intrinsic,back,back,True
FRCLTEXT001599_right,external intrinsic,right,right,True
FRCLTEXT001600_front,external intrinsic,front,front,True
FRCLTEXT001600_left,external intrinsic,left,left,True
FRCLTEXT001600_back,external intrinsic,back,front,False
FRCLTEXT001600_right,external intrinsic,right,right,True
FRCLTEXT001601_front,external relative,right,right,True
FRCLTEXT001601_left,external relative,right,right,True
FRCLTEXT001601_back,external relative,right,right,True
FRCLTEXT001601_right,external relative,right,right,True
FRCLTEXT001602_front,external intrinsic,back,back,True
FRCLTEXT001602_left,external intrinsic,right,right,True
FRCLTEXT001602_back,external intrinsic,front,front,True
FRCLTEXT001602_right,external intrinsic,left,left,True
FRCLTEXT001603_front,external intrinsic,left,left,True
FRCLTEXT001603_left,external intrinsic,back,back,True
FRCLTEXT001603_back,external intrinsic,right,right,True
FRCLTEXT001603_right,external intrinsic,front,front,True
FRCLTEXT001604_front,external relative,back,front,False
FRCLTEXT001604_left,external relative,back,back,True
FRCLTEXT001604_back,external relative,back,back,True
FRCLTEXT001604_right,external relative,back,back,True
FRCLTEXT001605,external relative,right,right,True
FRCLTEXT001606_front,external relative,left,left,True
FRCLTEXT001606_left,external relative,left,left,True
FRCLTEXT001606_back,external relative,left,left,True
FRCLTEXT001606_right,external relative,left,left,True
FRCLTEXT001607,external relative,right,right,True
FRCLTEXT001608_front,external intrinsic,front,front,True
FRCLTEXT001608_left,external intrinsic,left,left,True
FRCLTEXT001608_back,external intrinsic,back,back,True
FRCLTEXT001608_right,external intrinsic,right,right,True
FRCLTEXT001609_front,external intrinsic,front,front,True
FRCLTEXT001609_left,external intrinsic,left,left,True
FRCLTEXT001609_back,external intrinsic,back,back,True
FRCLTEXT001609_right,external intrinsic,right,right,True
FRCLTEXT001610,external relative,left,left,True
FRCLTEXT001611,internal relative,right,right,True
FRCLTEXT001612,external relative,left,left,True
FRCLTEXT001613_front,external intrinsic,left,left,True
FRCLTEXT001613_left,external intrinsic,back,back,True
FRCLTEXT001613_back,external intrinsic,right,right,True
FRCLTEXT001613_right,external intrinsic,front,front,True
FRCLTEXT001614_front,external relative,left,left,True
FRCLTEXT001614_left,external relative,left,left,True
FRCLTEXT001614_back,external relative,left,left,True
FRCLTEXT001614_right,external relative,left,left,True
FRCLTEXT001615,external relative,front,front,True
FRCLTEXT001616_front,external relative,left,left,True
FRCLTEXT001616_left,external relative,left,left,True
FRCLTEXT001616_back,external relative,left,left,True
FRCLTEXT001616_right,external relative,left,left,True
FRCLTEXT001617_front,external intrinsic,left,left,True
FRCLTEXT001617_left,external intrinsic,back,back,True
FRCLTEXT001617_back,external intrinsic,right,right,True
FRCLTEXT001617_right,external intrinsic,front,front,True
FRCLTEXT001618_front,external relative,back,back,True
FRCLTEXT001618_left,external relative,back,back,True
FRCLTEXT001618_back,external relative,back,back,True
FRCLTEXT001618_right,external relative,back,back,True
FRCLTEXT001619,external relative,front,front,True
FRCLTEXT001620_front,internal intrinsic,back,front,False
FRCLTEXT001620_left,internal intrinsic,right,right,True
FRCLTEXT001620_back,internal intrinsic,front,front,True
FRCLTEXT001620_right,internal intrinsic,left,left,True
FRCLTEXT001621_front,external relative,left,left,True
FRCLTEXT001621_left,external relative,left,left,True
FRCLTEXT001621_back,external relative,left,left,True
FRCLTEXT001621_right,external relative,left,left,True
FRCLTEXT001622_front,external relative,back,back,True
FRCLTEXT001622_left,external relative,back,back,True
FRCLTEXT001622_back,external relative,back,right,False
FRCLTEXT001622_right,external relative,back,back,True
FRCLTEXT001623_front,external intrinsic,front,front,True
FRCLTEXT001623_left,external intrinsic,left,left,True
FRCLTEXT001623_back,external intrinsic,back,back,True
FRCLTEXT001623_right,external intrinsic,right,right,True
FRCLTEXT001624_front,external relative,right,right,True
FRCLTEXT001624_left,external relative,right,right,True
FRCLTEXT001624_back,external relative,right,right,True
FRCLTEXT001624_right,external relative,right,right,True
FRCLTEXT001625,external relative,right,right,True
FRCLTEXT001626_front,external intrinsic,left,left,True
FRCLTEXT001626_left,external intrinsic,back,back,True
FRCLTEXT001626_back,external intrinsic,right,right,True
FRCLTEXT001626_right,external intrinsic,front,front,True
FRCLTEXT001627_front,external relative,back,back,True
FRCLTEXT001627_left,external relative,back,back,True
FRCLTEXT001627_back,external relative,back,back,True
FRCLTEXT001627_right,external relative,back,back,True
FRCLTEXT001628_front,external relative,left,left,True
FRCLTEXT001628_left,external relative,left,left,True
FRCLTEXT001628_back,external relative,left,left,True
FRCLTEXT001628_right,external relative,left,left,True
FRCLTEXT001629,external relative,left,left,True
FRCLTEXT001630_front,external relative,back,front,False
FRCLTEXT001630_left,external relative,back,back,True
FRCLTEXT001630_back,external relative,back,back,True
FRCLTEXT001630_right,external relative,back,back,True
FRCLTEXT001631_front,external intrinsic,front,front,True
FRCLTEXT001631_left,external intrinsic,left,left,True
FRCLTEXT001631_back,external intrinsic,back,back,True
FRCLTEXT001631_right,external intrinsic,right,right,True
FRCLTEXT001632_front,external intrinsic,back,back,True
FRCLTEXT001632_left,external intrinsic,right,right,True
FRCLTEXT001632_back,external intrinsic,front,front,True
FRCLTEXT001632_right,external intrinsic,left,left,True
FRCLTEXT001633_front,external relative,back,back,True
FRCLTEXT001633_left,external relative,back,back,True
FRCLTEXT001633_back,external relative,back,back,True
FRCLTEXT001633_right,external relative,back,back,True
FRCLTEXT001634_front,external intrinsic,left,left,True
FRCLTEXT001634_left,external intrinsic,back,back,True
FRCLTEXT001634_back,external intrinsic,right,right,True
FRCLTEXT001634_right,external intrinsic,front,front,True
FRCLTEXT001635_front,external relative,left,left,True
FRCLTEXT001635_left,external relative,left,left,True
FRCLTEXT001635_back,external relative,left,right,False
FRCLTEXT001635_right,external relative,left,left,True
FRCLTEXT001636_front,external relative,front,front,True
FRCLTEXT001636_left,external relative,front,front,True
FRCLTEXT001636_back,external relative,front,front,True
FRCLTEXT001636_right,external relative,front,right,False
FRCLTEXT001637_front,external intrinsic,front,front,True
FRCLTEXT001637_left,external intrinsic,left,left,True
FRCLTEXT001637_back,external intrinsic,back,back,True
FRCLTEXT001637_right,external intrinsic,right,right,True
FRCLTEXT001638_front,internal relative,front,front,True
FRCLTEXT001638_left,internal relative,front,front,True
FRCLTEXT001638_back,internal relative,front,front,True
FRCLTEXT001638_right,internal relative,front,front,True
FRCLTEXT001639_front,external relative,front,front,True
FRCLTEXT001639_left,external relative,front,front,True
FRCLTEXT001639_back,external relative,front,front,True
FRCLTEXT001639_right,external relative,front,front,True
FRCLTEXT001640,external relative,right,right,True
FRCLTEXT001641_front,external relative,back,back,True
FRCLTEXT001641_left,external relative,back,back,True
FRCLTEXT001641_back,external relative,back,back,True
FRCLTEXT001641_right,external relative,back,back,True
FRCLTEXT001642_front,external relative,right,front,False
FRCLTEXT001642_left,external relative,right,right,True
FRCLTEXT001642_back,external relative,right,right,True
FRCLTEXT001642_right,external relative,right,right,True
FRCLTEXT001643_front,external intrinsic,back,back,True
FRCLTEXT001643_left,external intrinsic,right,right,True
FRCLTEXT001643_back,external intrinsic,front,front,True
FRCLTEXT001643_right,external intrinsic,left,left,True
FRCLTEXT001644_front,external intrinsic,left,left,True
FRCLTEXT001644_left,external intrinsic,back,back,True
FRCLTEXT001644_back,external intrinsic,right,right,True
FRCLTEXT001644_right,external intrinsic,front,front,True
FRCLTEXT001645_front,internal relative,front,front,True
FRCLTEXT001645_left,internal relative,front,right,False
FRCLTEXT001645_back,internal relative,front,front,True
FRCLTEXT001645_right,internal relative,front,back,False
FRCLTEXT001646,external relative,front,front,True
FRCLTEXT001647_front,internal intrinsic,front,front,True
FRCLTEXT001647_left,internal intrinsic,left,left,True
FRCLTEXT001647_back,internal intrinsic,back,back,True
FRCLTEXT001647_right,internal intrinsic,right,right,True
FRCLTEXT001648_front,internal relative,front,right,False
FRCLTEXT001648_left,internal relative,front,front,True
FRCLTEXT001648_back,internal relative,front,right,False
FRCLTEXT001648_right,internal relative,front,front,True
FRCLTEXT001649_front,external intrinsic,left,left,True
FRCLTEXT001649_left,external intrinsic,back,back,True
FRCLTEXT001649_back,external intrinsic,right,right,True
FRCLTEXT001649_right,external intrinsic,front,front,True
FRCLTEXT001650_front,external intrinsic,right,right,True
FRCLTEXT001650_left,external intrinsic,front,front,True
FRCLTEXT001650_back,external intrinsic,left,back,False
FRCLTEXT001650_right,external intrinsic,back,back,True
FRCLTEXT001651,external relative,left,left,True
FRCLTEXT001652,external relative,right,right,True
FRCLTEXT001653_front,external relative,left,left,True
FRCLTEXT001653_left,external relative,left,left,True
FRCLTEXT001653_back,external relative,left,left,True
FRCLTEXT001653_right,external relative,left,left,True
FRCLTEXT001654_front,external relative,front,front,True
FRCLTEXT001654_left,external relative,front,front,True
FRCLTEXT001654_back,external relative,front,front,True
FRCLTEXT001654_right,external relative,front,front,True
FRCLTEXT001655_front,external relative,left,right,False
FRCLTEXT001655_left,external relative,left,left,True
FRCLTEXT001655_back,external relative,left,left,True
FRCLTEXT001655_right,external relative,left,left,True
FRCLTEXT001656,external relative,back,back,True
FRCLTEXT001657_front,external relative,back,back,True
FRCLTEXT001657_left,external relative,back,back,True
FRCLTEXT001657_back,external relative,back,back,True
FRCLTEXT001657_right,external relative,back,back,True
FRCLTEXT001658,external relative,left,left,True
FRCLTEXT001659,external relative,left,left,True
FRCLTEXT001660_front,external relative,left,left,True
FRCLTEXT001660_left,external relative,left,left,True
FRCLTEXT001660_back,external relative,left,left,True
FRCLTEXT001660_right,external relative,left,left,True
FRCLTEXT001661_front,external relative,right,right,True
FRCLTEXT001661_left,external relative,right,right,True
FRCLTEXT001661_back,external relative,right,right,True
FRCLTEXT001661_right,external relative,right,right,True
FRCLTEXT001662_front,external intrinsic,left,left,True
FRCLTEXT001662_left,external intrinsic,back,back,True
FRCLTEXT001662_back,external intrinsic,right,right,True
FRCLTEXT001662_right,external intrinsic,front,front,True
FRCLTEXT001663_front,external intrinsic,left,left,True
FRCLTEXT001663_left,external intrinsic,back,back,True
FRCLTEXT001663_back,external intrinsic,right,right,True
FRCLTEXT001663_right,external intrinsic,front,back,False
FRCLTEXT001664,external relative,front,front,True
FRCLTEXT001665_front,external intrinsic,back,front,False
FRCLTEXT001665_left,external intrinsic,right,right,True
FRCLTEXT001665_back,external intrinsic,front,front,True
FRCLTEXT001665_right,external intrinsic,left,left,True
FRCLTEXT001666,internal relative,right,right,True
FRCLTEXT001667,external relative,right,right,True
FRCLTEXT001668_front,external intrinsic,front,front,True
FRCLTEXT001668_left,external intrinsic,left,left,True
FRCLTEXT001668_back,external intrinsic,back,back,True
FRCLTEXT001668_right,external intrinsic,right,back,False
FRCLTEXT001669_front,external relative,left,front,False
FRCLTEXT001669_left,external relative,left,left,True
FRCLTEXT001669_back,external relative,left,left,True
FRCLTEXT001669_right,external relative,left,left,True
FRCLTEXT001670_front,external relative,front,front,True
FRCLTEXT001670_left,external relative,front,front,True
FRCLTEXT001670_back,external relative,front,front,True
FRCLTEXT001670_right,external relative,front,front,True
FRCLTEXT001671_front,external relative,front,front,True
FRCLTEXT001671_left,external relative,front,front,True
FRCLTEXT001671_back,external relative,front,front,True
FRCLTEXT001671_right,external relative,front,front,True
FRCLTEXT001672_front,external relative,back,back,True
FRCLTEXT001672_left,external relative,back,back,True
FRCLTEXT001672_back,external relative,back,back,True
FRCLTEXT001672_right,external relative,back,back,True
FRCLTEXT001673_front,external relative,front,front,True
FRCLTEXT001673_left,external relative,front,front,True
FRCLTEXT001673_back,external relative,front,front,True
FRCLTEXT001673_right,external relative,front,front,True
FRCLTEXT001674_front,external relative,front,front,True
FRCLTEXT001674_left,external relative,front,front,True
FRCLTEXT001674_back,external relative,front,front,True
FRCLTEXT001674_right,external relative,front,front,True
FRCLTEXT001675,external relative,right,right,True
FRCLTEXT001676,external relative,front,front,True
FRCLTEXT001677,external relative,left,left,True
FRCLTEXT001678_front,external relative,back,back,True
FRCLTEXT001678_left,external relative,back,back,True
FRCLTEXT001678_back,external relative,back,back,True
FRCLTEXT001678_right,external relative,back,back,True
FRCLTEXT001679,external relative,back,back,True
FRCLTEXT001680,external relative,left,left,True
FRCLTEXT001681_front,external intrinsic,right,right,True
FRCLTEXT001681_left,external intrinsic,front,front,True
FRCLTEXT001681_back,external intrinsic,left,back,False
FRCLTEXT001681_right,external intrinsic,back,back,True
FRCLTEXT001682_front,external relative,right,right,True
FRCLTEXT001682_left,external relative,right,right,True
FRCLTEXT001682_back,external relative,right,right,True
FRCLTEXT001682_right,external relative,right,right,True
FRCLTEXT001683_front,external relative,front,front,True
FRCLTEXT001683_left,external relative,front,front,True
FRCLTEXT001683_back,external relative,front,front,True
FRCLTEXT001683_right,external relative,front,front,True
FRCLTEXT001684,external relative,right,right,True
FRCLTEXT001685_front,external intrinsic,back,back,True
FRCLTEXT001685_left,external intrinsic,right,right,True
FRCLTEXT001685_back,external intrinsic,front,front,True
FRCLTEXT001685_right,external intrinsic,left,left,True
FRCLTEXT001686,external relative,right,right,True
FRCLTEXT001687,external relative,right,right,True
FRCLTEXT001688,external relative,back,back,True
FRCLTEXT001689_front,external relative,back,back,True
FRCLTEXT001689_left,external relative,back,back,True
FRCLTEXT001689_back,external relative,back,back,True
FRCLTEXT001689_right,external relative,back,back,True
FRCLTEXT001690_front,external intrinsic,back,back,True
FRCLTEXT001690_left,external intrinsic,right,right,True
FRCLTEXT001690_back,external intrinsic,front,front,True
FRCLTEXT001690_right,external intrinsic,left,left,True
FRCLTEXT001691_front,external relative,back,back,True
FRCLTEXT001691_left,external relative,back,back,True
FRCLTEXT001691_back,external relative,back,back,True
FRCLTEXT001691_right,external relative,back,back,True
FRCLTEXT001692_front,external intrinsic,right,right,True
FRCLTEXT001692_left,external intrinsic,front,front,True
FRCLTEXT001692_back,external intrinsic,left,left,True
FRCLTEXT001692_right,external intrinsic,back,back,True
FRCLTEXT001693_front,external relative,back,back,True
FRCLTEXT001693_left,external relative,back,back,True
FRCLTEXT001693_back,external relative,back,back,True
FRCLTEXT001693_right,external relative,back,back,True
FRCLTEXT001694_front,external relative,right,right,True
FRCLTEXT001694_left,external relative,right,right,True
FRCLTEXT001694_back,external relative,right,right,True
FRCLTEXT001694_right,external relative,right,right,True
FRCLTEXT001695_front,external relative,right,right,True
FRCLTEXT001695_left,external relative,right,right,True
FRCLTEXT001695_back,external relative,right,right,True
FRCLTEXT001695_right,external relative,right,right,True
FRCLTEXT001696_front,internal relative,back,back,True
FRCLTEXT001696_left,internal relative,back,back,True
FRCLTEXT001696_back,internal relative,back,back,True
FRCLTEXT001696_right,internal relative,back,back,True
FRCLTEXT001697_front,external intrinsic,left,left,True
FRCLTEXT001697_left,external intrinsic,back,back,True
FRCLTEXT001697_back,external intrinsic,right,right,True
FRCLTEXT001697_right,external intrinsic,front,front,True
FRCLTEXT001698_front,external intrinsic,right,right,True
FRCLTEXT001698_left,external intrinsic,front,front,True
FRCLTEXT001698_back,external intrinsic,left,left,True
FRCLTEXT001698_right,external intrinsic,back,back,True
FRCLTEXT001699_front,external intrinsic,right,right,True
FRCLTEXT001699_left,external intrinsic,front,front,True
FRCLTEXT001699_back,external intrinsic,left,left,True
FRCLTEXT001699_right,external intrinsic,back,back,True
FRCLTEXT001700_front,external intrinsic,right,front,False
FRCLTEXT001700_left,external intrinsic,front,front,True
FRCLTEXT001700_back,external intrinsic,left,back,False
FRCLTEXT001700_right,external intrinsic,back,back,True
FRCLTEXT001701_front,external intrinsic,front,front,True
FRCLTEXT001701_left,external intrinsic,left,left,True
FRCLTEXT001701_back,external intrinsic,back,back,True
FRCLTEXT001701_right,external intrinsic,right,right,True
FRCLTEXT001702_front,external relative,left,left,True
FRCLTEXT001702_left,external relative,left,left,True
FRCLTEXT001702_back,external relative,left,right,False
FRCLTEXT001702_right,external relative,left,left,True
FRCLTEXT001703_front,internal intrinsic,left,left,True
FRCLTEXT001703_left,internal intrinsic,back,back,True
FRCLTEXT001703_back,internal intrinsic,right,right,True
FRCLTEXT001703_right,internal intrinsic,front,front,True
FRCLTEXT001704_front,external relative,front,front,True
FRCLTEXT001704_left,external relative,front,front,True
FRCLTEXT001704_back,external relative,front,front,True
FRCLTEXT001704_right,external relative,front,front,True
FRCLTEXT001705_front,external intrinsic,back,back,True
FRCLTEXT001705_left,external intrinsic,right,right,True
FRCLTEXT001705_back,external intrinsic,front,front,True
FRCLTEXT001705_right,external intrinsic,left,left,True
FRCLTEXT001706_front,external relative,left,left,True
FRCLTEXT001706_left,external relative,left,left,True
FRCLTEXT001706_back,external relative,left,left,True
FRCLTEXT001706_right,external relative,left,left,True
FRCLTEXT001707_front,external intrinsic,front,front,True
FRCLTEXT001707_left,external intrinsic,left,left,True
FRCLTEXT001707_back,external intrinsic,back,back,True
FRCLTEXT001707_right,external intrinsic,right,right,True
FRCLTEXT001708_front,external intrinsic,left,left,True
FRCLTEXT001708_left,external intrinsic,back,back,True
FRCLTEXT001708_back,external intrinsic,right,right,True
FRCLTEXT001708_right,external intrinsic,front,front,True
FRCLTEXT001709_front,external relative,back,right,False
FRCLTEXT001709_left,external relative,back,right,False
FRCLTEXT001709_back,external relative,back,back,True
FRCLTEXT001709_right,external relative,back,front,False
FRCLTEXT001710_front,external relative,front,front,True
FRCLTEXT001710_left,external relative,front,front,True
FRCLTEXT001710_back,external relative,front,front,True
FRCLTEXT001710_right,external relative,front,front,True
FRCLTEXT001711_front,external intrinsic,right,back,False
FRCLTEXT001711_left,external intrinsic,front,front,True
FRCLTEXT001711_back,external intrinsic,left,left,True
FRCLTEXT001711_right,external intrinsic,back,back,True
FRCLTEXT001712_front,external intrinsic,right,right,True
FRCLTEXT001712_left,external intrinsic,front,front,True
FRCLTEXT001712_back,external intrinsic,left,left,True
FRCLTEXT001712_right,external intrinsic,back,back,True
FRCLTEXT001713,external relative,right,right,True
FRCLTEXT001714_front,external intrinsic,right,right,True
FRCLTEXT001714_left,external intrinsic,front,front,True
FRCLTEXT001714_back,external intrinsic,left,left,True
FRCLTEXT001714_right,external intrinsic,back,back,True
FRCLTEXT001715_front,external relative,right,right,True
FRCLTEXT001715_left,external relative,right,right,True
FRCLTEXT001715_back,external relative,right,right,True
FRCLTEXT001715_right,external relative,right,right,True
FRCLTEXT001716_front,external relative,front,front,True
FRCLTEXT001716_left,external relative,front,front,True
FRCLTEXT001716_back,external relative,front,front,True
FRCLTEXT001716_right,external relative,front,front,True
FRCLTEXT001717,external relative,right,right,True
FRCLTEXT001718_front,external relative,left,left,True
FRCLTEXT001718_left,external relative,left,left,True
FRCLTEXT001718_back,external relative,left,left,True
FRCLTEXT001718_right,external relative,left,left,True
FRCLTEXT001719_front,external intrinsic,front,front,True
FRCLTEXT001719_left,external intrinsic,left,left,True
FRCLTEXT001719_back,external intrinsic,back,back,True
FRCLTEXT001719_right,external intrinsic,right,right,True
FRCLTEXT001720_front,external intrinsic,left,front,False
FRCLTEXT001720_left,external intrinsic,back,back,True
FRCLTEXT001720_back,external intrinsic,right,right,True
FRCLTEXT001720_right,external intrinsic,front,front,True
FRCLTEXT001721_front,external relative,front,front,True
FRCLTEXT001721_left,external relative,front,right,False
FRCLTEXT001721_back,external relative,front,front,True
FRCLTEXT001721_right,external relative,front,front,True
FRCLTEXT001722_front,external intrinsic,left,left,True
FRCLTEXT001722_left,external intrinsic,back,back,True
FRCLTEXT001722_back,external intrinsic,right,right,True
FRCLTEXT001722_right,external intrinsic,front,front,True
FRCLTEXT001723_front,external intrinsic,left,back,False
FRCLTEXT001723_left,external intrinsic,back,back,True
FRCLTEXT001723_back,external intrinsic,right,right,True
FRCLTEXT001723_right,external intrinsic,front,front,True
FRCLTEXT001724,internal relative,left,left,True
FRCLTEXT001725,internal relative,right,right,True
FRCLTEXT001726_front,external relative,back,back,True
FRCLTEXT001726_left,external relative,back,back,True
FRCLTEXT001726_back,external relative,back,back,True
FRCLTEXT001726_right,external relative,back,back,True
FRCLTEXT001727_front,internal relative,front,front,True
FRCLTEXT001727_left,internal relative,front,front,True
FRCLTEXT001727_back,internal relative,front,front,True
FRCLTEXT001727_right,internal relative,front,front,True
FRCLTEXT001728_front,external relative,back,right,False
FRCLTEXT001728_left,external relative,back,back,True
FRCLTEXT001728_back,external relative,back,back,True
FRCLTEXT001728_right,external relative,back,back,True
FRCLTEXT001729,internal relative,front,front,True
FRCLTEXT001730_front,external relative,front,front,True
FRCLTEXT001730_left,external relative,front,front,True
FRCLTEXT001730_back,external relative,front,front,True
FRCLTEXT001730_right,external relative,front,front,True
FRCLTEXT001731_front,external intrinsic,front,front,True
FRCLTEXT001731_left,external intrinsic,left,left,True
FRCLTEXT001731_back,external intrinsic,back,front,False
FRCLTEXT001731_right,external intrinsic,right,right,True
FRCLTEXT001732_front,external intrinsic,right,front,False
FRCLTEXT001732_left,external intrinsic,front,front,True
FRCLTEXT001732_back,external intrinsic,left,left,True
FRCLTEXT001732_right,external intrinsic,back,back,True
FRCLTEXT001733_front,external intrinsic,back,back,True
FRCLTEXT001733_left,external intrinsic,right,right,True
FRCLTEXT001733_back,external intrinsic,front,front,True
FRCLTEXT001733_right,external intrinsic,left,left,True
FRCLTEXT001734_front,internal relative,back,back,True
FRCLTEXT001734_left,internal relative,back,back,True
FRCLTEXT001734_back,internal relative,back,back,True
FRCLTEXT001734_right,internal relative,back,back,True
FRCLTEXT001735_front,external intrinsic,right,front,False
FRCLTEXT001735_left,external intrinsic,front,front,True
FRCLTEXT001735_back,external intrinsic,left,left,True
FRCLTEXT001735_right,external intrinsic,back,back,True
FRCLTEXT001736,external relative,left,left,True
FRCLTEXT001737_front,internal intrinsic,front,front,True
FRCLTEXT001737_left,internal intrinsic,left,left,True
FRCLTEXT001737_back,internal intrinsic,back,back,True
FRCLTEXT001737_right,internal intrinsic,right,right,True
FRCLTEXT001738,external relative,left,left,True
FRCLTEXT001739_front,external relative,back,back,True
FRCLTEXT001739_left,external relative,back,back,True
FRCLTEXT001739_back,external relative,back,back,True
FRCLTEXT001739_right,external relative,back,back,True
FRCLTEXT001740_front,external relative,left,left,True
FRCLTEXT001740_left,external relative,left,left,True
FRCLTEXT001740_back,external relative,left,right,False
FRCLTEXT001740_right,external relative,left,left,True
FRCLTEXT001741_front,external relative,left,front,False
FRCLTEXT001741_left,external relative,left,left,True
FRCLTEXT001741_back,external relative,left,left,True
FRCLTEXT001741_right,external relative,left,left,True
FRCLTEXT001742_front,internal intrinsic,left,left,True
FRCLTEXT001742_left,internal intrinsic,back,back,True
FRCLTEXT001742_back,internal intrinsic,right,back,False
FRCLTEXT001742_right,internal intrinsic,front,front,True
FRCLTEXT001743,internal relative,right,right,True
FRCLTEXT001744,external relative,back,back,True
FRCLTEXT001745,external relative,front,front,True
FRCLTEXT001746,internal relative,back,back,True
FRCLTEXT001747_front,external relative,back,back,True
FRCLTEXT001747_left,external relative,back,back,True
FRCLTEXT001747_back,external relative,back,right,False
FRCLTEXT001747_right,external relative,back,back,True
FRCLTEXT001748,external relative,front,front,True
FRCLTEXT001749,internal relative,front,front,True
FRCLTEXT001750_front,external relative,back,back,True
FRCLTEXT001750_left,external relative,back,back,True
FRCLTEXT001750_back,external relative,back,back,True
FRCLTEXT001750_right,external relative,back,back,True
FRCLTEXT001751_front,external relative,front,front,True
FRCLTEXT001751_left,external relative,front,front,True
FRCLTEXT001751_back,external relative,front,front,True
FRCLTEXT001751_right,external relative,front,front,True
FRCLTEXT001752_front,external intrinsic,back,back,True
FRCLTEXT001752_left,external intrinsic,right,back,False
FRCLTEXT001752_back,external intrinsic,front,front,True
FRCLTEXT001752_right,external intrinsic,left,left,True
FRCLTEXT001753_front,external relative,right,right,True
FRCLTEXT001753_left,external relative,right,right,True
FRCLTEXT001753_back,external relative,right,right,True
FRCLTEXT001753_right,external relative,right,right,True
FRCLTEXT001754_front,external relative,back,back,True
FRCLTEXT001754_left,external relative,back,back,True
FRCLTEXT001754_back,external relative,back,back,True
FRCLTEXT001754_right,external relative,back,back,True
FRCLTEXT001755_front,external relative,back,back,True
FRCLTEXT001755_left,external relative,back,back,True
FRCLTEXT001755_back,external relative,back,back,True
FRCLTEXT001755_right,external relative,back,back,True
FRCLTEXT001756,internal relative,right,right,True
FRCLTEXT001757_front,external intrinsic,front,front,True
FRCLTEXT001757_left,external intrinsic,left,left,True
FRCLTEXT001757_back,external intrinsic,back,back,True
FRCLTEXT001757_right,external intrinsic,right,right,True
FRCLTEXT001758,external relative,front,front,True
FRCLTEXT001759_front,external intrinsic,back,back,True
FRCLTEXT001759_left,external intrinsic,right,front,False
FRCLTEXT001759_back,external intrinsic,front,front,True
FRCLTEXT001759_right,external intrinsic,left,left,True
FRCLTEXT001760_front,external intrinsic,left,front,False
FRCLTEXT001760_left,external intrinsic,back,back,True
FRCLTEXT001760_back,external intrinsic,right,right,True
FRCLTEXT001760_right,external intrinsic,front,front,True
FRCLTEXT001761_front,external relative,left,right,False
FRCLTEXT001761_left,external relative,left,front,False
FRCLTEXT001761_back,external relative,left,left,True
FRCLTEXT001761_right,external relative,left,left,True
FRCLTEXT001762_front,external intrinsic,back,back,True
FRCLTEXT001762_left,external intrinsic,right,back,False
FRCLTEXT001762_back,external intrinsic,front,front,True
FRCLTEXT001762_right,external intrinsic,left,left,True
FRCLTEXT001763,external relative,right,right,True
FRCLTEXT001764,external relative,front,front,True
FRCLTEXT001765_front,external intrinsic,back,front,False
FRCLTEXT001765_left,external intrinsic,right,right,True
FRCLTEXT001765_back,external intrinsic,front,front,True
FRCLTEXT001765_right,external intrinsic,left,left,True
FRCLTEXT001766,external relative,left,left,True
FRCLTEXT001767,external relative,left,left,True
FRCLTEXT001768,external relative,right,right,True
FRCLTEXT001769_front,external relative,right,right,True
FRCLTEXT001769_left,external relative,right,right,True
FRCLTEXT001769_back,external relative,right,right,True
FRCLTEXT001769_right,external relative,right,right,True
FRCLTEXT001770_front,external intrinsic,back,back,True
FRCLTEXT001770_left,external intrinsic,right,right,True
FRCLTEXT001770_back,external intrinsic,front,front,True
FRCLTEXT001770_right,external intrinsic,left,left,True
FRCLTEXT001771,external relative,back,back,True
FRCLTEXT001772_front,external intrinsic,front,front,True
FRCLTEXT001772_left,external intrinsic,left,left,True
FRCLTEXT001772_back,external intrinsic,back,back,True
FRCLTEXT001772_right,external intrinsic,right,right,True
FRCLTEXT001773_front,external relative,back,back,True
FRCLTEXT001773_left,external relative,back,back,True
FRCLTEXT001773_back,external relative,back,back,True
FRCLTEXT001773_right,external relative,back,back,True
FRCLTEXT001774,external relative,left,left,True
FRCLTEXT001775_front,external intrinsic,front,front,True
FRCLTEXT001775_left,external intrinsic,left,left,True
FRCLTEXT001775_back,external intrinsic,back,back,True
FRCLTEXT001775_right,external intrinsic,right,right,True
FRCLTEXT001776_front,external relative,front,front,True
FRCLTEXT001776_left,external relative,front,front,True
FRCLTEXT001776_back,external relative,front,front,True
FRCLTEXT001776_right,external relative,front,front,True
FRCLTEXT001777_front,external relative,left,left,True
FRCLTEXT001777_left,external relative,left,left,True
FRCLTEXT001777_back,external relative,left,left,True
FRCLTEXT001777_right,external relative,left,left,True
FRCLTEXT001778_front,external intrinsic,back,back,True
FRCLTEXT001778_left,external intrinsic,right,right,True
FRCLTEXT001778_back,external intrinsic,front,front,True
FRCLTEXT001778_right,external intrinsic,left,left,True
FRCLTEXT001779_front,external intrinsic,front,front,True
FRCLTEXT001779_left,external intrinsic,left,left,True
FRCLTEXT001779_back,external intrinsic,back,back,True
FRCLTEXT001779_right,external intrinsic,right,right,True
FRCLTEXT001780_front,internal intrinsic,back,front,False
FRCLTEXT001780_left,internal intrinsic,right,right,True
FRCLTEXT001780_back,internal intrinsic,front,back,False
FRCLTEXT001780_right,internal intrinsic,left,back,False
FRCLTEXT001781_front,external intrinsic,left,left,True
FRCLTEXT001781_left,external intrinsic,back,back,True
FRCLTEXT001781_back,external intrinsic,right,right,True
FRCLTEXT001781_right,external intrinsic,front,front,True
FRCLTEXT001782,internal relative,back,back,True
FRCLTEXT001783_front,external intrinsic,right,right,True
FRCLTEXT001783_left,external intrinsic,front,front,True
FRCLTEXT001783_back,external intrinsic,left,left,True
FRCLTEXT001783_right,external intrinsic,back,back,True
FRCLTEXT001784_front,external intrinsic,left,left,True
FRCLTEXT001784_left,external intrinsic,back,back,True
FRCLTEXT001784_back,external intrinsic,right,front,False
FRCLTEXT001784_right,external intrinsic,front,front,True
FRCLTEXT001785_front,external intrinsic,right,right,True
FRCLTEXT001785_left,external intrinsic,front,front,True
FRCLTEXT001785_back,external intrinsic,left,left,True
FRCLTEXT001785_right,external intrinsic,back,back,True
FRCLTEXT001786_front,external intrinsic,left,left,True
FRCLTEXT001786_left,external intrinsic,back,back,True
FRCLTEXT001786_back,external intrinsic,right,front,False
FRCLTEXT001786_right,external intrinsic,front,front,True
FRCLTEXT001787_front,external relative,right,right,True
FRCLTEXT001787_left,external relative,right,right,True
FRCLTEXT001787_back,external relative,right,right,True
FRCLTEXT001787_right,external relative,right,right,True
FRCLTEXT001788_front,external relative,front,front,True
FRCLTEXT001788_left,external relative,front,right,False
FRCLTEXT001788_back,external relative,front,front,True
FRCLTEXT001788_right,external relative,front,front,True
FRCLTEXT001789_front,internal relative,back,back,True
FRCLTEXT001789_left,internal relative,back,back,True
FRCLTEXT001789_back,internal relative,back,back,True
FRCLTEXT001789_right,internal relative,back,back,True
FRCLTEXT001790_front,external intrinsic,back,back,True
FRCLTEXT001790_left,external intrinsic,right,right,True
FRCLTEXT001790_back,external intrinsic,front,front,True
FRCLTEXT001790_right,external intrinsic,left,left,True
FRCLTEXT001791_front,external intrinsic,left,left,True
FRCLTEXT001791_left,external intrinsic,back,back,True
FRCLTEXT001791_back,external intrinsic,right,front,False
FRCLTEXT001791_right,external intrinsic,front,front,True
FRCLTEXT001792,external relative,back,back,True
FRCLTEXT001793_front,external intrinsic,back,back,True
FRCLTEXT001793_left,external intrinsic,right,right,True
FRCLTEXT001793_back,external intrinsic,front,front,True
FRCLTEXT001793_right,external intrinsic,left,left,True
FRCLTEXT001794_front,external intrinsic,left,left,True
FRCLTEXT001794_left,external intrinsic,back,back,True
FRCLTEXT001794_back,external intrinsic,right,right,True
FRCLTEXT001794_right,external intrinsic,front,front,True
FRCLTEXT001795,external relative,left,left,True
FRCLTEXT001796,external relative,right,right,True
FRCLTEXT001797_front,internal intrinsic,left,back,False
FRCLTEXT001797_left,internal intrinsic,back,back,True
FRCLTEXT001797_back,internal intrinsic,right,right,True
FRCLTEXT001797_right,internal intrinsic,front,front,True
FRCLTEXT001798_front,external relative,back,front,False
FRCLTEXT001798_left,external relative,back,back,True
FRCLTEXT001798_back,external relative,back,back,True
FRCLTEXT001798_right,external relative,back,back,True
FRCLTEXT001799_front,external relative,left,right,False
FRCLTEXT001799_left,external relative,left,left,True
FRCLTEXT001799_back,external relative,left,left,True
FRCLTEXT001799_right,external relative,left,left,True
FRCLTEXT001800,external relative,front,front,True
FRCLTEXT001801_front,internal relative,front,front,True
FRCLTEXT001801_left,internal relative,front,front,True
FRCLTEXT001801_back,internal relative,front,front,True
FRCLTEXT001801_right,internal relative,front,front,True
FRCLTEXT001802_front,external relative,left,left,True
FRCLTEXT001802_left,external relative,left,left,True
FRCLTEXT001802_back,external relative,left,left,True
FRCLTEXT001802_right,external relative,left,left,True
FRCLTEXT001803_front,external relative,back,back,True
FRCLTEXT001803_left,external relative,back,back,True
FRCLTEXT001803_back,external relative,back,back,True
FRCLTEXT001803_right,external relative,back,back,True
FRCLTEXT001804_front,internal relative,right,right,True
FRCLTEXT001804_left,internal relative,right,right,True
FRCLTEXT001804_back,internal relative,right,right,True
FRCLTEXT001804_right,internal relative,right,right,True
FRCLTEXT001805,external relative,back,back,True
FRCLTEXT001806,external relative,back,back,True
FRCLTEXT001807_front,external intrinsic,front,front,True
FRCLTEXT001807_left,external intrinsic,left,left,True
FRCLTEXT001807_back,external intrinsic,back,back,True
FRCLTEXT001807_right,external intrinsic,right,right,True
FRCLTEXT001808_front,external intrinsic,right,right,True
FRCLTEXT001808_left,external intrinsic,front,front,True
FRCLTEXT001808_back,external intrinsic,left,left,True
FRCLTEXT001808_right,external intrinsic,back,back,True
FRCLTEXT001809,external relative,back,back,True
FRCLTEXT001810_front,internal relative,back,front,False
FRCLTEXT001810_left,internal relative,back,back,True
FRCLTEXT001810_back,internal relative,back,back,True
FRCLTEXT001810_right,internal relative,back,right,False
FRCLTEXT001811_front,external relative,back,right,False
FRCLTEXT001811_left,external relative,back,back,True
FRCLTEXT001811_back,external relative,back,back,True
FRCLTEXT001811_right,external relative,back,back,True
FRCLTEXT001812_front,internal relative,front,front,True
FRCLTEXT001812_left,internal relative,front,right,False
FRCLTEXT001812_back,internal relative,front,front,True
FRCLTEXT001812_right,internal relative,front,front,True
FRCLTEXT001813_front,external intrinsic,front,front,True
FRCLTEXT001813_left,external intrinsic,left,left,True
FRCLTEXT001813_back,external intrinsic,back,back,True
FRCLTEXT001813_right,external intrinsic,right,front,False
FRCLTEXT001814_front,external relative,front,front,True
FRCLTEXT001814_left,external relative,front,front,True
FRCLTEXT001814_back,external relative,front,front,True
FRCLTEXT001814_right,external relative,front,front,True
FRCLTEXT001815_front,internal intrinsic,back,back,True
FRCLTEXT001815_left,internal intrinsic,right,right,True
FRCLTEXT001815_back,internal intrinsic,front,front,True
FRCLTEXT001815_right,internal intrinsic,left,left,True
FRCLTEXT001816_front,external intrinsic,right,right,True
FRCLTEXT001816_left,external intrinsic,front,front,True
FRCLTEXT001816_back,external intrinsic,left,left,True
FRCLTEXT001816_right,external intrinsic,back,back,True
FRCLTEXT001817_front,external intrinsic,front,front,True
FRCLTEXT001817_left,external intrinsic,left,left,True
FRCLTEXT001817_back,external intrinsic,back,back,True
FRCLTEXT001817_right,external intrinsic,right,right,True
FRCLTEXT001818,external relative,front,front,True
FRCLTEXT001819,external relative,front,front,True
FRCLTEXT001820,external relative,right,right,True
FRCLTEXT001821_front,external relative,back,back,True
FRCLTEXT001821_left,external relative,back,right,False
FRCLTEXT001821_back,external relative,back,front,False
FRCLTEXT001821_right,external relative,back,back,True
FRCLTEXT001822_front,external relative,back,back,True
FRCLTEXT001822_left,external relative,back,back,True
FRCLTEXT001822_back,external relative,back,back,True
FRCLTEXT001822_right,external relative,back,back,True
FRCLTEXT001823_front,external relative,back,front,False
FRCLTEXT001823_left,external relative,back,front,False
FRCLTEXT001823_back,external relative,back,back,True
FRCLTEXT001823_right,external relative,back,back,True
FRCLTEXT001824_front,external relative,right,right,True
FRCLTEXT001824_left,external relative,right,right,True
FRCLTEXT001824_back,external relative,right,right,True
FRCLTEXT001824_right,external relative,right,right,True
FRCLTEXT001825_front,external relative,right,right,True
FRCLTEXT001825_left,external relative,right,right,True
FRCLTEXT001825_back,external relative,right,right,True
FRCLTEXT001825_right,external relative,right,right,True
FRCLTEXT001826_front,external relative,back,back,True
FRCLTEXT001826_left,external relative,back,back,True
FRCLTEXT001826_back,external relative,back,back,True
FRCLTEXT001826_right,external relative,back,back,True
FRCLTEXT001827_front,external intrinsic,back,front,False
FRCLTEXT001827_left,external intrinsic,right,right,True
FRCLTEXT001827_back,external intrinsic,front,front,True
FRCLTEXT001827_right,external intrinsic,left,left,True
FRCLTEXT001828,external relative,front,front,True
FRCLTEXT001829_front,external relative,left,left,True
FRCLTEXT001829_left,external relative,left,left,True
FRCLTEXT001829_back,external relative,left,left,True
FRCLTEXT001829_right,external relative,left,left,True
FRCLTEXT001830_front,external relative,right,right,True
FRCLTEXT001830_left,external relative,right,right,True
FRCLTEXT001830_back,external relative,right,right,True
FRCLTEXT001830_right,external relative,right,right,True
FRCLTEXT001831_front,external relative,left,left,True
FRCLTEXT001831_left,external relative,left,left,True
FRCLTEXT001831_back,external relative,left,left,True
FRCLTEXT001831_right,external relative,left,left,True
FRCLTEXT001832,external relative,left,left,True
FRCLTEXT001833_front,external relative,right,right,True
FRCLTEXT001833_left,external relative,right,right,True
FRCLTEXT001833_back,external relative,right,right,True
FRCLTEXT001833_right,external relative,right,right,True
FRCLTEXT001834_front,external relative,left,left,True
FRCLTEXT001834_left,external relative,left,left,True
FRCLTEXT001834_back,external relative,left,left,True
FRCLTEXT001834_right,external relative,left,left,True
FRCLTEXT001835_front,external intrinsic,left,front,False
FRCLTEXT001835_left,external intrinsic,back,back,True
FRCLTEXT001835_back,external intrinsic,right,right,True
FRCLTEXT001835_right,external intrinsic,front,front,True
FRCLTEXT001836_front,external intrinsic,right,right,True
FRCLTEXT001836_left,external intrinsic,front,front,True
FRCLTEXT001836_back,external intrinsic,left,left,True
FRCLTEXT001836_right,external intrinsic,back,back,True
FRCLTEXT001837_front,internal intrinsic,left,left,True
FRCLTEXT001837_left,internal intrinsic,back,back,True
FRCLTEXT001837_back,internal intrinsic,right,right,True
FRCLTEXT001837_right,internal intrinsic,front,front,True
FRCLTEXT001838_front,external relative,front,front,True
FRCLTEXT001838_left,external relative,front,front,True
FRCLTEXT001838_back,external relative,front,front,True
FRCLTEXT001838_right,external relative,front,front,True
FRCLTEXT001839_front,external relative,back,front,False
FRCLTEXT001839_left,external relative,back,right,False
FRCLTEXT001839_back,external relative,back,front,False
FRCLTEXT001839_right,external relative,back,back,True
FRCLTEXT001840_front,external intrinsic,left,left,True
FRCLTEXT001840_left,external intrinsic,back,back,True
FRCLTEXT001840_back,external intrinsic,right,right,True
FRCLTEXT001840_right,external intrinsic,front,back,False
FRCLTEXT001841_front,internal relative,left,left,True
FRCLTEXT001841_left,internal relative,left,left,True
FRCLTEXT001841_back,internal relative,left,left,True
FRCLTEXT001841_right,internal relative,left,left,True
FRCLTEXT001842_front,external intrinsic,right,front,False
FRCLTEXT001842_left,external intrinsic,front,front,True
FRCLTEXT001842_back,external intrinsic,left,left,True
FRCLTEXT001842_right,external intrinsic,back,back,True
FRCLTEXT001843_front,internal relative,back,back,True
FRCLTEXT001843_left,internal relative,back,back,True
FRCLTEXT001843_back,internal relative,back,back,True
FRCLTEXT001843_right,internal relative,back,back,True
FRCLTEXT001844_front,external relative,front,front,True
FRCLTEXT001844_left,external relative,front,front,True
FRCLTEXT001844_back,external relative,front,front,True
FRCLTEXT001844_right,external relative,front,front,True
FRCLTEXT001845_front,external intrinsic,left,left,True
FRCLTEXT001845_left,external intrinsic,back,back,True
FRCLTEXT001845_back,external intrinsic,right,right,True
FRCLTEXT001845_right,external intrinsic,front,front,True
FRCLTEXT001846_front,internal relative,left,left,True
FRCLTEXT001846_left,internal relative,left,right,False
FRCLTEXT001846_back,internal relative,left,left,True
FRCLTEXT001846_right,internal relative,left,right,False
FRCLTEXT001847_front,external relative,right,right,True
FRCLTEXT001847_left,external relative,right,right,True
FRCLTEXT001847_back,external relative,right,right,True
FRCLTEXT001847_right,external relative,right,right,True
FRCLTEXT001848_front,external intrinsic,front,front,True
FRCLTEXT001848_left,external intrinsic,left,left,True
FRCLTEXT001848_back,external intrinsic,back,back,True
FRCLTEXT001848_right,external intrinsic,right,right,True
FRCLTEXT001849_front,external relative,right,right,True
FRCLTEXT001849_left,external relative,right,right,True
FRCLTEXT001849_back,external relative,right,right,True
FRCLTEXT001849_right,external relative,right,right,True
FRCLTEXT001850,external relative,right,right,True
FRCLTEXT001851_front,external relative,left,left,True
FRCLTEXT001851_left,external relative,left,left,True
FRCLTEXT001851_back,external relative,left,left,True
FRCLTEXT001851_right,external relative,left,left,True
FRCLTEXT001852_front,external intrinsic,back,back,True
FRCLTEXT001852_left,external intrinsic,right,right,True
FRCLTEXT001852_back,external intrinsic,front,front,True
FRCLTEXT001852_right,external intrinsic,left,left,True
FRCLTEXT001853_front,external intrinsic,right,right,True
FRCLTEXT001853_left,external intrinsic,front,front,True
FRCLTEXT001853_back,external intrinsic,left,left,True
FRCLTEXT001853_right,external intrinsic,back,back,True
FRCLTEXT001854_front,external intrinsic,front,front,True
FRCLTEXT001854_left,external intrinsic,left,left,True
FRCLTEXT001854_back,external intrinsic,back,front,False
FRCLTEXT001854_right,external intrinsic,right,back,False
FRCLTEXT001855_front,external intrinsic,front,front,True
FRCLTEXT001855_left,external intrinsic,left,left,True
FRCLTEXT001855_back,external intrinsic,back,back,True
FRCLTEXT001855_right,external intrinsic,right,right,True
FRCLTEXT001856_front,internal relative,back,back,True
FRCLTEXT001856_left,internal relative,back,right,False
FRCLTEXT001856_back,internal relative,back,back,True
FRCLTEXT001856_right,internal relative,back,right,False
FRCLTEXT001857_front,internal intrinsic,front,front,True
FRCLTEXT001857_left,internal intrinsic,left,left,True
FRCLTEXT001857_back,internal intrinsic,back,back,True
FRCLTEXT001857_right,internal intrinsic,right,right,True
FRCLTEXT001858_front,external intrinsic,back,back,True
FRCLTEXT001858_left,external intrinsic,right,right,True
FRCLTEXT001858_back,external intrinsic,front,front,True
FRCLTEXT001858_right,external intrinsic,left,left,True
FRCLTEXT001859_front,external intrinsic,right,right,True
FRCLTEXT001859_left,external intrinsic,front,front,True
FRCLTEXT001859_back,external intrinsic,left,left,True
FRCLTEXT001859_right,external intrinsic,back,back,True
FRCLTEXT001860_front,external intrinsic,left,left,True
FRCLTEXT001860_left,external intrinsic,back,back,True
FRCLTEXT001860_back,external intrinsic,right,right,True
FRCLTEXT001860_right,external intrinsic,front,front,True
FRCLTEXT001861_front,external relative,back,back,True
FRCLTEXT001861_left,external relative,back,back,True
FRCLTEXT001861_back,external relative,back,back,True
FRCLTEXT001861_right,external relative,back,back,True
FRCLTEXT001862_front,external relative,right,right,True
FRCLTEXT001862_left,external relative,right,right,True
FRCLTEXT001862_back,external relative,right,right,True
FRCLTEXT001862_right,external relative,right,right,True
FRCLTEXT001863_front,external intrinsic,front,front,True
FRCLTEXT001863_left,external intrinsic,left,left,True
FRCLTEXT001863_back,external intrinsic,back,front,False
FRCLTEXT001863_right,external intrinsic,right,right,True
FRCLTEXT001864_front,external relative,front,front,True
FRCLTEXT001864_left,external relative,front,front,True
FRCLTEXT001864_back,external relative,front,front,True
FRCLTEXT001864_right,external relative,front,front,True
FRCLTEXT001865_front,external relative,left,left,True
FRCLTEXT001865_left,external relative,left,left,True
FRCLTEXT001865_back,external relative,left,left,True
FRCLTEXT001865_right,external relative,left,left,True
FRCLTEXT001866_front,external intrinsic,back,back,True
FRCLTEXT001866_left,external intrinsic,right,right,True
FRCLTEXT001866_back,external intrinsic,front,front,True
FRCLTEXT001866_right,external intrinsic,left,left,True
FRCLTEXT001867_front,external intrinsic,left,left,True
FRCLTEXT001867_left,external intrinsic,back,back,True
FRCLTEXT001867_back,external intrinsic,right,right,True
FRCLTEXT001867_right,external intrinsic,front,front,True
FRCLTEXT001868_front,external relative,right,right,True
FRCLTEXT001868_left,external relative,right,right,True
FRCLTEXT001868_back,external relative,right,right,True
FRCLTEXT001868_right,external relative,right,right,True
FRCLTEXT001869,external relative,left,left,True
FRCLTEXT001870,external relative,front,front,True
FRCLTEXT001871_front,external intrinsic,right,right,True
FRCLTEXT001871_left,external intrinsic,front,back,False
FRCLTEXT001871_back,external intrinsic,left,left,True
FRCLTEXT001871_right,external intrinsic,back,back,True
FRCLTEXT001872_front,internal intrinsic,right,right,True
FRCLTEXT001872_left,internal intrinsic,front,front,True
FRCLTEXT001872_back,internal intrinsic,left,left,True
FRCLTEXT001872_right,internal intrinsic,back,back,True
FRCLTEXT001873_front,external intrinsic,back,front,False
FRCLTEXT001873_left,external intrinsic,right,right,True
FRCLTEXT001873_back,external intrinsic,front,front,True
FRCLTEXT001873_right,external intrinsic,left,left,True
FRCLTEXT001874_front,external intrinsic,back,back,True
FRCLTEXT001874_left,external intrinsic,right,right,True
FRCLTEXT001874_back,external intrinsic,front,back,False
FRCLTEXT001874_right,external intrinsic,left,left,True
FRCLTEXT001875_front,external intrinsic,right,right,True
FRCLTEXT001875_left,external intrinsic,front,front,True
FRCLTEXT001875_back,external intrinsic,left,left,True
FRCLTEXT001875_right,external intrinsic,back,back,True
FRCLTEXT001876_front,external intrinsic,left,front,False
FRCLTEXT001876_left,external intrinsic,back,back,True
FRCLTEXT001876_back,external intrinsic,right,right,True
FRCLTEXT001876_right,external intrinsic,front,front,True
FRCLTEXT001877,external relative,right,right,True
FRCLTEXT001878_front,internal intrinsic,front,front,True
FRCLTEXT001878_left,internal intrinsic,left,left,True
FRCLTEXT001878_back,internal intrinsic,back,back,True
FRCLTEXT001878_right,internal intrinsic,right,front,False
FRCLTEXT001879_front,external intrinsic,back,back,True
FRCLTEXT001879_left,external intrinsic,right,right,True
FRCLTEXT001879_back,external intrinsic,front,front,True
FRCLTEXT001879_right,external intrinsic,left,left,True
FRCLTEXT001880_front,external relative,front,front,True
FRCLTEXT001880_left,external relative,front,front,True
FRCLTEXT001880_back,external relative,front,front,True
FRCLTEXT001880_right,external relative,front,front,True
FRCLTEXT001881_front,external intrinsic,back,back,True
FRCLTEXT001881_left,external intrinsic,right,right,True
FRCLTEXT001881_back,external intrinsic,front,front,True
FRCLTEXT001881_right,external intrinsic,left,left,True
FRCLTEXT001882,external relative,left,left,True
FRCLTEXT001883_front,external relative,left,left,True
FRCLTEXT001883_left,external relative,left,left,True
FRCLTEXT001883_back,external relative,left,left,True
FRCLTEXT001883_right,external relative,left,left,True
FRCLTEXT001884_front,external intrinsic,right,right,True
FRCLTEXT001884_left,external intrinsic,front,back,False
FRCLTEXT001884_back,external intrinsic,left,left,True
FRCLTEXT001884_right,external intrinsic,back,back,True
FRCLTEXT001885_front,external intrinsic,right,back,False
FRCLTEXT001885_left,external intrinsic,front,front,True
FRCLTEXT001885_back,external intrinsic,left,left,True
FRCLTEXT001885_right,external intrinsic,back,back,True
FRCLTEXT001886_front,external intrinsic,left,back,False
FRCLTEXT001886_left,external intrinsic,back,back,True
FRCLTEXT001886_back,external intrinsic,right,right,True
FRCLTEXT001886_right,external intrinsic,front,front,True
FRCLTEXT001887,external relative,left,left,True
FRCLTEXT001888_front,external intrinsic,front,front,True
FRCLTEXT001888_left,external intrinsic,left,left,True
FRCLTEXT001888_back,external intrinsic,back,back,True
FRCLTEXT001888_right,external intrinsic,right,right,True
FRCLTEXT001889_front,external relative,left,left,True
FRCLTEXT001889_left,external relative,left,left,True
FRCLTEXT001889_back,external relative,left,left,True
FRCLTEXT001889_right,external relative,left,left,True
FRCLTEXT001890_front,external relative,right,right,True
FRCLTEXT001890_left,external relative,right,right,True
FRCLTEXT001890_back,external relative,right,right,True
FRCLTEXT001890_right,external relative,right,right,True
FRCLTEXT001891,external relative,back,back,True
FRCLTEXT001892_front,external intrinsic,right,back,False
FRCLTEXT001892_left,external intrinsic,front,front,True
FRCLTEXT001892_back,external intrinsic,left,left,True
FRCLTEXT001892_right,external intrinsic,back,back,True
FRCLTEXT001893_front,external relative,front,front,True
FRCLTEXT001893_left,external relative,front,front,True
FRCLTEXT001893_back,external relative,front,front,True
FRCLTEXT001893_right,external relative,front,front,True
FRCLTEXT001894,external relative,left,left,True
FRCLTEXT001895_front,internal intrinsic,left,left,True
FRCLTEXT001895_left,internal intrinsic,back,back,True
FRCLTEXT001895_back,internal intrinsic,right,right,True
FRCLTEXT001895_right,internal intrinsic,front,front,True
FRCLTEXT001896_front,internal intrinsic,front,front,True
FRCLTEXT001896_left,internal intrinsic,left,left,True
FRCLTEXT001896_back,internal intrinsic,back,back,True
FRCLTEXT001896_right,internal intrinsic,right,right,True
FRCLTEXT001897_front,external intrinsic,left,left,True
FRCLTEXT001897_left,external intrinsic,back,back,True
FRCLTEXT001897_back,external intrinsic,right,right,True
FRCLTEXT001897_right,external intrinsic,front,back,False
FRCLTEXT001898_front,external intrinsic,back,back,True
FRCLTEXT001898_left,external intrinsic,right,right,True
FRCLTEXT001898_back,external intrinsic,front,front,True
FRCLTEXT001898_right,external intrinsic,left,left,True
FRCLTEXT001899_front,external relative,back,back,True
FRCLTEXT001899_left,external relative,back,back,True
FRCLTEXT001899_back,external relative,back,back,True
FRCLTEXT001899_right,external relative,back,back,True
FRCLTEXT001900_front,external intrinsic,right,right,True
FRCLTEXT001900_left,external intrinsic,front,front,True
FRCLTEXT001900_back,external intrinsic,left,left,True
FRCLTEXT001900_right,external intrinsic,back,back,True
FRCLTEXT001901,external relative,front,front,True
FRCLTEXT001902_front,external relative,front,front,True
FRCLTEXT001902_left,external relative,front,front,True
FRCLTEXT001902_back,external relative,front,front,True
FRCLTEXT001902_right,external relative,front,front,True
FRCLTEXT001903_front,external relative,left,left,True
FRCLTEXT001903_left,external relative,left,left,True
FRCLTEXT001903_back,external relative,left,left,True
FRCLTEXT001903_right,external relative,left,left,True
FRCLTEXT001904_front,external relative,left,left,True
FRCLTEXT001904_left,external relative,left,left,True
FRCLTEXT001904_back,external relative,left,left,True
FRCLTEXT001904_right,external relative,left,left,True
FRCLTEXT001905_front,external intrinsic,right,right,True
FRCLTEXT001905_left,external intrinsic,front,front,True
FRCLTEXT001905_back,external intrinsic,left,left,True
FRCLTEXT001905_right,external intrinsic,back,back,True
FRCLTEXT001906,external relative,right,right,True
FRCLTEXT001907_front,external intrinsic,front,front,True
FRCLTEXT001907_left,external intrinsic,left,front,False
FRCLTEXT001907_back,external intrinsic,back,back,True
FRCLTEXT001907_right,external intrinsic,right,right,True
FRCLTEXT001908,external relative,right,right,True
FRCLTEXT001909_front,external relative,right,right,True
FRCLTEXT001909_left,external relative,right,right,True
FRCLTEXT001909_back,external relative,right,right,True
FRCLTEXT001909_right,external relative,right,right,True
FRCLTEXT001910,external relative,front,front,True
FRCLTEXT001911_front,external relative,front,front,True
FRCLTEXT001911_left,external relative,front,front,True
FRCLTEXT001911_back,external relative,front,front,True
FRCLTEXT001911_right,external relative,front,front,True
FRCLTEXT001912_front,external intrinsic,right,right,True
FRCLTEXT001912_left,external intrinsic,front,front,True
FRCLTEXT001912_back,external intrinsic,left,left,True
FRCLTEXT001912_right,external intrinsic,back,back,True
FRCLTEXT001913_front,external relative,front,front,True
FRCLTEXT001913_left,external relative,front,front,True
FRCLTEXT001913_back,external relative,front,front,True
FRCLTEXT001913_right,external relative,front,front,True
FRCLTEXT001914,external relative,left,left,True
FRCLTEXT001915,external relative,right,right,True
FRCLTEXT001916_front,external intrinsic,left,left,True
FRCLTEXT001916_left,external intrinsic,back,back,True
FRCLTEXT001916_back,external intrinsic,right,right,True
FRCLTEXT001916_right,external intrinsic,front,front,True
FRCLTEXT001917,external relative,left,left,True
FRCLTEXT001918_front,external relative,back,back,True
FRCLTEXT001918_left,external relative,back,front,False
FRCLTEXT001918_back,external relative,back,back,True
FRCLTEXT001918_right,external relative,back,front,False
FRCLTEXT001919_front,external intrinsic,front,front,True
FRCLTEXT001919_left,external intrinsic,left,left,True
FRCLTEXT001919_back,external intrinsic,back,back,True
FRCLTEXT001919_right,external intrinsic,right,right,True
FRCLTEXT001920_front,external intrinsic,back,back,True
FRCLTEXT001920_left,external intrinsic,right,right,True
FRCLTEXT001920_back,external intrinsic,front,front,True
FRCLTEXT001920_right,external intrinsic,left,left,True
FRCLTEXT001921_front,external intrinsic,left,left,True
FRCLTEXT001921_left,external intrinsic,back,back,True
FRCLTEXT001921_back,external intrinsic,right,right,True
FRCLTEXT001921_right,external intrinsic,front,front,True
FRCLTEXT001922_front,external intrinsic,left,left,True
FRCLTEXT001922_left,external intrinsic,back,back,True
FRCLTEXT001922_back,external intrinsic,right,right,True
FRCLTEXT001922_right,external intrinsic,front,front,True
FRCLTEXT001923_front,external intrinsic,right,right,True
FRCLTEXT001923_left,external intrinsic,front,back,False
FRCLTEXT001923_back,external intrinsic,left,back,False
FRCLTEXT001923_right,external intrinsic,back,back,True
FRCLTEXT001924_front,external relative,right,right,True
FRCLTEXT001924_left,external relative,right,right,True
FRCLTEXT001924_back,external relative,right,right,True
FRCLTEXT001924_right,external relative,right,right,True
FRCLTEXT001925_front,external intrinsic,front,front,True
FRCLTEXT001925_left,external intrinsic,left,back,False
FRCLTEXT001925_back,external intrinsic,back,back,True
FRCLTEXT001925_right,external intrinsic,right,back,False
FRCLTEXT001926,external relative,right,right,True
FRCLTEXT001927_front,external relative,back,back,True
FRCLTEXT001927_left,external relative,back,back,True
FRCLTEXT001927_back,external relative,back,back,True
FRCLTEXT001927_right,external relative,back,back,True
FRCLTEXT001928,external relative,back,back,True
FRCLTEXT001929_front,external intrinsic,left,left,True
FRCLTEXT001929_left,external intrinsic,back,back,True
FRCLTEXT001929_back,external intrinsic,right,right,True
FRCLTEXT001929_right,external intrinsic,front,front,True
FRCLTEXT001930,internal relative,left,left,True
FRCLTEXT001931_front,external intrinsic,front,front,True
FRCLTEXT001931_left,external intrinsic,left,front,False
FRCLTEXT001931_back,external intrinsic,back,back,True
FRCLTEXT001931_right,external intrinsic,right,right,True
FRCLTEXT001932,external relative,left,left,True
FRCLTEXT001933_front,external intrinsic,back,back,True
FRCLTEXT001933_left,external intrinsic,right,right,True
FRCLTEXT001933_back,external intrinsic,front,front,True
FRCLTEXT001933_right,external intrinsic,left,left,True
FRCLTEXT001934,external relative,front,front,True
FRCLTEXT001935_front,external intrinsic,front,front,True
FRCLTEXT001935_left,external intrinsic,left,left,True
FRCLTEXT001935_back,external intrinsic,back,back,True
FRCLTEXT001935_right,external intrinsic,right,right,True
FRCLTEXT001936_front,external relative,right,right,True
FRCLTEXT001936_left,external relative,right,right,True
FRCLTEXT001936_back,external relative,right,right,True
FRCLTEXT001936_right,external relative,right,right,True
FRCLTEXT001937_front,external intrinsic,back,back,True
FRCLTEXT001937_left,external intrinsic,right,right,True
FRCLTEXT001937_back,external intrinsic,front,front,True
FRCLTEXT001937_right,external intrinsic,left,left,True
FRCLTEXT001938_front,internal relative,left,left,True
FRCLTEXT001938_left,internal relative,left,left,True
FRCLTEXT001938_back,internal relative,left,left,True
FRCLTEXT001938_right,internal relative,left,left,True
FRCLTEXT001939,external relative,front,front,True
FRCLTEXT001940,internal relative,back,back,True
FRCLTEXT001941_front,external intrinsic,front,front,True
FRCLTEXT001941_left,external intrinsic,left,left,True
FRCLTEXT001941_back,external intrinsic,back,back,True
FRCLTEXT001941_right,external intrinsic,right,right,True
FRCLTEXT001942_front,external relative,front,front,True
FRCLTEXT001942_left,external relative,front,front,True
FRCLTEXT001942_back,external relative,front,front,True
FRCLTEXT001942_right,external relative,front,front,True
FRCLTEXT001943_front,external intrinsic,right,right,True
FRCLTEXT001943_left,external intrinsic,front,front,True
FRCLTEXT001943_back,external intrinsic,left,left,True
FRCLTEXT001943_right,external intrinsic,back,back,True
FRCLTEXT001944_front,external relative,left,left,True
FRCLTEXT001944_left,external relative,left,left,True
FRCLTEXT001944_back,external relative,left,left,True
FRCLTEXT001944_right,external relative,left,left,True
FRCLTEXT001945,external relative,front,front,True
FRCLTEXT001946_front,external relative,left,left,True
FRCLTEXT001946_left,external relative,left,left,True
FRCLTEXT001946_back,external relative,left,left,True
FRCLTEXT001946_right,external relative,left,left,True
FRCLTEXT001947_front,external relative,left,left,True
FRCLTEXT001947_left,external relative,left,left,True
FRCLTEXT001947_back,external relative,left,left,True
FRCLTEXT001947_right,external relative,left,left,True
FRCLTEXT001948_front,external relative,back,back,True
FRCLTEXT001948_left,external relative,back,front,False
FRCLTEXT001948_back,external relative,back,back,True
FRCLTEXT001948_right,external relative,back,front,False
FRCLTEXT001949_front,internal intrinsic,right,front,False
FRCLTEXT001949_left,internal intrinsic,front,front,True
FRCLTEXT001949_back,internal intrinsic,left,left,True
FRCLTEXT001949_right,internal intrinsic,back,back,True
FRCLTEXT001950_front,external relative,left,left,True
FRCLTEXT001950_left,external relative,left,left,True
FRCLTEXT001950_back,external relative,left,front,False
FRCLTEXT001950_right,external relative,left,left,True
FRCLTEXT001951_front,external relative,front,front,True
FRCLTEXT001951_left,external relative,front,right,False
FRCLTEXT001951_back,external relative,front,right,False
FRCLTEXT001951_right,external relative,front,front,True
FRCLTEXT001952_front,external intrinsic,left,back,False
FRCLTEXT001952_left,external intrinsic,back,back,True
FRCLTEXT001952_back,external intrinsic,right,right,True
FRCLTEXT001952_right,external intrinsic,front,front,True
FRCLTEXT001953_front,external relative,back,back,True
FRCLTEXT001953_left,external relative,back,back,True
FRCLTEXT001953_back,external relative,back,front,False
FRCLTEXT001953_right,external relative,back,back,True
FRCLTEXT001954_front,external intrinsic,front,front,True
FRCLTEXT001954_left,external intrinsic,left,left,True
FRCLTEXT001954_back,external intrinsic,back,back,True
FRCLTEXT001954_right,external intrinsic,right,front,False
FRCLTEXT001955_front,external intrinsic,right,right,True
FRCLTEXT001955_left,external intrinsic,front,front,True
FRCLTEXT001955_back,external intrinsic,left,back,False
FRCLTEXT001955_right,external intrinsic,back,back,True
FRCLTEXT001956_front,external intrinsic,back,back,True
FRCLTEXT001956_left,external intrinsic,right,right,True
FRCLTEXT001956_back,external intrinsic,front,front,True
FRCLTEXT001956_right,external intrinsic,left,left,True
FRCLTEXT001957_front,internal relative,right,right,True
FRCLTEXT001957_left,internal relative,right,right,True
FRCLTEXT001957_back,internal relative,right,right,True
FRCLTEXT001957_right,internal relative,right,right,True
FRCLTEXT001958_front,external relative,right,right,True
FRCLTEXT001958_left,external relative,right,right,True
FRCLTEXT001958_back,external relative,right,right,True
FRCLTEXT001958_right,external relative,right,right,True
FRCLTEXT001959,external relative,right,right,True
FRCLTEXT001960,external relative,left,left,True
FRCLTEXT001961_front,internal intrinsic,left,left,True
FRCLTEXT001961_left,internal intrinsic,back,back,True
FRCLTEXT001961_back,internal intrinsic,right,back,False
FRCLTEXT001961_right,internal intrinsic,front,back,False
FRCLTEXT001962_front,internal intrinsic,front,front,True
FRCLTEXT001962_left,internal intrinsic,left,left,True
FRCLTEXT001962_back,internal intrinsic,back,back,True
FRCLTEXT001962_right,internal intrinsic,right,right,True
FRCLTEXT001963_front,external intrinsic,right,front,False
FRCLTEXT001963_left,external intrinsic,front,front,True
FRCLTEXT001963_back,external intrinsic,left,left,True
FRCLTEXT001963_right,external intrinsic,back,back,True
FRCLTEXT001964_front,external intrinsic,right,back,False
FRCLTEXT001964_left,external intrinsic,front,front,True
FRCLTEXT001964_back,external intrinsic,left,front,False
FRCLTEXT001964_right,external intrinsic,back,back,True
FRCLTEXT001965_front,external intrinsic,front,front,True
FRCLTEXT001965_left,external intrinsic,left,left,True
FRCLTEXT001965_back,external intrinsic,back,back,True
FRCLTEXT001965_right,external intrinsic,right,right,True
FRCLTEXT001966_front,external relative,back,back,True
FRCLTEXT001966_left,external relative,back,back,True
FRCLTEXT001966_back,external relative,back,back,True
FRCLTEXT001966_right,external relative,back,front,False
FRCLTEXT001967,external relative,left,left,True
FRCLTEXT001968_front,external relative,front,front,True
FRCLTEXT001968_left,external relative,front,front,True
FRCLTEXT001968_back,external relative,front,front,True
FRCLTEXT001968_right,external relative,front,front,True
FRCLTEXT001969_front,external intrinsic,back,front,False
FRCLTEXT001969_left,external intrinsic,right,right,True
FRCLTEXT001969_back,external intrinsic,front,front,True
FRCLTEXT001969_right,external intrinsic,left,left,True
FRCLTEXT001970_front,external intrinsic,front,front,True
FRCLTEXT001970_left,external intrinsic,left,left,True
FRCLTEXT001970_back,external intrinsic,back,front,False
FRCLTEXT001970_right,external intrinsic,right,back,False
FRCLTEXT001971_front,external intrinsic,right,right,True
FRCLTEXT001971_left,external intrinsic,front,front,True
FRCLTEXT001971_back,external intrinsic,left,left,True
FRCLTEXT001971_right,external intrinsic,back,back,True
FRCLTEXT001972_front,internal intrinsic,front,front,True
FRCLTEXT001972_left,internal intrinsic,left,left,True
FRCLTEXT001972_back,internal intrinsic,back,back,True
FRCLTEXT001972_right,internal intrinsic,right,right,True
FRCLTEXT001973_front,external relative,back,back,True
FRCLTEXT001973_left,external relative,back,back,True
FRCLTEXT001973_back,external relative,back,front,False
FRCLTEXT001973_right,external relative,back,back,True
FRCLTEXT001974_front,external intrinsic,front,front,True
FRCLTEXT001974_left,external intrinsic,left,left,True
FRCLTEXT001974_back,external intrinsic,back,back,True
FRCLTEXT001974_right,external intrinsic,right,right,True
FRCLTEXT001975,external relative,back,back,True
FRCLTEXT001976_front,internal intrinsic,back,front,False
FRCLTEXT001976_left,internal intrinsic,right,right,True
FRCLTEXT001976_back,internal intrinsic,front,front,True
FRCLTEXT001976_right,internal intrinsic,left,left,True
FRCLTEXT001977_front,external intrinsic,back,back,True
FRCLTEXT001977_left,external intrinsic,right,front,False
FRCLTEXT001977_back,external intrinsic,front,front,True
FRCLTEXT001977_right,external intrinsic,left,left,True
FRCLTEXT001978,external relative,right,right,True
FRCLTEXT001979,external relative,front,front,True
FRCLTEXT001980_front,external relative,right,right,True
FRCLTEXT001980_left,external relative,right,right,True
FRCLTEXT001980_back,external relative,right,right,True
FRCLTEXT001980_right,external relative,right,right,True
FRCLTEXT001981_front,external relative,right,right,True
FRCLTEXT001981_left,external relative,right,right,True
FRCLTEXT001981_back,external relative,right,right,True
FRCLTEXT001981_right,external relative,right,right,True
FRCLTEXT001982,external relative,front,front,True
FRCLTEXT001983_front,external relative,left,left,True
FRCLTEXT001983_left,external relative,left,left,True
FRCLTEXT001983_back,external relative,left,left,True
FRCLTEXT001983_right,external relative,left,left,True
FRCLTEXT001984_front,external intrinsic,back,back,True
FRCLTEXT001984_left,external intrinsic,right,right,True
FRCLTEXT001984_back,external intrinsic,front,front,True
FRCLTEXT001984_right,external intrinsic,left,left,True
FRCLTEXT001985_front,external intrinsic,front,front,True
FRCLTEXT001985_left,external intrinsic,left,left,True
FRCLTEXT001985_back,external intrinsic,back,back,True
FRCLTEXT001985_right,external intrinsic,right,right,True
FRCLTEXT001986_front,external intrinsic,back,back,True
FRCLTEXT001986_left,external intrinsic,right,right,True
FRCLTEXT001986_back,external intrinsic,front,front,True
FRCLTEXT001986_right,external intrinsic,left,left,True
FRCLTEXT001987_front,external intrinsic,right,right,True
FRCLTEXT001987_left,external intrinsic,front,front,True
FRCLTEXT001987_back,external intrinsic,left,left,True
FRCLTEXT001987_right,external intrinsic,back,back,True
FRCLTEXT001988_front,external relative,front,front,True
FRCLTEXT001988_left,external relative,front,front,True
FRCLTEXT001988_back,external relative,front,right,False
FRCLTEXT001988_right,external relative,front,front,True
FRCLTEXT001989_front,external relative,right,right,True
FRCLTEXT001989_left,external relative,right,right,True
FRCLTEXT001989_back,external relative,right,right,True
FRCLTEXT001989_right,external relative,right,right,True
FRCLTEXT001990_front,external intrinsic,left,left,True
FRCLTEXT001990_left,external intrinsic,back,back,True
FRCLTEXT001990_back,external intrinsic,right,right,True
FRCLTEXT001990_right,external intrinsic,front,front,True
FRCLTEXT001991_front,external relative,right,right,True
FRCLTEXT001991_left,external relative,right,right,True
FRCLTEXT001991_back,external relative,right,right,True
FRCLTEXT001991_right,external relative,right,right,True
FRCLTEXT001992_front,internal relative,right,right,True
FRCLTEXT001992_left,internal relative,right,right,True
FRCLTEXT001992_back,internal relative,right,right,True
FRCLTEXT001992_right,internal relative,right,front,False
FRCLTEXT001993,external relative,left,left,True
FRCLTEXT001994_front,external intrinsic,back,back,True
FRCLTEXT001994_left,external intrinsic,right,back,False
FRCLTEXT001994_back,external intrinsic,front,front,True
FRCLTEXT001994_right,external intrinsic,left,left,True
FRCLTEXT001995,internal relative,back,back,True
FRCLTEXT001996,external relative,left,left,True
FRCLTEXT001997_front,external relative,right,right,True
FRCLTEXT001997_left,external relative,right,right,True
FRCLTEXT001997_back,external relative,right,right,True
FRCLTEXT001997_right,external relative,right,right,True
FRCLTEXT001998_front,external intrinsic,front,front,True
FRCLTEXT001998_left,external intrinsic,left,left,True
FRCLTEXT001998_back,external intrinsic,back,back,True
FRCLTEXT001998_right,external intrinsic,right,right,True
FRCLTEXT001999,external relative,back,back,True
FRCLTEXT002000_front,internal relative,left,left,True
FRCLTEXT002000_left,internal relative,left,left,True
FRCLTEXT002000_back,internal relative,left,left,True
FRCLTEXT002000_right,internal relative,left,left,True
FRCLTEXT002001,external relative,front,front,True
FRCLTEXT002002_front,external intrinsic,left,left,True
FRCLTEXT002002_left,external intrinsic,back,back,True
FRCLTEXT002002_back,external intrinsic,right,right,True
FRCLTEXT002002_right,external intrinsic,front,front,True
FRCLTEXT002003_front,external intrinsic,front,front,True
FRCLTEXT002003_left,external intrinsic,left,left,True
FRCLTEXT002003_back,external intrinsic,back,back,True
FRCLTEXT002003_right,external intrinsic,right,right,True
FRCLTEXT002004_front,external relative,right,right,True
FRCLTEXT002004_left,external relative,right,right,True
FRCLTEXT002004_back,external relative,right,right,True
FRCLTEXT002004_right,external relative,right,right,True
FRCLTEXT002005_front,external intrinsic,left,left,True
FRCLTEXT002005_left,external intrinsic,back,back,True
FRCLTEXT002005_back,external intrinsic,right,right,True
FRCLTEXT002005_right,external intrinsic,front,front,True
FRCLTEXT002006_front,external intrinsic,left,left,True
FRCLTEXT002006_left,external intrinsic,back,back,True
FRCLTEXT002006_back,external intrinsic,right,right,True
FRCLTEXT002006_right,external intrinsic,front,front,True
FRCLTEXT002007,external relative,right,right,True
FRCLTEXT002008_front,external relative,left,left,True
FRCLTEXT002008_left,external relative,left,left,True
FRCLTEXT002008_back,external relative,left,left,True
FRCLTEXT002008_right,external relative,left,left,True
FRCLTEXT002009_front,external relative,front,front,True
FRCLTEXT002009_left,external relative,front,front,True
FRCLTEXT002009_back,external relative,front,front,True
FRCLTEXT002009_right,external relative,front,front,True
FRCLTEXT002010_front,external intrinsic,left,left,True
FRCLTEXT002010_left,external intrinsic,back,back,True
FRCLTEXT002010_back,external intrinsic,right,right,True
FRCLTEXT002010_right,external intrinsic,front,front,True
FRCLTEXT002011_front,external relative,front,front,True
FRCLTEXT002011_left,external relative,front,front,True
FRCLTEXT002011_back,external relative,front,front,True
FRCLTEXT002011_right,external relative,front,front,True
FRCLTEXT002012_front,internal intrinsic,back,front,False
FRCLTEXT002012_left,internal intrinsic,right,right,True
FRCLTEXT002012_back,internal intrinsic,front,front,True
FRCLTEXT002012_right,internal intrinsic,left,left,True
FRCLTEXT002013_front,external intrinsic,left,left,True
FRCLTEXT002013_left,external intrinsic,back,back,True
FRCLTEXT002013_back,external intrinsic,right,right,True
FRCLTEXT002013_right,external intrinsic,front,front,True
FRCLTEXT002014_front,external intrinsic,front,front,True
FRCLTEXT002014_left,external intrinsic,left,left,True
FRCLTEXT002014_back,external intrinsic,back,back,True
FRCLTEXT002014_right,external intrinsic,right,right,True
FRCLTEXT002015_front,external relative,back,front,False
FRCLTEXT002015_left,external relative,back,front,False
FRCLTEXT002015_back,external relative,back,back,True
FRCLTEXT002015_right,external relative,back,front,False
FRCLTEXT002016_front,external intrinsic,back,front,False
FRCLTEXT002016_left,external intrinsic,right,right,True
FRCLTEXT002016_back,external intrinsic,front,front,True
FRCLTEXT002016_right,external intrinsic,left,left,True
FRCLTEXT002017_front,external intrinsic,left,left,True
FRCLTEXT002017_left,external intrinsic,back,back,True
FRCLTEXT002017_back,external intrinsic,right,back,False
FRCLTEXT002017_right,external intrinsic,front,front,True
FRCLTEXT002018_front,external relative,left,left,True
FRCLTEXT002018_left,external relative,left,left,True
FRCLTEXT002018_back,external relative,left,front,False
FRCLTEXT002018_right,external relative,left,left,True
FRCLTEXT002019_front,external intrinsic,left,back,False
FRCLTEXT002019_left,external intrinsic,back,back,True
FRCLTEXT002019_back,external intrinsic,right,right,True
FRCLTEXT002019_right,external intrinsic,front,back,False
FRCLTEXT002020_front,external intrinsic,right,right,True
FRCLTEXT002020_left,external intrinsic,front,front,True
FRCLTEXT002020_back,external intrinsic,left,left,True
FRCLTEXT002020_right,external intrinsic,back,back,True
FRCLTEXT002021_front,external relative,left,left,True
FRCLTEXT002021_left,external relative,left,left,True
FRCLTEXT002021_back,external relative,left,left,True
FRCLTEXT002021_right,external relative,left,left,True
FRCLTEXT002022,internal relative,back,back,True
FRCLTEXT002023,external relative,front,front,True
FRCLTEXT002024_front,external relative,back,back,True
FRCLTEXT002024_left,external relative,back,back,True
FRCLTEXT002024_back,external relative,back,right,False
FRCLTEXT002024_right,external relative,back,right,False
FRCLTEXT002025,external relative,right,right,True
FRCLTEXT002026,external relative,back,back,True
FRCLTEXT002027_front,external intrinsic,left,left,True
FRCLTEXT002027_left,external intrinsic,back,back,True
FRCLTEXT002027_back,external intrinsic,right,right,True
FRCLTEXT002027_right,external intrinsic,front,front,True
FRCLTEXT002028_front,external relative,right,right,True
FRCLTEXT002028_left,external relative,right,right,True
FRCLTEXT002028_back,external relative,right,right,True
FRCLTEXT002028_right,external relative,right,right,True
FRCLTEXT002029_front,internal relative,front,front,True
FRCLTEXT002029_left,internal relative,front,front,True
FRCLTEXT002029_back,internal relative,front,front,True
FRCLTEXT002029_right,internal relative,front,front,True
FRCLTEXT002030_front,external intrinsic,back,back,True
FRCLTEXT002030_left,external intrinsic,right,right,True
FRCLTEXT002030_back,external intrinsic,front,front,True
FRCLTEXT002030_right,external intrinsic,left,left,True
FRCLTEXT002031_front,external intrinsic,back,back,True
FRCLTEXT002031_left,external intrinsic,right,right,True
FRCLTEXT002031_back,external intrinsic,front,front,True
FRCLTEXT002031_right,external intrinsic,left,left,True
FRCLTEXT002032_front,external relative,left,left,True
FRCLTEXT002032_left,external relative,left,left,True
FRCLTEXT002032_back,external relative,left,left,True
FRCLTEXT002032_right,external relative,left,left,True
FRCLTEXT002033_front,external relative,left,left,True
FRCLTEXT002033_left,external relative,left,left,True
FRCLTEXT002033_back,external relative,left,left,True
FRCLTEXT002033_right,external relative,left,left,True
FRCLTEXT002034,external relative,back,back,True
FRCLTEXT002035_front,external relative,front,front,True
FRCLTEXT002035_left,external relative,front,front,True
FRCLTEXT002035_back,external relative,front,front,True
FRCLTEXT002035_right,external relative,front,front,True
FRCLTEXT002036_front,external intrinsic,left,left,True
FRCLTEXT002036_left,external intrinsic,back,back,True
FRCLTEXT002036_back,external intrinsic,right,right,True
FRCLTEXT002036_right,external intrinsic,front,front,True
FRCLTEXT002037_front,external relative,front,front,True
FRCLTEXT002037_left,external relative,front,front,True
FRCLTEXT002037_back,external relative,front,front,True
FRCLTEXT002037_right,external relative,front,front,True
FRCLTEXT002038,external relative,front,front,True
FRCLTEXT002039_front,external relative,back,back,True
FRCLTEXT002039_left,external relative,back,back,True
FRCLTEXT002039_back,external relative,back,back,True
FRCLTEXT002039_right,external relative,back,front,False
FRCLTEXT002040_front,external relative,front,front,True
FRCLTEXT002040_left,external relative,front,front,True
FRCLTEXT002040_back,external relative,front,front,True
FRCLTEXT002040_right,external relative,front,front,True
FRCLTEXT002041_front,external relative,back,back,True
FRCLTEXT002041_left,external relative,back,back,True
FRCLTEXT002041_back,external relative,back,back,True
FRCLTEXT002041_right,external relative,back,back,True
FRCLTEXT002042,external relative,back,back,True
FRCLTEXT002043_front,external intrinsic,left,left,True
FRCLTEXT002043_left,external intrinsic,back,back,True
FRCLTEXT002043_back,external intrinsic,right,right,True
FRCLTEXT002043_right,external intrinsic,front,back,False
FRCLTEXT002044_front,internal relative,front,front,True
FRCLTEXT002044_left,internal relative,front,front,True
FRCLTEXT002044_back,internal relative,front,front,True
FRCLTEXT002044_right,internal relative,front,front,True
FRCLTEXT002045,external relative,back,back,True
FRCLTEXT002046_front,external relative,left,left,True
FRCLTEXT002046_left,external relative,left,left,True
FRCLTEXT002046_back,external relative,left,left,True
FRCLTEXT002046_right,external relative,left,left,True
FRCLTEXT002047_front,external relative,front,front,True
FRCLTEXT002047_left,external relative,front,front,True
FRCLTEXT002047_back,external relative,front,front,True
FRCLTEXT002047_right,external relative,front,front,True
FRCLTEXT002048_front,external relative,right,right,True
FRCLTEXT002048_left,external relative,right,right,True
FRCLTEXT002048_back,external relative,right,right,True
FRCLTEXT002048_right,external relative,right,right,True
FRCLTEXT002049_front,external relative,front,front,True
FRCLTEXT002049_left,external relative,front,front,True
FRCLTEXT002049_back,external relative,front,front,True
FRCLTEXT002049_right,external relative,front,front,True
FRCLTEXT002050_front,external intrinsic,left,left,True
FRCLTEXT002050_left,external intrinsic,back,back,True
FRCLTEXT002050_back,external intrinsic,right,right,True
FRCLTEXT002050_right,external intrinsic,front,back,False
FRCLTEXT002051_front,external intrinsic,right,right,True
FRCLTEXT002051_left,external intrinsic,front,front,True
FRCLTEXT002051_back,external intrinsic,left,left,True
FRCLTEXT002051_right,external intrinsic,back,back,True
FRCLTEXT002052_front,external intrinsic,right,right,True
FRCLTEXT002052_left,external intrinsic,front,front,True
FRCLTEXT002052_back,external intrinsic,left,left,True
FRCLTEXT002052_right,external intrinsic,back,back,True
FRCLTEXT002053_front,external relative,right,right,True
FRCLTEXT002053_left,external relative,right,right,True
FRCLTEXT002053_back,external relative,right,right,True
FRCLTEXT002053_right,external relative,right,right,True
FRCLTEXT002054,external relative,front,front,True
FRCLTEXT002055_front,external intrinsic,back,front,False
FRCLTEXT002055_left,external intrinsic,right,right,True
FRCLTEXT002055_back,external intrinsic,front,front,True
FRCLTEXT002055_right,external intrinsic,left,left,True
FRCLTEXT002056_front,external relative,front,front,True
FRCLTEXT002056_left,external relative,front,front,True
FRCLTEXT002056_back,external relative,front,front,True
FRCLTEXT002056_right,external relative,front,front,True
FRCLTEXT002057_front,external relative,right,right,True
FRCLTEXT002057_left,external relative,right,right,True
FRCLTEXT002057_back,external relative,right,right,True
FRCLTEXT002057_right,external relative,right,right,True
FRCLTEXT002058_front,external relative,right,right,True
FRCLTEXT002058_left,external relative,right,right,True
FRCLTEXT002058_back,external relative,right,front,False
FRCLTEXT002058_right,external relative,right,right,True
FRCLTEXT002059_front,external relative,back,back,True
FRCLTEXT002059_left,external relative,back,back,True
FRCLTEXT002059_back,external relative,back,back,True
FRCLTEXT002059_right,external relative,back,back,True
FRCLTEXT002060_front,internal intrinsic,front,front,True
FRCLTEXT002060_left,internal intrinsic,left,left,True
FRCLTEXT002060_back,internal intrinsic,back,back,True
FRCLTEXT002060_right,internal intrinsic,right,right,True
FRCLTEXT002061_front,external intrinsic,front,front,True
FRCLTEXT002061_left,external intrinsic,left,left,True
FRCLTEXT002061_back,external intrinsic,back,back,True
FRCLTEXT002061_right,external intrinsic,right,right,True
FRCLTEXT002062_front,external intrinsic,left,left,True
FRCLTEXT002062_left,external intrinsic,back,back,True
FRCLTEXT002062_back,external intrinsic,right,right,True
FRCLTEXT002062_right,external intrinsic,front,back,False
FRCLTEXT002063_front,external intrinsic,back,back,True
FRCLTEXT002063_left,external intrinsic,right,front,False
FRCLTEXT002063_back,external intrinsic,front,front,True
FRCLTEXT002063_right,external intrinsic,left,left,True
FRCLTEXT002064,external relative,right,right,True
FRCLTEXT002065_front,external relative,back,back,True
FRCLTEXT002065_left,external relative,back,back,True
FRCLTEXT002065_back,external relative,back,back,True
FRCLTEXT002065_right,external relative,back,back,True
FRCLTEXT002066_front,external relative,left,left,True
FRCLTEXT002066_left,external relative,left,left,True
FRCLTEXT002066_back,external relative,left,left,True
FRCLTEXT002066_right,external relative,left,left,True
FRCLTEXT002067_front,external relative,front,front,True
FRCLTEXT002067_left,external relative,front,front,True
FRCLTEXT002067_back,external relative,front,front,True
FRCLTEXT002067_right,external relative,front,front,True
FRCLTEXT002068_front,external relative,front,front,True
FRCLTEXT002068_left,external relative,front,front,True
FRCLTEXT002068_back,external relative,front,front,True
FRCLTEXT002068_right,external relative,front,front,True
FRCLTEXT002069_front,external relative,left,left,True
FRCLTEXT002069_left,external relative,left,left,True
FRCLTEXT002069_back,external relative,left,left,True
FRCLTEXT002069_right,external relative,left,left,True
FRCLTEXT002070,external relative,left,left,True
FRCLTEXT002071_front,external intrinsic,back,back,True
FRCLTEXT002071_left,external intrinsic,right,right,True
FRCLTEXT002071_back,external intrinsic,front,front,True
FRCLTEXT002071_right,external intrinsic,left,back,False
FRCLTEXT002072_front,external intrinsic,right,right,True
FRCLTEXT002072_left,external intrinsic,front,front,True
FRCLTEXT002072_back,external intrinsic,left,left,True
FRCLTEXT002072_right,external intrinsic,back,back,True
FRCLTEXT002073_front,external relative,right,right,True
FRCLTEXT002073_left,external relative,right,right,True
FRCLTEXT002073_back,external relative,right,right,True
FRCLTEXT002073_right,external relative,right,right,True
FRCLTEXT002074_front,external relative,back,back,True
FRCLTEXT002074_left,external relative,back,back,True
FRCLTEXT002074_back,external relative,back,front,False
FRCLTEXT002074_right,external relative,back,back,True
FRCLTEXT002075,external relative,left,left,True
FRCLTEXT002076_front,external relative,right,right,True
FRCLTEXT002076_left,external relative,right,right,True
FRCLTEXT002076_back,external relative,right,right,True
FRCLTEXT002076_right,external relative,right,right,True
FRCLTEXT002077_front,external relative,left,left,True
FRCLTEXT002077_left,external relative,left,left,True
FRCLTEXT002077_back,external relative,left,left,True
FRCLTEXT002077_right,external relative,left,left,True
FRCLTEXT002078_front,external relative,back,back,True
FRCLTEXT002078_left,external relative,back,back,True
FRCLTEXT002078_back,external relative,back,back,True
FRCLTEXT002078_right,external relative,back,back,True
FRCLTEXT002079_front,external relative,left,left,True
FRCLTEXT002079_left,external relative,left,left,True
FRCLTEXT002079_back,external relative,left,left,True
FRCLTEXT002079_right,external relative,left,left,True
FRCLTEXT002080_front,external relative,front,front,True
FRCLTEXT002080_left,external relative,front,front,True
FRCLTEXT002080_back,external relative,front,front,True
FRCLTEXT002080_right,external relative,front,front,True
FRCLTEXT002081,external relative,front,front,True
FRCLTEXT002082_front,external relative,left,left,True
FRCLTEXT002082_left,external relative,left,left,True
FRCLTEXT002082_back,external relative,left,front,False
FRCLTEXT002082_right,external relative,left,front,False
FRCLTEXT002083,external relative,back,back,True
FRCLTEXT002084_front,external intrinsic,back,front,False
FRCLTEXT002084_left,external intrinsic,right,right,True
FRCLTEXT002084_back,external intrinsic,front,front,True
FRCLTEXT002084_right,external intrinsic,left,left,True
FRCLTEXT002085_front,external relative,right,right,True
FRCLTEXT002085_left,external relative,right,right,True
FRCLTEXT002085_back,external relative,right,right,True
FRCLTEXT002085_right,external relative,right,right,True
FRCLTEXT002086_front,external intrinsic,front,front,True
FRCLTEXT002086_left,external intrinsic,left,left,True
FRCLTEXT002086_back,external intrinsic,back,back,True
FRCLTEXT002086_right,external intrinsic,right,right,True
FRCLTEXT002087_front,external relative,back,back,True
FRCLTEXT002087_left,external relative,back,back,True
FRCLTEXT002087_back,external relative,back,back,True
FRCLTEXT002087_right,external relative,back,back,True
FRCLTEXT002088_front,external intrinsic,back,back,True
FRCLTEXT002088_left,external intrinsic,right,right,True
FRCLTEXT002088_back,external intrinsic,front,front,True
FRCLTEXT002088_right,external intrinsic,left,left,True
FRCLTEXT002089_front,external intrinsic,back,front,False
FRCLTEXT002089_left,external intrinsic,right,right,True
FRCLTEXT002089_back,external intrinsic,front,front,True
FRCLTEXT002089_right,external intrinsic,left,left,True
FRCLTEXT002090,external relative,back,back,True
FRCLTEXT002091_front,external intrinsic,front,front,True
FRCLTEXT002091_left,external intrinsic,left,left,True
FRCLTEXT002091_back,external intrinsic,back,back,True
FRCLTEXT002091_right,external intrinsic,right,right,True
FRCLTEXT002092_front,external relative,back,back,True
FRCLTEXT002092_left,external relative,back,right,False
FRCLTEXT002092_back,external relative,back,back,True
FRCLTEXT002092_right,external relative,back,right,False
FRCLTEXT002093_front,external intrinsic,front,front,True
FRCLTEXT002093_left,external intrinsic,left,left,True
FRCLTEXT002093_back,external intrinsic,back,back,True
FRCLTEXT002093_right,external intrinsic,right,right,True
FRCLTEXT002094_front,external intrinsic,left,back,False
FRCLTEXT002094_left,external intrinsic,back,back,True
FRCLTEXT002094_back,external intrinsic,right,right,True
FRCLTEXT002094_right,external intrinsic,front,front,True
FRCLTEXT002095_front,external relative,right,right,True
FRCLTEXT002095_left,external relative,right,right,True
FRCLTEXT002095_back,external relative,right,right,True
FRCLTEXT002095_right,external relative,right,right,True
FRCLTEXT002096,external relative,right,right,True
FRCLTEXT002097_front,internal relative,left,left,True
FRCLTEXT002097_left,internal relative,left,left,True
FRCLTEXT002097_back,internal relative,left,front,False
FRCLTEXT002097_right,internal relative,left,left,True
FRCLTEXT002098_front,external intrinsic,back,back,True
FRCLTEXT002098_left,external intrinsic,right,right,True
FRCLTEXT002098_back,external intrinsic,front,back,False
FRCLTEXT002098_right,external intrinsic,left,left,True
FRCLTEXT002099,external relative,front,front,True
FRCLTEXT002100,external relative,right,right,True
FRCLTEXT002101_front,external relative,front,front,True
FRCLTEXT002101_left,external relative,front,front,True
FRCLTEXT002101_back,external relative,front,front,True
FRCLTEXT002101_right,external relative,front,front,True
FRCLTEXT002102_front,external relative,left,left,True
FRCLTEXT002102_left,external relative,left,left,True
FRCLTEXT002102_back,external relative,left,left,True
FRCLTEXT002102_right,external relative,left,right,False
FRCLTEXT002103_front,external relative,front,front,True
FRCLTEXT002103_left,external relative,front,front,True
FRCLTEXT002103_back,external relative,front,front,True
FRCLTEXT002103_right,external relative,front,front,True
FRCLTEXT002104,external relative,back,back,True
FRCLTEXT002105_front,external relative,right,right,True
FRCLTEXT002105_left,external relative,right,right,True
FRCLTEXT002105_back,external relative,right,right,True
FRCLTEXT002105_right,external relative,right,right,True
FRCLTEXT002106_front,external intrinsic,left,left,True
FRCLTEXT002106_left,external intrinsic,back,back,True
FRCLTEXT002106_back,external intrinsic,right,right,True
FRCLTEXT002106_right,external intrinsic,front,front,True
FRCLTEXT002107_front,external intrinsic,right,right,True
FRCLTEXT002107_left,external intrinsic,front,front,True
FRCLTEXT002107_back,external intrinsic,left,left,True
FRCLTEXT002107_right,external intrinsic,back,back,True
FRCLTEXT002108,external relative,left,left,True
FRCLTEXT002109_front,external intrinsic,left,left,True
FRCLTEXT002109_left,external intrinsic,back,back,True
FRCLTEXT002109_back,external intrinsic,right,right,True
FRCLTEXT002109_right,external intrinsic,front,front,True
FRCLTEXT002110_front,external intrinsic,front,front,True
FRCLTEXT002110_left,external intrinsic,left,left,True
FRCLTEXT002110_back,external intrinsic,back,back,True
FRCLTEXT002110_right,external intrinsic,right,right,True
FRCLTEXT002111_front,external relative,left,left,True
FRCLTEXT002111_left,external relative,left,left,True
FRCLTEXT002111_back,external relative,left,left,True
FRCLTEXT002111_right,external relative,left,left,True
FRCLTEXT002112_front,external relative,back,front,False
FRCLTEXT002112_left,external relative,back,back,True
FRCLTEXT002112_back,external relative,back,front,False
FRCLTEXT002112_right,external relative,back,back,True
FRCLTEXT002113_front,external intrinsic,right,right,True
FRCLTEXT002113_left,external intrinsic,front,front,True
FRCLTEXT002113_back,external intrinsic,left,front,False
FRCLTEXT002113_right,external intrinsic,back,back,True
FRCLTEXT002114_front,external relative,left,left,True
FRCLTEXT002114_left,external relative,left,left,True
FRCLTEXT002114_back,external relative,left,left,True
FRCLTEXT002114_right,external relative,left,left,True
FRCLTEXT002115_front,external relative,right,front,False
FRCLTEXT002115_left,external relative,right,right,True
FRCLTEXT002115_back,external relative,right,right,True
FRCLTEXT002115_right,external relative,right,right,True
FRCLTEXT002116,external relative,front,front,True
FRCLTEXT002117,external relative,right,right,True
FRCLTEXT002118_front,external intrinsic,left,front,False
FRCLTEXT002118_left,external intrinsic,back,back,True
FRCLTEXT002118_back,external intrinsic,right,front,False
FRCLTEXT002118_right,external intrinsic,front,back,False
FRCLTEXT002119_front,external relative,back,back,True
FRCLTEXT002119_left,external relative,back,back,True
FRCLTEXT002119_back,external relative,back,back,True
FRCLTEXT002119_right,external relative,back,back,True
FRCLTEXT002120_front,external intrinsic,back,back,True
FRCLTEXT002120_left,external intrinsic,right,right,True
FRCLTEXT002120_back,external intrinsic,front,front,True
FRCLTEXT002120_right,external intrinsic,left,left,True
FRCLTEXT002121,external relative,back,back,True
FRCLTEXT002122,internal relative,left,left,True
FRCLTEXT002123_front,external relative,back,back,True
FRCLTEXT002123_left,external relative,back,front,False
FRCLTEXT002123_back,external relative,back,front,False
FRCLTEXT002123_right,external relative,back,back,True
FRCLTEXT002124_front,external relative,left,left,True
FRCLTEXT002124_left,external relative,left,left,True
FRCLTEXT002124_back,external relative,left,left,True
FRCLTEXT002124_right,external relative,left,left,True
FRCLTEXT002125_front,external relative,front,front,True
FRCLTEXT002125_left,external relative,front,front,True
FRCLTEXT002125_back,external relative,front,front,True
FRCLTEXT002125_right,external relative,front,front,True
FRCLTEXT002126,external relative,right,right,True
FRCLTEXT002127_front,external relative,front,front,True
FRCLTEXT002127_left,external relative,front,front,True
FRCLTEXT002127_back,external relative,front,front,True
FRCLTEXT002127_right,external relative,front,front,True
FRCLTEXT002128_front,external intrinsic,back,back,True
FRCLTEXT002128_left,external intrinsic,right,right,True
FRCLTEXT002128_back,external intrinsic,front,front,True
FRCLTEXT002128_right,external intrinsic,left,left,True
FRCLTEXT002129_front,external intrinsic,right,right,True
FRCLTEXT002129_left,external intrinsic,front,front,True
FRCLTEXT002129_back,external intrinsic,left,left,True
FRCLTEXT002129_right,external intrinsic,back,back,True
FRCLTEXT002130_front,internal relative,right,right,True
FRCLTEXT002130_left,internal relative,right,right,True
FRCLTEXT002130_back,internal relative,right,right,True
FRCLTEXT002130_right,internal relative,right,right,True
FRCLTEXT002131,external relative,back,back,True
FRCLTEXT002132_front,external relative,back,back,True
FRCLTEXT002132_left,external relative,back,back,True
FRCLTEXT002132_back,external relative,back,front,False
FRCLTEXT002132_right,external relative,back,back,True
FRCLTEXT002133_front,external intrinsic,front,front,True
FRCLTEXT002133_left,external intrinsic,left,left,True
FRCLTEXT002133_back,external intrinsic,back,back,True
FRCLTEXT002133_right,external intrinsic,right,right,True
FRCLTEXT002134_front,external intrinsic,front,front,True
FRCLTEXT002134_left,external intrinsic,left,left,True
FRCLTEXT002134_back,external intrinsic,back,back,True
FRCLTEXT002134_right,external intrinsic,right,right,True
FRCLTEXT002135_front,external relative,right,right,True
FRCLTEXT002135_left,external relative,right,right,True
FRCLTEXT002135_back,external relative,right,right,True
FRCLTEXT002135_right,external relative,right,right,True
FRCLTEXT002136_front,external relative,left,left,True
FRCLTEXT002136_left,external relative,left,left,True
FRCLTEXT002136_back,external relative,left,left,True
FRCLTEXT002136_right,external relative,left,left,True
FRCLTEXT002137_front,external intrinsic,back,back,True
FRCLTEXT002137_left,external intrinsic,right,right,True
FRCLTEXT002137_back,external intrinsic,front,front,True
FRCLTEXT002137_right,external intrinsic,left,left,True
FRCLTEXT002138_front,external relative,front,front,True
FRCLTEXT002138_left,external relative,front,front,True
FRCLTEXT002138_back,external relative,front,front,True
FRCLTEXT002138_right,external relative,front,front,True
FRCLTEXT002139_front,external relative,front,front,True
FRCLTEXT002139_left,external relative,front,front,True
FRCLTEXT002139_back,external relative,front,front,True
FRCLTEXT002139_right,external relative,front,front,True
FRCLTEXT002140,external relative,front,front,True
FRCLTEXT002141_front,external relative,front,front,True
FRCLTEXT002141_left,external relative,front,front,True
FRCLTEXT002141_back,external relative,front,front,True
FRCLTEXT002141_right,external relative,front,front,True
FRCLTEXT002142,external relative,right,right,True
FRCLTEXT002143_front,internal relative,left,left,True
FRCLTEXT002143_left,internal relative,left,left,True
FRCLTEXT002143_back,internal relative,left,left,True
FRCLTEXT002143_right,internal relative,left,left,True
FRCLTEXT002144_front,external intrinsic,back,front,False
FRCLTEXT002144_left,external intrinsic,right,right,True
FRCLTEXT002144_back,external intrinsic,front,front,True
FRCLTEXT002144_right,external intrinsic,left,left,True
FRCLTEXT002145_front,external relative,front,front,True
FRCLTEXT002145_left,external relative,front,front,True
FRCLTEXT002145_back,external relative,front,front,True
FRCLTEXT002145_right,external relative,front,front,True
FRCLTEXT002146,internal relative,right,right,True
FRCLTEXT002147_front,external intrinsic,right,right,True
FRCLTEXT002147_left,external intrinsic,front,front,True
FRCLTEXT002147_back,external intrinsic,left,left,True
FRCLTEXT002147_right,external intrinsic,back,back,True
FRCLTEXT002148_front,external relative,left,left,True
FRCLTEXT002148_left,external relative,left,left,True
FRCLTEXT002148_back,external relative,left,left,True
FRCLTEXT002148_right,external relative,left,left,True
FRCLTEXT002149_front,external relative,front,front,True
FRCLTEXT002149_left,external relative,front,front,True
FRCLTEXT002149_back,external relative,front,front,True
FRCLTEXT002149_right,external relative,front,front,True
FRCLTEXT002150,external relative,back,back,True
FRCLTEXT002151_front,external intrinsic,right,right,True
FRCLTEXT002151_left,external intrinsic,front,front,True
FRCLTEXT002151_back,external intrinsic,left,left,True
FRCLTEXT002151_right,external intrinsic,back,back,True
FRCLTEXT002152,external relative,back,back,True
FRCLTEXT002153_front,internal intrinsic,left,left,True
FRCLTEXT002153_left,internal intrinsic,back,back,True
FRCLTEXT002153_back,internal intrinsic,right,right,True
FRCLTEXT002153_right,internal intrinsic,front,front,True
FRCLTEXT002154_front,external intrinsic,front,front,True
FRCLTEXT002154_left,external intrinsic,left,left,True
FRCLTEXT002154_back,external intrinsic,back,back,True
FRCLTEXT002154_right,external intrinsic,right,right,True
FRCLTEXT002155,internal relative,back,back,True
FRCLTEXT002156,external relative,right,right,True
FRCLTEXT002157_front,external relative,left,front,False
FRCLTEXT002157_left,external relative,left,left,True
FRCLTEXT002157_back,external relative,left,left,True
FRCLTEXT002157_right,external relative,left,left,True
FRCLTEXT002158_front,external relative,left,left,True
FRCLTEXT002158_left,external relative,left,front,False
FRCLTEXT002158_back,external relative,left,left,True
FRCLTEXT002158_right,external relative,left,left,True
FRCLTEXT002159,external relative,left,left,True
FRCLTEXT002160,external relative,back,back,True
FRCLTEXT002161,external relative,right,right,True
FRCLTEXT002162,internal relative,right,right,True
FRCLTEXT002163,external relative,right,right,True
FRCLTEXT002164_front,external relative,left,left,True
FRCLTEXT002164_left,external relative,left,left,True
FRCLTEXT002164_back,external relative,left,left,True
FRCLTEXT002164_right,external relative,left,front,False
FRCLTEXT002165,internal relative,left,left,True
FRCLTEXT002166,external relative,right,right,True
FRCLTEXT002167_front,external intrinsic,right,right,True
FRCLTEXT002167_left,external intrinsic,front,front,True
FRCLTEXT002167_back,external intrinsic,left,left,True
FRCLTEXT002167_right,external intrinsic,back,back,True
FRCLTEXT002168_front,external relative,back,back,True
FRCLTEXT002168_left,external relative,back,back,True
FRCLTEXT002168_back,external relative,back,back,True
FRCLTEXT002168_right,external relative,back,right,False
FRCLTEXT002169,external relative,back,back,True
FRCLTEXT002170_front,external intrinsic,right,right,True
FRCLTEXT002170_left,external intrinsic,front,front,True
FRCLTEXT002170_back,external intrinsic,left,left,True
FRCLTEXT002170_right,external intrinsic,back,back,True
FRCLTEXT002171,external relative,front,front,True
FRCLTEXT002172_front,external relative,left,right,False
FRCLTEXT002172_left,external relative,left,left,True
FRCLTEXT002172_back,external relative,left,left,True
FRCLTEXT002172_right,external relative,left,left,True
FRCLTEXT002173_front,external relative,left,left,True
FRCLTEXT002173_left,external relative,left,left,True
FRCLTEXT002173_back,external relative,left,left,True
FRCLTEXT002173_right,external relative,left,left,True
FRCLTEXT002174_front,external intrinsic,front,front,True
FRCLTEXT002174_left,external intrinsic,left,left,True
FRCLTEXT002174_back,external intrinsic,back,back,True
FRCLTEXT002174_right,external intrinsic,right,right,True
FRCLTEXT002175_front,external intrinsic,left,left,True
FRCLTEXT002175_left,external intrinsic,back,back,True
FRCLTEXT002175_back,external intrinsic,right,right,True
FRCLTEXT002175_right,external intrinsic,front,front,True
FRCLTEXT002176_front,external intrinsic,right,right,True
FRCLTEXT002176_left,external intrinsic,front,front,True
FRCLTEXT002176_back,external intrinsic,left,left,True
FRCLTEXT002176_right,external intrinsic,back,back,True
FRCLTEXT002177_front,external relative,right,right,True
FRCLTEXT002177_left,external relative,right,right,True
FRCLTEXT002177_back,external relative,right,right,True
FRCLTEXT002177_right,external relative,right,right,True
FRCLTEXT002178_front,external relative,right,right,True
FRCLTEXT002178_left,external relative,right,right,True
FRCLTEXT002178_back,external relative,right,right,True
FRCLTEXT002178_right,external relative,right,right,True
FRCLTEXT002179_front,external relative,left,left,True
FRCLTEXT002179_left,external relative,left,left,True
FRCLTEXT002179_back,external relative,left,left,True
FRCLTEXT002179_right,external relative,left,left,True
FRCLTEXT002180,internal relative,left,left,True
FRCLTEXT002181_front,external intrinsic,left,left,True
FRCLTEXT002181_left,external intrinsic,back,back,True
FRCLTEXT002181_back,external intrinsic,right,right,True
FRCLTEXT002181_right,external intrinsic,front,front,True
FRCLTEXT002182_front,external intrinsic,left,left,True
FRCLTEXT002182_left,external intrinsic,back,back,True
FRCLTEXT002182_back,external intrinsic,right,back,False
FRCLTEXT002182_right,external intrinsic,front,front,True
FRCLTEXT002183_front,external intrinsic,front,front,True
FRCLTEXT002183_left,external intrinsic,left,left,True
FRCLTEXT002183_back,external intrinsic,back,back,True
FRCLTEXT002183_right,external intrinsic,right,right,True
FRCLTEXT002184,external relative,back,back,True
FRCLTEXT002185_front,external intrinsic,back,back,True
FRCLTEXT002185_left,external intrinsic,right,right,True
FRCLTEXT002185_back,external intrinsic,front,front,True
FRCLTEXT002185_right,external intrinsic,left,left,True
FRCLTEXT002186_front,external relative,front,front,True
FRCLTEXT002186_left,external relative,front,front,True
FRCLTEXT002186_back,external relative,front,front,True
FRCLTEXT002186_right,external relative,front,front,True
FRCLTEXT002187_front,external intrinsic,right,right,True
FRCLTEXT002187_left,external intrinsic,front,front,True
FRCLTEXT002187_back,external intrinsic,left,left,True
FRCLTEXT002187_right,external intrinsic,back,back,True
FRCLTEXT002188_front,external intrinsic,right,right,True
FRCLTEXT002188_left,external intrinsic,front,front,True
FRCLTEXT002188_back,external intrinsic,left,left,True
FRCLTEXT002188_right,external intrinsic,back,back,True
FRCLTEXT002189_front,external relative,front,front,True
FRCLTEXT002189_left,external relative,front,front,True
FRCLTEXT002189_back,external relative,front,front,True
FRCLTEXT002189_right,external relative,front,front,True
FRCLTEXT002190_front,external intrinsic,right,right,True
FRCLTEXT002190_left,external intrinsic,front,front,True
FRCLTEXT002190_back,external intrinsic,left,left,True
FRCLTEXT002190_right,external intrinsic,back,back,True
FRCLTEXT002191,external relative,right,right,True
FRCLTEXT002192_front,external intrinsic,right,back,False
FRCLTEXT002192_left,external intrinsic,front,front,True
FRCLTEXT002192_back,external intrinsic,left,left,True
FRCLTEXT002192_right,external intrinsic,back,back,True
FRCLTEXT002193_front,external intrinsic,front,front,True
FRCLTEXT002193_left,external intrinsic,left,left,True
FRCLTEXT002193_back,external intrinsic,back,front,False
FRCLTEXT002193_right,external intrinsic,right,right,True
FRCLTEXT002194,external relative,right,right,True
FRCLTEXT002195_front,external intrinsic,right,right,True
FRCLTEXT002195_left,external intrinsic,front,front,True
FRCLTEXT002195_back,external intrinsic,left,left,True
FRCLTEXT002195_right,external intrinsic,back,back,True
FRCLTEXT002196,external relative,front,front,True
FRCLTEXT002197,internal relative,right,right,True
FRCLTEXT002198,external relative,left,left,True
FRCLTEXT002199_front,external intrinsic,left,left,True
FRCLTEXT002199_left,external intrinsic,back,back,True
FRCLTEXT002199_back,external intrinsic,right,right,True
FRCLTEXT002199_right,external intrinsic,front,front,True
FRCLTEXT002200,external relative,right,right,True
FRCLTEXT002201,internal relative,left,left,True
FRCLTEXT002202_front,external relative,front,front,True
FRCLTEXT002202_left,external relative,front,right,False
FRCLTEXT002202_back,external relative,front,front,True
FRCLTEXT002202_right,external relative,front,front,True
FRCLTEXT002203,external relative,right,right,True
FRCLTEXT002204,external relative,right,right,True
FRCLTEXT002205_front,external relative,left,left,True
FRCLTEXT002205_left,external relative,left,left,True
FRCLTEXT002205_back,external relative,left,left,True
FRCLTEXT002205_right,external relative,left,left,True
FRCLTEXT002206_front,external relative,right,right,True
FRCLTEXT002206_left,external relative,right,right,True
FRCLTEXT002206_back,external relative,right,right,True
FRCLTEXT002206_right,external relative,right,right,True
FRCLTEXT002207_front,external intrinsic,left,left,True
FRCLTEXT002207_left,external intrinsic,back,back,True
FRCLTEXT002207_back,external intrinsic,right,right,True
FRCLTEXT002207_right,external intrinsic,front,front,True
FRCLTEXT002208_front,external intrinsic,back,back,True
FRCLTEXT002208_left,external intrinsic,right,right,True
FRCLTEXT002208_back,external intrinsic,front,front,True
FRCLTEXT002208_right,external intrinsic,left,front,False
FRCLTEXT002209,internal relative,left,left,True
FRCLTEXT002210,external relative,back,back,True
FRCLTEXT002211_front,external relative,left,left,True
FRCLTEXT002211_left,external relative,left,left,True
FRCLTEXT002211_back,external relative,left,left,True
FRCLTEXT002211_right,external relative,left,left,True
FRCLTEXT002212_front,external relative,right,right,True
FRCLTEXT002212_left,external relative,right,right,True
FRCLTEXT002212_back,external relative,right,right,True
FRCLTEXT002212_right,external relative,right,right,True
FRCLTEXT002213_front,external intrinsic,front,front,True
FRCLTEXT002213_left,external intrinsic,left,left,True
FRCLTEXT002213_back,external intrinsic,back,back,True
FRCLTEXT002213_right,external intrinsic,right,right,True
FRCLTEXT002214_front,external relative,front,front,True
FRCLTEXT002214_left,external relative,front,front,True
FRCLTEXT002214_back,external relative,front,front,True
FRCLTEXT002214_right,external relative,front,front,True
FRCLTEXT002215,external relative,back,back,True
FRCLTEXT002216_front,external relative,front,front,True
FRCLTEXT002216_left,external relative,front,right,False
FRCLTEXT002216_back,external relative,front,front,True
FRCLTEXT002216_right,external relative,front,front,True
FRCLTEXT002217,external relative,back,back,True
FRCLTEXT002218_front,external intrinsic,left,left,True
FRCLTEXT002218_left,external intrinsic,back,back,True
FRCLTEXT002218_back,external intrinsic,right,right,True
FRCLTEXT002218_right,external intrinsic,front,front,True
FRCLTEXT002219,external relative,back,back,True
FRCLTEXT002220_front,external intrinsic,back,front,False
FRCLTEXT002220_left,external intrinsic,right,right,True
FRCLTEXT002220_back,external intrinsic,front,front,True
FRCLTEXT002220_right,external intrinsic,left,left,True
FRCLTEXT002221,external relative,left,left,True
FRCLTEXT002222,external relative,left,left,True
FRCLTEXT002223,external relative,left,left,True
FRCLTEXT002224_front,external intrinsic,left,left,True
FRCLTEXT002224_left,external intrinsic,back,back,True
FRCLTEXT002224_back,external intrinsic,right,right,True
FRCLTEXT002224_right,external intrinsic,front,front,True
FRCLTEXT002225_front,external intrinsic,front,front,True
FRCLTEXT002225_left,external intrinsic,left,left,True
FRCLTEXT002225_back,external intrinsic,back,back,True
FRCLTEXT002225_right,external intrinsic,right,right,True
FRCLTEXT002226_front,external intrinsic,front,front,True
FRCLTEXT002226_left,external intrinsic,left,left,True
FRCLTEXT002226_back,external intrinsic,back,back,True
FRCLTEXT002226_right,external intrinsic,right,right,True
FRCLTEXT002227_front,external intrinsic,front,front,True
FRCLTEXT002227_left,external intrinsic,left,left,True
FRCLTEXT002227_back,external intrinsic,back,back,True
FRCLTEXT002227_right,external intrinsic,right,front,False
FRCLTEXT002228_front,external intrinsic,right,front,False
FRCLTEXT002228_left,external intrinsic,front,front,True
FRCLTEXT002228_back,external intrinsic,left,left,True
FRCLTEXT002228_right,external intrinsic,back,back,True
FRCLTEXT002229,internal relative,right,right,True
FRCLTEXT002230,external relative,right,right,True
FRCLTEXT002231,external relative,back,back,True
FRCLTEXT002232_front,external relative,front,front,True
FRCLTEXT002232_left,external relative,front,front,True
FRCLTEXT002232_back,external relative,front,front,True
FRCLTEXT002232_right,external relative,front,front,True
FRCLTEXT002233,external relative,back,back,True
FRCLTEXT002234_front,external intrinsic,front,front,True
FRCLTEXT002234_left,external intrinsic,left,back,False
FRCLTEXT002234_back,external intrinsic,back,front,False
FRCLTEXT002234_right,external intrinsic,right,right,True
FRCLTEXT002235_front,external intrinsic,right,right,True
FRCLTEXT002235_left,external intrinsic,front,front,True
FRCLTEXT002235_back,external intrinsic,left,left,True
FRCLTEXT002235_right,external intrinsic,back,back,True
FRCLTEXT002236_front,external relative,front,front,True
FRCLTEXT002236_left,external relative,front,front,True
FRCLTEXT002236_back,external relative,front,front,True
FRCLTEXT002236_right,external relative,front,front,True
FRCLTEXT002237_front,external relative,left,left,True
FRCLTEXT002237_left,external relative,left,left,True
FRCLTEXT002237_back,external relative,left,left,True
FRCLTEXT002237_right,external relative,left,left,True
FRCLTEXT002238,external relative,back,back,True
FRCLTEXT002239_front,external intrinsic,front,front,True
FRCLTEXT002239_left,external intrinsic,left,left,True
FRCLTEXT002239_back,external intrinsic,back,back,True
FRCLTEXT002239_right,external intrinsic,right,right,True
FRCLTEXT002240,external relative,front,front,True
FRCLTEXT002241_front,external intrinsic,left,left,True
FRCLTEXT002241_left,external intrinsic,back,back,True
FRCLTEXT002241_back,external intrinsic,right,right,True
FRCLTEXT002241_right,external intrinsic,front,front,True
FRCLTEXT002242_front,external relative,left,left,True
FRCLTEXT002242_left,external relative,left,left,True
FRCLTEXT002242_back,external relative,left,left,True
FRCLTEXT002242_right,external relative,left,left,True
FRCLTEXT002243_front,external relative,back,front,False
FRCLTEXT002243_left,external relative,back,back,True
FRCLTEXT002243_back,external relative,back,back,True
FRCLTEXT002243_right,external relative,back,back,True
FRCLTEXT002244_front,external relative,left,left,True
FRCLTEXT002244_left,external relative,left,left,True
FRCLTEXT002244_back,external relative,left,left,True
FRCLTEXT002244_right,external relative,left,left,True
FRCLTEXT002245_front,external relative,right,right,True
FRCLTEXT002245_left,external relative,right,right,True
FRCLTEXT002245_back,external relative,right,right,True
FRCLTEXT002245_right,external relative,right,right,True
FRCLTEXT002246_front,external intrinsic,front,front,True
FRCLTEXT002246_left,external intrinsic,left,left,True
FRCLTEXT002246_back,external intrinsic,back,back,True
FRCLTEXT002246_right,external intrinsic,right,right,True
FRCLTEXT002247,internal relative,front,front,True
FRCLTEXT002248,external relative,left,left,True
FRCLTEXT002249,external relative,back,front,False
FRCLTEXT002250,external relative,right,right,True
FRCLTEXT002251_front,internal relative,back,back,True
FRCLTEXT002251_left,internal relative,back,back,True
FRCLTEXT002251_back,internal relative,back,back,True
FRCLTEXT002251_right,internal relative,back,front,False
FRCLTEXT002252_front,external intrinsic,back,back,True
FRCLTEXT002252_left,external intrinsic,right,right,True
FRCLTEXT002252_back,external intrinsic,front,front,True
FRCLTEXT002252_right,external intrinsic,left,back,False
FRCLTEXT002253,external relative,back,back,True
FRCLTEXT002254_front,external intrinsic,left,left,True
FRCLTEXT002254_left,external intrinsic,back,back,True
FRCLTEXT002254_back,external intrinsic,right,right,True
FRCLTEXT002254_right,external intrinsic,front,front,True
FRCLTEXT002255_front,external relative,left,left,True
FRCLTEXT002255_left,external relative,left,left,True
FRCLTEXT002255_back,external relative,left,left,True
FRCLTEXT002255_right,external relative,left,left,True
FRCLTEXT002256_front,external intrinsic,right,right,True
FRCLTEXT002256_left,external intrinsic,front,front,True
FRCLTEXT002256_back,external intrinsic,left,left,True
FRCLTEXT002256_right,external intrinsic,back,back,True
FRCLTEXT002257,external relative,back,back,True
FRCLTEXT002258,external relative,left,left,True
FRCLTEXT002259_front,external relative,front,front,True
FRCLTEXT002259_left,external relative,front,front,True
FRCLTEXT002259_back,external relative,front,front,True
FRCLTEXT002259_right,external relative,front,front,True
FRCLTEXT002260_front,external intrinsic,right,right,True
FRCLTEXT002260_left,external intrinsic,front,front,True
FRCLTEXT002260_back,external intrinsic,left,left,True
FRCLTEXT002260_right,external intrinsic,back,back,True
FRCLTEXT002261_front,external intrinsic,back,back,True
FRCLTEXT002261_left,external intrinsic,right,right,True
FRCLTEXT002261_back,external intrinsic,front,back,False
FRCLTEXT002261_right,external intrinsic,left,left,True
FRCLTEXT002262_front,external relative,front,front,True
FRCLTEXT002262_left,external relative,front,front,True
FRCLTEXT002262_back,external relative,front,front,True
FRCLTEXT002262_right,external relative,front,front,True
FRCLTEXT002263_front,external intrinsic,back,back,True
FRCLTEXT002263_left,external intrinsic,right,right,True
FRCLTEXT002263_back,external intrinsic,front,front,True
FRCLTEXT002263_right,external intrinsic,left,left,True
FRCLTEXT002264_front,external relative,left,left,True
FRCLTEXT002264_left,external relative,left,left,True
FRCLTEXT002264_back,external relative,left,left,True
FRCLTEXT002264_right,external relative,left,left,True
FRCLTEXT002265_front,external intrinsic,right,right,True
FRCLTEXT002265_left,external intrinsic,front,front,True
FRCLTEXT002265_back,external intrinsic,left,back,False
FRCLTEXT002265_right,external intrinsic,back,back,True
FRCLTEXT002266_front,internal relative,front,front,True
FRCLTEXT002266_left,internal relative,front,front,True
FRCLTEXT002266_back,internal relative,front,back,False
FRCLTEXT002266_right,internal relative,front,front,True
FRCLTEXT002267_front,external relative,right,right,True
FRCLTEXT002267_left,external relative,right,right,True
FRCLTEXT002267_back,external relative,right,right,True
FRCLTEXT002267_right,external relative,right,right,True
FRCLTEXT002268_front,external intrinsic,back,back,True
FRCLTEXT002268_left,external intrinsic,right,right,True
FRCLTEXT002268_back,external intrinsic,front,front,True
FRCLTEXT002268_right,external intrinsic,left,left,True
FRCLTEXT002269_front,internal intrinsic,back,back,True
FRCLTEXT002269_left,internal intrinsic,right,right,True
FRCLTEXT002269_back,internal intrinsic,front,front,True
FRCLTEXT002269_right,internal intrinsic,left,left,True
FRCLTEXT002270_front,external intrinsic,front,front,True
FRCLTEXT002270_left,external intrinsic,left,front,False
FRCLTEXT002270_back,external intrinsic,back,back,True
FRCLTEXT002270_right,external intrinsic,right,right,True
FRCLTEXT002271_front,external intrinsic,front,front,True
FRCLTEXT002271_left,external intrinsic,left,left,True
FRCLTEXT002271_back,external intrinsic,back,back,True
FRCLTEXT002271_right,external intrinsic,right,front,False
FRCLTEXT002272_front,internal relative,left,left,True
FRCLTEXT002272_left,internal relative,left,left,True
FRCLTEXT002272_back,internal relative,left,left,True
FRCLTEXT002272_right,internal relative,left,left,True
FRCLTEXT002273_front,external intrinsic,left,back,False
FRCLTEXT002273_left,external intrinsic,back,front,False
FRCLTEXT002273_back,external intrinsic,right,right,True
FRCLTEXT002273_right,external intrinsic,front,front,True
FRCLTEXT002274_front,external intrinsic,left,left,True
FRCLTEXT002274_left,external intrinsic,back,back,True
FRCLTEXT002274_back,external intrinsic,right,right,True
FRCLTEXT002274_right,external intrinsic,front,front,True
FRCLTEXT002275_front,external intrinsic,back,back,True
FRCLTEXT002275_left,external intrinsic,right,right,True
FRCLTEXT002275_back,external intrinsic,front,front,True
FRCLTEXT002275_right,external intrinsic,left,left,True
FRCLTEXT002276_front,external relative,left,left,True
FRCLTEXT002276_left,external relative,left,left,True
FRCLTEXT002276_back,external relative,left,left,True
FRCLTEXT002276_right,external relative,left,left,True
FRCLTEXT002277_front,external intrinsic,left,left,True
FRCLTEXT002277_left,external intrinsic,back,back,True
FRCLTEXT002277_back,external intrinsic,right,right,True
FRCLTEXT002277_right,external intrinsic,front,front,True
FRCLTEXT002278_front,external relative,back,back,True
FRCLTEXT002278_left,external relative,back,back,True
FRCLTEXT002278_back,external relative,back,back,True
FRCLTEXT002278_right,external relative,back,back,True
FRCLTEXT002279_front,external relative,left,left,True
FRCLTEXT002279_left,external relative,left,left,True
FRCLTEXT002279_back,external relative,left,left,True
FRCLTEXT002279_right,external relative,left,left,True
FRCLTEXT002280_front,external intrinsic,front,front,True
FRCLTEXT002280_left,external intrinsic,left,left,True
FRCLTEXT002280_back,external intrinsic,back,back,True
FRCLTEXT002280_right,external intrinsic,right,right,True
FRCLTEXT002281_front,external intrinsic,front,front,True
FRCLTEXT002281_left,external intrinsic,left,left,True
FRCLTEXT002281_back,external intrinsic,back,back,True
FRCLTEXT002281_right,external intrinsic,right,right,True
FRCLTEXT002282_front,external relative,right,right,True
FRCLTEXT002282_left,external relative,right,right,True
FRCLTEXT002282_back,external relative,right,right,True
FRCLTEXT002282_right,external relative,right,right,True
FRCLTEXT002283_front,external intrinsic,left,left,True
FRCLTEXT002283_left,external intrinsic,back,back,True
FRCLTEXT002283_back,external intrinsic,right,right,True
FRCLTEXT002283_right,external intrinsic,front,front,True
FRCLTEXT002284,external relative,right,right,True
FRCLTEXT002285_front,external relative,right,right,True
FRCLTEXT002285_left,external relative,right,right,True
FRCLTEXT002285_back,external relative,right,right,True
FRCLTEXT002285_right,external relative,right,right,True
FRCLTEXT002286_front,external intrinsic,front,front,True
FRCLTEXT002286_left,external intrinsic,left,left,True
FRCLTEXT002286_back,external intrinsic,back,back,True
FRCLTEXT002286_right,external intrinsic,right,right,True
FRCLTEXT002287_front,external relative,front,front,True
FRCLTEXT002287_left,external relative,front,front,True
FRCLTEXT002287_back,external relative,front,front,True
FRCLTEXT002287_right,external relative,front,front,True
FRCLTEXT002288_front,external intrinsic,left,back,False
FRCLTEXT002288_left,external intrinsic,back,back,True
FRCLTEXT002288_back,external intrinsic,right,right,True
FRCLTEXT002288_right,external intrinsic,front,front,True
FRCLTEXT002289_front,external relative,right,right,True
FRCLTEXT002289_left,external relative,right,right,True
FRCLTEXT002289_back,external relative,right,right,True
FRCLTEXT002289_right,external relative,right,right,True
FRCLTEXT002290_front,external intrinsic,right,right,True
FRCLTEXT002290_left,external intrinsic,front,front,True
FRCLTEXT002290_back,external intrinsic,left,left,True
FRCLTEXT002290_right,external intrinsic,back,back,True
FRCLTEXT002291,external relative,left,left,True
FRCLTEXT002292_front,external intrinsic,right,right,True
FRCLTEXT002292_left,external intrinsic,front,front,True
FRCLTEXT002292_back,external intrinsic,left,left,True
FRCLTEXT002292_right,external intrinsic,back,back,True
FRCLTEXT002293_front,external intrinsic,left,left,True
FRCLTEXT002293_left,external intrinsic,back,back,True
FRCLTEXT002293_back,external intrinsic,right,right,True
FRCLTEXT002293_right,external intrinsic,front,back,False
FRCLTEXT002294,external relative,left,left,True
FRCLTEXT002295,external relative,left,left,True
FRCLTEXT002296_front,external relative,left,left,True
FRCLTEXT002296_left,external relative,left,left,True
FRCLTEXT002296_back,external relative,left,left,True
FRCLTEXT002296_right,external relative,left,left,True
FRCLTEXT002297_front,external intrinsic,left,left,True
FRCLTEXT002297_left,external intrinsic,back,back,True
FRCLTEXT002297_back,external intrinsic,right,right,True
FRCLTEXT002297_right,external intrinsic,front,front,True
FRCLTEXT002298_front,external relative,right,right,True
FRCLTEXT002298_left,external relative,right,right,True
FRCLTEXT002298_back,external relative,right,right,True
FRCLTEXT002298_right,external relative,right,right,True
FRCLTEXT002299_front,external intrinsic,left,back,False
FRCLTEXT002299_left,external intrinsic,back,back,True
FRCLTEXT002299_back,external intrinsic,right,right,True
FRCLTEXT002299_right,external intrinsic,front,front,True
FRCLTEXT002300_front,external relative,back,back,True
FRCLTEXT002300_left,external relative,back,front,False
FRCLTEXT002300_back,external relative,back,back,True
FRCLTEXT002300_right,external relative,back,back,True
FRCLTEXT002301_front,external relative,right,right,True
FRCLTEXT002301_left,external relative,right,right,True
FRCLTEXT002301_back,external relative,right,right,True
FRCLTEXT002301_right,external relative,right,right,True
FRCLTEXT002302,external relative,back,back,True
FRCLTEXT002303_front,external intrinsic,front,front,True
FRCLTEXT002303_left,external intrinsic,left,left,True
FRCLTEXT002303_back,external intrinsic,back,back,True
FRCLTEXT002303_right,external intrinsic,right,right,True
FRCLTEXT002304_front,external relative,right,right,True
FRCLTEXT002304_left,external relative,right,right,True
FRCLTEXT002304_back,external relative,right,right,True
FRCLTEXT002304_right,external relative,right,right,True
FRCLTEXT002305_front,external relative,front,front,True
FRCLTEXT002305_left,external relative,front,front,True
FRCLTEXT002305_back,external relative,front,front,True
FRCLTEXT002305_right,external relative,front,front,True
FRCLTEXT002306_front,internal intrinsic,back,back,True
FRCLTEXT002306_left,internal intrinsic,right,right,True
FRCLTEXT002306_back,internal intrinsic,front,front,True
FRCLTEXT002306_right,internal intrinsic,left,left,True
FRCLTEXT002307,external relative,back,back,True
FRCLTEXT002308_front,external intrinsic,back,back,True
FRCLTEXT002308_left,external intrinsic,right,right,True
FRCLTEXT002308_back,external intrinsic,front,front,True
FRCLTEXT002308_right,external intrinsic,left,left,True
FRCLTEXT002309_front,external relative,right,right,True
FRCLTEXT002309_left,external relative,right,right,True
FRCLTEXT002309_back,external relative,right,right,True
FRCLTEXT002309_right,external relative,right,right,True
FRCLTEXT002310_front,external relative,back,back,True
FRCLTEXT002310_left,external relative,back,back,True
FRCLTEXT002310_back,external relative,back,back,True
FRCLTEXT002310_right,external relative,back,back,True
FRCLTEXT002311_front,external relative,front,front,True
FRCLTEXT002311_left,external relative,front,front,True
FRCLTEXT002311_back,external relative,front,front,True
FRCLTEXT002311_right,external relative,front,front,True
FRCLTEXT002312_front,external relative,left,left,True
FRCLTEXT002312_left,external relative,left,left,True
FRCLTEXT002312_back,external relative,left,left,True
FRCLTEXT002312_right,external relative,left,left,True
FRCLTEXT002313_front,external relative,back,front,False
FRCLTEXT002313_left,external relative,back,front,False
FRCLTEXT002313_back,external relative,back,back,True
FRCLTEXT002313_right,external relative,back,right,False
FRCLTEXT002314,external relative,back,back,True
FRCLTEXT002315_front,internal intrinsic,front,front,True
FRCLTEXT002315_left,internal intrinsic,left,left,True
FRCLTEXT002315_back,internal intrinsic,back,back,True
FRCLTEXT002315_right,internal intrinsic,right,front,False
FRCLTEXT002316_front,external relative,front,front,True
FRCLTEXT002316_left,external relative,front,front,True
FRCLTEXT002316_back,external relative,front,front,True
FRCLTEXT002316_right,external relative,front,front,True
FRCLTEXT002317_front,external intrinsic,back,back,True
FRCLTEXT002317_left,external intrinsic,right,right,True
FRCLTEXT002317_back,external intrinsic,front,front,True
FRCLTEXT002317_right,external intrinsic,left,left,True
FRCLTEXT002318_front,external relative,back,back,True
FRCLTEXT002318_left,external relative,back,back,True
FRCLTEXT002318_back,external relative,back,front,False
FRCLTEXT002318_right,external relative,back,back,True
FRCLTEXT002319_front,internal intrinsic,left,front,False
FRCLTEXT002319_left,internal intrinsic,back,back,True
FRCLTEXT002319_back,internal intrinsic,right,right,True
FRCLTEXT002319_right,internal intrinsic,front,back,False
FRCLTEXT002320_front,external relative,front,front,True
FRCLTEXT002320_left,external relative,front,front,True
FRCLTEXT002320_back,external relative,front,front,True
FRCLTEXT002320_right,external relative,front,front,True
FRCLTEXT002321_front,external intrinsic,front,front,True
FRCLTEXT002321_left,external intrinsic,left,left,True
FRCLTEXT002321_back,external intrinsic,back,back,True
FRCLTEXT002321_right,external intrinsic,right,right,True
FRCLTEXT002322,external relative,back,back,True
FRCLTEXT002323_front,external intrinsic,back,front,False
FRCLTEXT002323_left,external intrinsic,right,right,True
FRCLTEXT002323_back,external intrinsic,front,front,True
FRCLTEXT002323_right,external intrinsic,left,left,True
FRCLTEXT002324_front,external intrinsic,front,front,True
FRCLTEXT002324_left,external intrinsic,left,left,True
FRCLTEXT002324_back,external intrinsic,back,back,True
FRCLTEXT002324_right,external intrinsic,right,right,True
FRCLTEXT002325,external relative,left,left,True
FRCLTEXT002326_front,external relative,back,back,True
FRCLTEXT002326_left,external relative,back,back,True
FRCLTEXT002326_back,external relative,back,front,False
FRCLTEXT002326_right,external relative,back,back,True
FRCLTEXT002327_front,external intrinsic,front,front,True
FRCLTEXT002327_left,external intrinsic,left,left,True
FRCLTEXT002327_back,external intrinsic,back,back,True
FRCLTEXT002327_right,external intrinsic,right,right,True
FRCLTEXT002328,internal relative,left,left,True
FRCLTEXT002329,external relative,left,left,True
FRCLTEXT002330_front,external intrinsic,back,back,True
FRCLTEXT002330_left,external intrinsic,right,right,True
FRCLTEXT002330_back,external intrinsic,front,front,True
FRCLTEXT002330_right,external intrinsic,left,left,True
FRCLTEXT002331,external relative,back,front,False
FRCLTEXT002332_front,external relative,front,front,True
FRCLTEXT002332_left,external relative,front,front,True
FRCLTEXT002332_back,external relative,front,front,True
FRCLTEXT002332_right,external relative,front,front,True
FRCLTEXT002333_front,external relative,back,front,False
FRCLTEXT002333_left,external relative,back,back,True
FRCLTEXT002333_back,external relative,back,back,True
FRCLTEXT002333_right,external relative,back,back,True
FRCLTEXT002334_front,external relative,right,right,True
FRCLTEXT002334_left,external relative,right,right,True
FRCLTEXT002334_back,external relative,right,right,True
FRCLTEXT002334_right,external relative,right,right,True
FRCLTEXT002335,external relative,left,left,True
FRCLTEXT002336_front,external intrinsic,left,left,True
FRCLTEXT002336_left,external intrinsic,back,back,True
FRCLTEXT002336_back,external intrinsic,right,right,True
FRCLTEXT002336_right,external intrinsic,front,front,True
FRCLTEXT002337_front,external relative,right,right,True
FRCLTEXT002337_left,external relative,right,right,True
FRCLTEXT002337_back,external relative,right,right,True
FRCLTEXT002337_right,external relative,right,right,True
FRCLTEXT002338,external relative,front,front,True
FRCLTEXT002339_front,external intrinsic,left,left,True
FRCLTEXT002339_left,external intrinsic,back,back,True
FRCLTEXT002339_back,external intrinsic,right,right,True
FRCLTEXT002339_right,external intrinsic,front,front,True
FRCLTEXT002340_front,external relative,front,front,True
FRCLTEXT002340_left,external relative,front,right,False
FRCLTEXT002340_back,external relative,front,front,True
FRCLTEXT002340_right,external relative,front,front,True
FRCLTEXT002341_front,external relative,right,right,True
FRCLTEXT002341_left,external relative,right,right,True
FRCLTEXT002341_back,external relative,right,right,True
FRCLTEXT002341_right,external relative,right,right,True
FRCLTEXT002342,external relative,right,right,True
FRCLTEXT002343,external relative,front,front,True
FRCLTEXT002344,external relative,back,back,True
FRCLTEXT002345,external relative,front,front,True
FRCLTEXT002346_front,external intrinsic,right,right,True
FRCLTEXT002346_left,external intrinsic,front,front,True
FRCLTEXT002346_back,external intrinsic,left,left,True
FRCLTEXT002346_right,external intrinsic,back,back,True
FRCLTEXT002347_front,external intrinsic,left,left,True
FRCLTEXT002347_left,external intrinsic,back,back,True
FRCLTEXT002347_back,external intrinsic,right,right,True
FRCLTEXT002347_right,external intrinsic,front,front,True
FRCLTEXT002348_front,external relative,back,front,False
FRCLTEXT002348_left,external relative,back,back,True
FRCLTEXT002348_back,external relative,back,back,True
FRCLTEXT002348_right,external relative,back,right,False
FRCLTEXT002349_front,external relative,back,front,False
FRCLTEXT002349_left,external relative,back,front,False
FRCLTEXT002349_back,external relative,back,back,True
FRCLTEXT002349_right,external relative,back,back,True
FRCLTEXT002350_front,external relative,back,back,True
FRCLTEXT002350_left,external relative,back,back,True
FRCLTEXT002350_back,external relative,back,back,True
FRCLTEXT002350_right,external relative,back,back,True
FRCLTEXT002351_front,external relative,right,right,True
FRCLTEXT002351_left,external relative,right,right,True
FRCLTEXT002351_back,external relative,right,right,True
FRCLTEXT002351_right,external relative,right,right,True
FRCLTEXT002352_front,internal intrinsic,front,front,True
FRCLTEXT002352_left,internal intrinsic,left,left,True
FRCLTEXT002352_back,internal intrinsic,back,back,True
FRCLTEXT002352_right,internal intrinsic,right,back,False
FRCLTEXT002353_front,external relative,back,back,True
FRCLTEXT002353_left,external relative,back,back,True
FRCLTEXT002353_back,external relative,back,back,True
FRCLTEXT002353_right,external relative,back,back,True
FRCLTEXT002354,external relative,right,right,True
FRCLTEXT002355_front,external relative,front,front,True
FRCLTEXT002355_left,external relative,front,front,True
FRCLTEXT002355_back,external relative,front,front,True
FRCLTEXT002355_right,external relative,front,front,True
FRCLTEXT002356,external relative,left,left,True
FRCLTEXT002357_front,external intrinsic,front,front,True
FRCLTEXT002357_left,external intrinsic,left,left,True
FRCLTEXT002357_back,external intrinsic,back,back,True
FRCLTEXT002357_right,external intrinsic,right,right,True
FRCLTEXT002358_front,external intrinsic,left,left,True
FRCLTEXT002358_left,external intrinsic,back,back,True
FRCLTEXT002358_back,external intrinsic,right,right,True
FRCLTEXT002358_right,external intrinsic,front,back,False
FRCLTEXT002359_front,external relative,left,left,True
FRCLTEXT002359_left,external relative,left,left,True
FRCLTEXT002359_back,external relative,left,left,True
FRCLTEXT002359_right,external relative,left,left,True
FRCLTEXT002360,internal relative,front,front,True
FRCLTEXT002361_front,external relative,right,right,True
FRCLTEXT002361_left,external relative,right,right,True
FRCLTEXT002361_back,external relative,right,right,True
FRCLTEXT002361_right,external relative,right,right,True
FRCLTEXT002362,internal relative,right,right,True
FRCLTEXT002363_front,external relative,right,right,True
FRCLTEXT002363_left,external relative,right,right,True
FRCLTEXT002363_back,external relative,right,right,True
FRCLTEXT002363_right,external relative,right,right,True
FRCLTEXT002364,external relative,back,back,True
FRCLTEXT002365_front,external intrinsic,left,left,True
FRCLTEXT002365_left,external intrinsic,back,back,True
FRCLTEXT002365_back,external intrinsic,right,right,True
FRCLTEXT002365_right,external intrinsic,front,back,False
FRCLTEXT002366_front,external intrinsic,front,front,True
FRCLTEXT002366_left,external intrinsic,left,left,True
FRCLTEXT002366_back,external intrinsic,back,back,True
FRCLTEXT002366_right,external intrinsic,right,right,True
FRCLTEXT002367_front,internal intrinsic,left,front,False
FRCLTEXT002367_left,internal intrinsic,back,back,True
FRCLTEXT002367_back,internal intrinsic,right,right,True
FRCLTEXT002367_right,internal intrinsic,front,back,False
FRCLTEXT002368_front,external relative,front,front,True
FRCLTEXT002368_left,external relative,front,front,True
FRCLTEXT002368_back,external relative,front,front,True
FRCLTEXT002368_right,external relative,front,front,True
FRCLTEXT002369_front,external relative,right,right,True
FRCLTEXT002369_left,external relative,right,right,True
FRCLTEXT002369_back,external relative,right,right,True
FRCLTEXT002369_right,external relative,right,right,True
FRCLTEXT002370,external relative,right,right,True
FRCLTEXT002371_front,external relative,front,front,True
FRCLTEXT002371_left,external relative,front,front,True
FRCLTEXT002371_back,external relative,front,front,True
FRCLTEXT002371_right,external relative,front,front,True
FRCLTEXT002372_front,external relative,right,right,True
FRCLTEXT002372_left,external relative,right,right,True
FRCLTEXT002372_back,external relative,right,right,True
FRCLTEXT002372_right,external relative,right,right,True
FRCLTEXT002373,external relative,back,back,True
FRCLTEXT002374_front,internal relative,left,left,True
FRCLTEXT002374_left,internal relative,left,front,False
FRCLTEXT002374_back,internal relative,left,left,True
FRCLTEXT002374_right,internal relative,left,left,True
FRCLTEXT002375_front,external relative,back,back,True
FRCLTEXT002375_left,external relative,back,back,True
FRCLTEXT002375_back,external relative,back,back,True
FRCLTEXT002375_right,external relative,back,back,True
FRCLTEXT002376,external relative,front,front,True
FRCLTEXT002377_front,external relative,back,back,True
FRCLTEXT002377_left,external relative,back,back,True
FRCLTEXT002377_back,external relative,back,back,True
FRCLTEXT002377_right,external relative,back,back,True
FRCLTEXT002378_front,external relative,left,front,False
FRCLTEXT002378_left,external relative,left,right,False
FRCLTEXT002378_back,external relative,left,front,False
FRCLTEXT002378_right,external relative,left,left,True
FRCLTEXT002379_front,external relative,left,left,True
FRCLTEXT002379_left,external relative,left,left,True
FRCLTEXT002379_back,external relative,left,left,True
FRCLTEXT002379_right,external relative,left,left,True
FRCLTEXT002380_front,internal intrinsic,left,left,True
FRCLTEXT002380_left,internal intrinsic,back,back,True
FRCLTEXT002380_back,internal intrinsic,right,right,True
FRCLTEXT002380_right,internal intrinsic,front,front,True
FRCLTEXT002381_front,internal relative,back,back,True
FRCLTEXT002381_left,internal relative,back,back,True
FRCLTEXT002381_back,internal relative,back,front,False
FRCLTEXT002381_right,internal relative,back,right,False
FRCLTEXT002382_front,external intrinsic,back,back,True
FRCLTEXT002382_left,external intrinsic,right,right,True
FRCLTEXT002382_back,external intrinsic,front,front,True
FRCLTEXT002382_right,external intrinsic,left,left,True
FRCLTEXT002383,internal relative,front,front,True
FRCLTEXT002384_front,external intrinsic,back,back,True
FRCLTEXT002384_left,external intrinsic,right,right,True
FRCLTEXT002384_back,external intrinsic,front,front,True
FRCLTEXT002384_right,external intrinsic,left,front,False
FRCLTEXT002385_front,internal relative,right,right,True
FRCLTEXT002385_left,internal relative,right,right,True
FRCLTEXT002385_back,internal relative,right,right,True
FRCLTEXT002385_right,internal relative,right,right,True
FRCLTEXT002386,external relative,left,left,True
FRCLTEXT002387_front,external relative,front,front,True
FRCLTEXT002387_left,external relative,front,right,False
FRCLTEXT002387_back,external relative,front,front,True
FRCLTEXT002387_right,external relative,front,right,False
FRCLTEXT002388_front,external relative,left,left,True
FRCLTEXT002388_left,external relative,left,left,True
FRCLTEXT002388_back,external relative,left,left,True
FRCLTEXT002388_right,external relative,left,left,True
FRCLTEXT002389_front,external relative,right,right,True
FRCLTEXT002389_left,external relative,right,right,True
FRCLTEXT002389_back,external relative,right,right,True
FRCLTEXT002389_right,external relative,right,right,True
FRCLTEXT002390_front,external intrinsic,right,right,True
FRCLTEXT002390_left,external intrinsic,front,front,True
FRCLTEXT002390_back,external intrinsic,left,front,False
FRCLTEXT002390_right,external intrinsic,back,back,True
FRCLTEXT002391_front,external intrinsic,right,right,True
FRCLTEXT002391_left,external intrinsic,front,back,False
FRCLTEXT002391_back,external intrinsic,left,left,True
FRCLTEXT002391_right,external intrinsic,back,back,True
FRCLTEXT002392_front,external relative,back,back,True
FRCLTEXT002392_left,external relative,back,back,True
FRCLTEXT002392_back,external relative,back,back,True
FRCLTEXT002392_right,external relative,back,front,False
FRCLTEXT002393_front,internal intrinsic,right,back,False
FRCLTEXT002393_left,internal intrinsic,front,front,True
FRCLTEXT002393_back,internal intrinsic,left,left,True
FRCLTEXT002393_right,internal intrinsic,back,back,True
FRCLTEXT002394_front,external intrinsic,back,back,True
FRCLTEXT002394_left,external intrinsic,right,right,True
FRCLTEXT002394_back,external intrinsic,front,front,True
FRCLTEXT002394_right,external intrinsic,left,left,True
FRCLTEXT002395_front,external relative,back,back,True
FRCLTEXT002395_left,external relative,back,back,True
FRCLTEXT002395_back,external relative,back,back,True
FRCLTEXT002395_right,external relative,back,back,True
FRCLTEXT002396_front,external intrinsic,right,right,True
FRCLTEXT002396_left,external intrinsic,front,front,True
FRCLTEXT002396_back,external intrinsic,left,left,True
FRCLTEXT002396_right,external intrinsic,back,back,True
FRCLTEXT002397,internal relative,back,back,True
FRCLTEXT002398_front,external intrinsic,back,back,True
FRCLTEXT002398_left,external intrinsic,right,right,True
FRCLTEXT002398_back,external intrinsic,front,front,True
FRCLTEXT002398_right,external intrinsic,left,back,False
FRCLTEXT002399,external relative,back,back,True
FRCLTEXT002400_front,external intrinsic,front,front,True
FRCLTEXT002400_left,external intrinsic,left,front,False
FRCLTEXT002400_back,external intrinsic,back,back,True
FRCLTEXT002400_right,external intrinsic,right,right,True
FRCLTEXT002401,internal relative,front,front,True
FRCLTEXT002402_front,external relative,front,front,True
FRCLTEXT002402_left,external relative,front,front,True
FRCLTEXT002402_back,external relative,front,front,True
FRCLTEXT002402_right,external relative,front,front,True
FRCLTEXT002403_front,internal relative,left,left,True
FRCLTEXT002403_left,internal relative,left,left,True
FRCLTEXT002403_back,internal relative,left,left,True
FRCLTEXT002403_right,internal relative,left,left,True
FRCLTEXT002404_front,internal relative,right,right,True
FRCLTEXT002404_left,internal relative,right,right,True
FRCLTEXT002404_back,internal relative,right,right,True
FRCLTEXT002404_right,internal relative,right,right,True
FRCLTEXT002405_front,external relative,back,back,True
FRCLTEXT002405_left,external relative,back,back,True
FRCLTEXT002405_back,external relative,back,front,False
FRCLTEXT002405_right,external relative,back,back,True
FRCLTEXT002406_front,external relative,left,left,True
FRCLTEXT002406_left,external relative,left,left,True
FRCLTEXT002406_back,external relative,left,left,True
FRCLTEXT002406_right,external relative,left,left,True
FRCLTEXT002407,external relative,left,left,True
FRCLTEXT002408_front,external relative,left,left,True
FRCLTEXT002408_left,external relative,left,left,True
FRCLTEXT002408_back,external relative,left,left,True
FRCLTEXT002408_right,external relative,left,left,True
FRCLTEXT002409_front,external intrinsic,right,right,True
FRCLTEXT002409_left,external intrinsic,front,front,True
FRCLTEXT002409_back,external intrinsic,left,left,True
FRCLTEXT002409_right,external intrinsic,back,back,True
FRCLTEXT002410_front,external relative,left,left,True
FRCLTEXT002410_left,external relative,left,left,True
FRCLTEXT002410_back,external relative,left,left,True
FRCLTEXT002410_right,external relative,left,left,True
FRCLTEXT002411_front,external intrinsic,left,left,True
FRCLTEXT002411_left,external intrinsic,back,back,True
FRCLTEXT002411_back,external intrinsic,right,right,True
FRCLTEXT002411_right,external intrinsic,front,front,True
FRCLTEXT002412_front,external relative,left,left,True
FRCLTEXT002412_left,external relative,left,left,True
FRCLTEXT002412_back,external relative,left,left,True
FRCLTEXT002412_right,external relative,left,right,False
FRCLTEXT002413_front,external relative,back,back,True
FRCLTEXT002413_left,external relative,back,back,True
FRCLTEXT002413_back,external relative,back,back,True
FRCLTEXT002413_right,external relative,back,back,True
FRCLTEXT002414_front,external relative,right,right,True
FRCLTEXT002414_left,external relative,right,right,True
FRCLTEXT002414_back,external relative,right,right,True
FRCLTEXT002414_right,external relative,right,right,True
FRCLTEXT002415,external relative,left,left,True
FRCLTEXT002416_front,external intrinsic,right,right,True
FRCLTEXT002416_left,external intrinsic,front,front,True
FRCLTEXT002416_back,external intrinsic,left,left,True
FRCLTEXT002416_right,external intrinsic,back,back,True
FRCLTEXT002417_front,external intrinsic,right,right,True
FRCLTEXT002417_left,external intrinsic,front,front,True
FRCLTEXT002417_back,external intrinsic,left,left,True
FRCLTEXT002417_right,external intrinsic,back,back,True
FRCLTEXT002418_front,external relative,front,front,True
FRCLTEXT002418_left,external relative,front,front,True
FRCLTEXT002418_back,external relative,front,front,True
FRCLTEXT002418_right,external relative,front,front,True
FRCLTEXT002419_front,external intrinsic,right,right,True
FRCLTEXT002419_left,external intrinsic,front,back,False
FRCLTEXT002419_back,external intrinsic,left,left,True
FRCLTEXT002419_right,external intrinsic,back,back,True
FRCLTEXT002420_front,external relative,front,front,True
FRCLTEXT002420_left,external relative,front,front,True
FRCLTEXT002420_back,external relative,front,front,True
FRCLTEXT002420_right,external relative,front,front,True
FRCLTEXT002421_front,external relative,front,front,True
FRCLTEXT002421_left,external relative,front,front,True
FRCLTEXT002421_back,external relative,front,front,True
FRCLTEXT002421_right,external relative,front,front,True
FRCLTEXT002422,external relative,left,left,True
FRCLTEXT002423_front,external intrinsic,back,back,True
FRCLTEXT002423_left,external intrinsic,right,right,True
FRCLTEXT002423_back,external intrinsic,front,front,True
FRCLTEXT002423_right,external intrinsic,left,left,True
FRCLTEXT002424_front,external relative,front,front,True
FRCLTEXT002424_left,external relative,front,front,True
FRCLTEXT002424_back,external relative,front,front,True
FRCLTEXT002424_right,external relative,front,front,True
FRCLTEXT002425_front,external intrinsic,right,back,False
FRCLTEXT002425_left,external intrinsic,front,front,True
FRCLTEXT002425_back,external intrinsic,left,left,True
FRCLTEXT002425_right,external intrinsic,back,back,True
FRCLTEXT002426,internal relative,front,front,True
FRCLTEXT002427,external relative,left,left,True
FRCLTEXT002428_front,internal relative,front,front,True
FRCLTEXT002428_left,internal relative,front,front,True
FRCLTEXT002428_back,internal relative,front,right,False
FRCLTEXT002428_right,internal relative,front,front,True
FRCLTEXT002429_front,external relative,front,front,True
FRCLTEXT002429_left,external relative,front,front,True
FRCLTEXT002429_back,external relative,front,front,True
FRCLTEXT002429_right,external relative,front,front,True
FRCLTEXT002430_front,internal relative,left,right,False
FRCLTEXT002430_left,internal relative,left,left,True
FRCLTEXT002430_back,internal relative,left,right,False
FRCLTEXT002430_right,internal relative,left,left,True
FRCLTEXT002431_front,external intrinsic,back,back,True
FRCLTEXT002431_left,external intrinsic,right,right,True
FRCLTEXT002431_back,external intrinsic,front,front,True
FRCLTEXT002431_right,external intrinsic,left,left,True
FRCLTEXT002432_front,external intrinsic,front,front,True
FRCLTEXT002432_left,external intrinsic,left,left,True
FRCLTEXT002432_back,external intrinsic,back,back,True
FRCLTEXT002432_right,external intrinsic,right,right,True
FRCLTEXT002433_front,external relative,right,right,True
FRCLTEXT002433_left,external relative,right,right,True
FRCLTEXT002433_back,external relative,right,right,True
FRCLTEXT002433_right,external relative,right,right,True
FRCLTEXT002434,internal relative,front,front,True
FRCLTEXT002435,external relative,left,left,True
FRCLTEXT002436,internal relative,left,left,True
FRCLTEXT002437,external relative,front,front,True
FRCLTEXT002438_front,external intrinsic,right,right,True
FRCLTEXT002438_left,external intrinsic,front,front,True
FRCLTEXT002438_back,external intrinsic,left,left,True
FRCLTEXT002438_right,external intrinsic,back,back,True
FRCLTEXT002439,external relative,left,left,True
FRCLTEXT002440_front,external relative,right,right,True
FRCLTEXT002440_left,external relative,right,right,True
FRCLTEXT002440_back,external relative,right,right,True
FRCLTEXT002440_right,external relative,right,right,True
FRCLTEXT002441_front,external relative,right,right,True
FRCLTEXT002441_left,external relative,right,right,True
FRCLTEXT002441_back,external relative,right,right,True
FRCLTEXT002441_right,external relative,right,right,True
FRCLTEXT002442_front,external relative,back,back,True
FRCLTEXT002442_left,external relative,back,back,True
FRCLTEXT002442_back,external relative,back,back,True
FRCLTEXT002442_right,external relative,back,back,True
FRCLTEXT002443_front,external intrinsic,left,left,True
FRCLTEXT002443_left,external intrinsic,back,back,True
FRCLTEXT002443_back,external intrinsic,right,right,True
FRCLTEXT002443_right,external intrinsic,front,front,True
FRCLTEXT002444_front,external relative,front,front,True
FRCLTEXT002444_left,external relative,front,front,True
FRCLTEXT002444_back,external relative,front,front,True
FRCLTEXT002444_right,external relative,front,front,True
FRCLTEXT002445_front,external intrinsic,back,back,True
FRCLTEXT002445_left,external intrinsic,right,right,True
FRCLTEXT002445_back,external intrinsic,front,front,True
FRCLTEXT002445_right,external intrinsic,left,left,True
FRCLTEXT002446,external relative,back,back,True
FRCLTEXT002447_front,external intrinsic,front,front,True
FRCLTEXT002447_left,external intrinsic,left,left,True
FRCLTEXT002447_back,external intrinsic,back,back,True
FRCLTEXT002447_right,external intrinsic,right,back,False
FRCLTEXT002448_front,external intrinsic,left,left,True
FRCLTEXT002448_left,external intrinsic,back,back,True
FRCLTEXT002448_back,external intrinsic,right,right,True
FRCLTEXT002448_right,external intrinsic,front,front,True
FRCLTEXT002449_front,external relative,left,left,True
FRCLTEXT002449_left,external relative,left,left,True
FRCLTEXT002449_back,external relative,left,left,True
FRCLTEXT002449_right,external relative,left,right,False
FRCLTEXT002450_front,external relative,right,right,True
FRCLTEXT002450_left,external relative,right,right,True
FRCLTEXT002450_back,external relative,right,right,True
FRCLTEXT002450_right,external relative,right,right,True
FRCLTEXT002451_front,external relative,right,right,True
FRCLTEXT002451_left,external relative,right,right,True
FRCLTEXT002451_back,external relative,right,right,True
FRCLTEXT002451_right,external relative,right,right,True
FRCLTEXT002452_front,internal relative,front,front,True
FRCLTEXT002452_left,internal relative,front,back,False
FRCLTEXT002452_back,internal relative,front,right,False
FRCLTEXT002452_right,internal relative,front,right,False
FRCLTEXT002453_front,external intrinsic,back,back,True
FRCLTEXT002453_left,external intrinsic,right,right,True
FRCLTEXT002453_back,external intrinsic,front,front,True
FRCLTEXT002453_right,external intrinsic,left,left,True
FRCLTEXT002454_front,external relative,left,left,True
FRCLTEXT002454_left,external relative,left,left,True
FRCLTEXT002454_back,external relative,left,left,True
FRCLTEXT002454_right,external relative,left,left,True
FRCLTEXT002455_front,external relative,right,right,True
FRCLTEXT002455_left,external relative,right,right,True
FRCLTEXT002455_back,external relative,right,right,True
FRCLTEXT002455_right,external relative,right,right,True
FRCLTEXT002456_front,internal relative,back,back,True
FRCLTEXT002456_left,internal relative,back,back,True
FRCLTEXT002456_back,internal relative,back,back,True
FRCLTEXT002456_right,internal relative,back,back,True
FRCLTEXT002457_front,external relative,right,right,True
FRCLTEXT002457_left,external relative,right,right,True
FRCLTEXT002457_back,external relative,right,right,True
FRCLTEXT002457_right,external relative,right,right,True
FRCLTEXT002458_front,external intrinsic,left,left,True
FRCLTEXT002458_left,external intrinsic,back,back,True
FRCLTEXT002458_back,external intrinsic,right,right,True
FRCLTEXT002458_right,external intrinsic,front,back,False
FRCLTEXT002459_front,internal intrinsic,front,front,True
FRCLTEXT002459_left,internal intrinsic,left,left,True
FRCLTEXT002459_back,internal intrinsic,back,back,True
FRCLTEXT002459_right,internal intrinsic,right,right,True
FRCLTEXT002460_front,external intrinsic,right,right,True
FRCLTEXT002460_left,external intrinsic,front,front,True
FRCLTEXT002460_back,external intrinsic,left,left,True
FRCLTEXT002460_right,external intrinsic,back,back,True
FRCLTEXT002461,external relative,front,front,True
FRCLTEXT002462_front,external intrinsic,right,right,True
FRCLTEXT002462_left,external intrinsic,front,front,True
FRCLTEXT002462_back,external intrinsic,left,left,True
FRCLTEXT002462_right,external intrinsic,back,back,True
FRCLTEXT002463_front,internal intrinsic,front,front,True
FRCLTEXT002463_left,internal intrinsic,left,left,True
FRCLTEXT002463_back,internal intrinsic,back,back,True
FRCLTEXT002463_right,internal intrinsic,right,right,True
FRCLTEXT002464_front,external intrinsic,left,left,True
FRCLTEXT002464_left,external intrinsic,back,back,True
FRCLTEXT002464_back,external intrinsic,right,right,True
FRCLTEXT002464_right,external intrinsic,front,front,True
FRCLTEXT002465_front,external relative,front,front,True
FRCLTEXT002465_left,external relative,front,front,True
FRCLTEXT002465_back,external relative,front,front,True
FRCLTEXT002465_right,external relative,front,front,True
FRCLTEXT002466,internal relative,back,front,False
FRCLTEXT002467_front,external intrinsic,left,left,True
FRCLTEXT002467_left,external intrinsic,back,back,True
FRCLTEXT002467_back,external intrinsic,right,right,True
FRCLTEXT002467_right,external intrinsic,front,front,True
FRCLTEXT002468_front,external intrinsic,right,right,True
FRCLTEXT002468_left,external intrinsic,front,front,True
FRCLTEXT002468_back,external intrinsic,left,left,True
FRCLTEXT002468_right,external intrinsic,back,back,True
FRCLTEXT002469_front,external intrinsic,front,front,True
FRCLTEXT002469_left,external intrinsic,left,left,True
FRCLTEXT002469_back,external intrinsic,back,back,True
FRCLTEXT002469_right,external intrinsic,right,right,True
FRCLTEXT002470_front,external relative,left,left,True
FRCLTEXT002470_left,external relative,left,left,True
FRCLTEXT002470_back,external relative,left,left,True
FRCLTEXT002470_right,external relative,left,left,True
FRCLTEXT002471_front,external relative,left,left,True
FRCLTEXT002471_left,external relative,left,left,True
FRCLTEXT002471_back,external relative,left,left,True
FRCLTEXT002471_right,external relative,left,left,True
FRCLTEXT002472_front,external relative,left,left,True
FRCLTEXT002472_left,external relative,left,left,True
FRCLTEXT002472_back,external relative,left,right,False
FRCLTEXT002472_right,external relative,left,left,True
FRCLTEXT002473_front,external intrinsic,right,front,False
FRCLTEXT002473_left,external intrinsic,front,front,True
FRCLTEXT002473_back,external intrinsic,left,left,True
FRCLTEXT002473_right,external intrinsic,back,back,True
FRCLTEXT002474_front,external relative,right,right,True
FRCLTEXT002474_left,external relative,right,right,True
FRCLTEXT002474_back,external relative,right,right,True
FRCLTEXT002474_right,external relative,right,right,True
FRCLTEXT002475,external relative,right,right,True
FRCLTEXT002476_front,external relative,front,front,True
FRCLTEXT002476_left,external relative,front,front,True
FRCLTEXT002476_back,external relative,front,front,True
FRCLTEXT002476_right,external relative,front,front,True
FRCLTEXT002477_front,external relative,front,front,True
FRCLTEXT002477_left,external relative,front,front,True
FRCLTEXT002477_back,external relative,front,front,True
FRCLTEXT002477_right,external relative,front,front,True
FRCLTEXT002478_front,external intrinsic,back,back,True
FRCLTEXT002478_left,external intrinsic,right,right,True
FRCLTEXT002478_back,external intrinsic,front,front,True
FRCLTEXT002478_right,external intrinsic,left,left,True
FRCLTEXT002479,internal relative,right,right,True
FRCLTEXT002480_front,internal intrinsic,right,right,True
FRCLTEXT002480_left,internal intrinsic,front,front,True
FRCLTEXT002480_back,internal intrinsic,left,back,False
FRCLTEXT002480_right,internal intrinsic,back,back,True
FRCLTEXT002481,external relative,front,front,True
FRCLTEXT002482_front,external relative,right,right,True
FRCLTEXT002482_left,external relative,right,right,True
FRCLTEXT002482_back,external relative,right,right,True
FRCLTEXT002482_right,external relative,right,right,True
FRCLTEXT002483_front,external intrinsic,left,back,False
FRCLTEXT002483_left,external intrinsic,back,back,True
FRCLTEXT002483_back,external intrinsic,right,right,True
FRCLTEXT002483_right,external intrinsic,front,front,True
FRCLTEXT002484_front,external relative,right,right,True
FRCLTEXT002484_left,external relative,right,right,True
FRCLTEXT002484_back,external relative,right,front,False
FRCLTEXT002484_right,external relative,right,right,True
FRCLTEXT002485_front,external relative,right,right,True
FRCLTEXT002485_left,external relative,right,right,True
FRCLTEXT002485_back,external relative,right,right,True
FRCLTEXT002485_right,external relative,right,right,True
FRCLTEXT002486_front,internal relative,back,back,True
FRCLTEXT002486_left,internal relative,back,back,True
FRCLTEXT002486_back,internal relative,back,back,True
FRCLTEXT002486_right,internal relative,back,back,True
FRCLTEXT002487,external relative,back,front,False
FRCLTEXT002488,external relative,left,left,True
FRCLTEXT002489,external relative,left,left,True
FRCLTEXT002490_front,external relative,back,front,False
FRCLTEXT002490_left,external relative,back,back,True
FRCLTEXT002490_back,external relative,back,front,False
FRCLTEXT002490_right,external relative,back,back,True
FRCLTEXT002491_front,external relative,front,front,True
FRCLTEXT002491_left,external relative,front,front,True
FRCLTEXT002491_back,external relative,front,front,True
FRCLTEXT002491_right,external relative,front,front,True
FRCLTEXT002492_front,external intrinsic,front,front,True
FRCLTEXT002492_left,external intrinsic,left,left,True
FRCLTEXT002492_back,external intrinsic,back,back,True
FRCLTEXT002492_right,external intrinsic,right,front,False
FRCLTEXT002493_front,external intrinsic,back,back,True
FRCLTEXT002493_left,external intrinsic,right,right,True
FRCLTEXT002493_back,external intrinsic,front,front,True
FRCLTEXT002493_right,external intrinsic,left,left,True
FRCLTEXT002494_front,external relative,right,right,True
FRCLTEXT002494_left,external relative,right,right,True
FRCLTEXT002494_back,external relative,right,right,True
FRCLTEXT002494_right,external relative,right,right,True
FRCLTEXT002495_front,external intrinsic,right,front,False
FRCLTEXT002495_left,external intrinsic,front,front,True
FRCLTEXT002495_back,external intrinsic,left,front,False
FRCLTEXT002495_right,external intrinsic,back,back,True
FRCLTEXT002496_front,external intrinsic,back,back,True
FRCLTEXT002496_left,external intrinsic,right,right,True
FRCLTEXT002496_back,external intrinsic,front,front,True
FRCLTEXT002496_right,external intrinsic,left,left,True
FRCLTEXT002497_front,external intrinsic,right,right,True
FRCLTEXT002497_left,external intrinsic,front,front,True
FRCLTEXT002497_back,external intrinsic,left,left,True
FRCLTEXT002497_right,external intrinsic,back,back,True
FRCLTEXT002498_front,external intrinsic,front,front,True
FRCLTEXT002498_left,external intrinsic,left,left,True
FRCLTEXT002498_back,external intrinsic,back,back,True
FRCLTEXT002498_right,external intrinsic,right,right,True
FRCLTEXT002499_front,external intrinsic,right,right,True
FRCLTEXT002499_left,external intrinsic,front,front,True
FRCLTEXT002499_back,external intrinsic,left,front,False
FRCLTEXT002499_right,external intrinsic,back,back,True
FRCLTEXT002500,external relative,right,right,True
FRCLTEXT002501_front,external relative,left,left,True
FRCLTEXT002501_left,external relative,left,left,True
FRCLTEXT002501_back,external relative,left,left,True
FRCLTEXT002501_right,external relative,left,left,True
FRCLTEXT002502_front,external intrinsic,left,left,True
FRCLTEXT002502_left,external intrinsic,back,back,True
FRCLTEXT002502_back,external intrinsic,right,right,True
FRCLTEXT002502_right,external intrinsic,front,back,False
FRCLTEXT002503_front,external relative,right,right,True
FRCLTEXT002503_left,external relative,right,front,False
FRCLTEXT002503_back,external relative,right,right,True
FRCLTEXT002503_right,external relative,right,right,True
FRCLTEXT002504_front,internal intrinsic,back,front,False
FRCLTEXT002504_left,internal intrinsic,right,right,True
FRCLTEXT002504_back,internal intrinsic,front,front,True
FRCLTEXT002504_right,internal intrinsic,left,left,True
FRCLTEXT002505_front,internal relative,right,right,True
FRCLTEXT002505_left,internal relative,right,right,True
FRCLTEXT002505_back,internal relative,right,right,True
FRCLTEXT002505_right,internal relative,right,right,True
FRCLTEXT002506_front,internal relative,right,right,True
FRCLTEXT002506_left,internal relative,right,right,True
FRCLTEXT002506_back,internal relative,right,right,True
FRCLTEXT002506_right,internal relative,right,right,True
FRCLTEXT002507_front,internal intrinsic,left,left,True
FRCLTEXT002507_left,internal intrinsic,back,back,True
FRCLTEXT002507_back,internal intrinsic,right,right,True
FRCLTEXT002507_right,internal intrinsic,front,front,True
FRCLTEXT002508_front,external relative,right,right,True
FRCLTEXT002508_left,external relative,right,right,True
FRCLTEXT002508_back,external relative,right,right,True
FRCLTEXT002508_right,external relative,right,right,True
FRCLTEXT002509_front,external intrinsic,left,left,True
FRCLTEXT002509_left,external intrinsic,back,back,True
FRCLTEXT002509_back,external intrinsic,right,right,True
FRCLTEXT002509_right,external intrinsic,front,front,True
FRCLTEXT002510_front,internal relative,right,right,True
FRCLTEXT002510_left,internal relative,right,right,True
FRCLTEXT002510_back,internal relative,right,right,True
FRCLTEXT002510_right,internal relative,right,right,True
FRCLTEXT002511_front,external intrinsic,back,back,True
FRCLTEXT002511_left,external intrinsic,right,right,True
FRCLTEXT002511_back,external intrinsic,front,front,True
FRCLTEXT002511_right,external intrinsic,left,left,True
FRCLTEXT002512,external relative,back,back,True
FRCLTEXT002513_front,external relative,right,right,True
FRCLTEXT002513_left,external relative,right,right,True
FRCLTEXT002513_back,external relative,right,right,True
FRCLTEXT002513_right,external relative,right,right,True
FRCLTEXT002514,external relative,front,front,True
FRCLTEXT002515,external relative,front,front,True
FRCLTEXT002516_front,external intrinsic,front,front,True
FRCLTEXT002516_left,external intrinsic,left,left,True
FRCLTEXT002516_back,external intrinsic,back,back,True
FRCLTEXT002516_right,external intrinsic,right,right,True
FRCLTEXT002517_front,external relative,back,back,True
FRCLTEXT002517_left,external relative,back,back,True
FRCLTEXT002517_back,external relative,back,back,True
FRCLTEXT002517_right,external relative,back,back,True
FRCLTEXT002518_front,external relative,front,front,True
FRCLTEXT002518_left,external relative,front,front,True
FRCLTEXT002518_back,external relative,front,front,True
FRCLTEXT002518_right,external relative,front,right,False
FRCLTEXT002519_front,external intrinsic,right,right,True
FRCLTEXT002519_left,external intrinsic,front,front,True
FRCLTEXT002519_back,external intrinsic,left,left,True
FRCLTEXT002519_right,external intrinsic,back,back,True
FRCLTEXT002520_front,external intrinsic,left,left,True
FRCLTEXT002520_left,external intrinsic,back,back,True
FRCLTEXT002520_back,external intrinsic,right,right,True
FRCLTEXT002520_right,external intrinsic,front,front,True
FRCLTEXT002521_front,external intrinsic,left,left,True
FRCLTEXT002521_left,external intrinsic,back,back,True
FRCLTEXT002521_back,external intrinsic,right,right,True
FRCLTEXT002521_right,external intrinsic,front,front,True
FRCLTEXT002522_front,external relative,back,right,False
FRCLTEXT002522_left,external relative,back,back,True
FRCLTEXT002522_back,external relative,back,back,True
FRCLTEXT002522_right,external relative,back,back,True
FRCLTEXT002523_front,external relative,right,right,True
FRCLTEXT002523_left,external relative,right,right,True
FRCLTEXT002523_back,external relative,right,right,True
FRCLTEXT002523_right,external relative,right,right,True
FRCLTEXT002524_front,external intrinsic,back,back,True
FRCLTEXT002524_left,external intrinsic,right,right,True
FRCLTEXT002524_back,external intrinsic,front,front,True
FRCLTEXT002524_right,external intrinsic,left,left,True
FRCLTEXT002525_front,internal intrinsic,left,left,True
FRCLTEXT002525_left,internal intrinsic,back,back,True
FRCLTEXT002525_back,internal intrinsic,right,right,True
FRCLTEXT002525_right,internal intrinsic,front,front,True
FRCLTEXT002526_front,external relative,left,left,True
FRCLTEXT002526_left,external relative,left,left,True
FRCLTEXT002526_back,external relative,left,left,True
FRCLTEXT002526_right,external relative,left,left,True
FRCLTEXT002527_front,external intrinsic,right,right,True
FRCLTEXT002527_left,external intrinsic,front,front,True
FRCLTEXT002527_back,external intrinsic,left,left,True
FRCLTEXT002527_right,external intrinsic,back,back,True
FRCLTEXT002528_front,external relative,front,front,True
FRCLTEXT002528_left,external relative,front,front,True
FRCLTEXT002528_back,external relative,front,front,True
FRCLTEXT002528_right,external relative,front,front,True
FRCLTEXT002529_front,external relative,front,front,True
FRCLTEXT002529_left,external relative,front,front,True
FRCLTEXT002529_back,external relative,front,front,True
FRCLTEXT002529_right,external relative,front,front,True
FRCLTEXT002530_front,external relative,left,left,True
FRCLTEXT002530_left,external relative,left,left,True
FRCLTEXT002530_back,external relative,left,left,True
FRCLTEXT002530_right,external relative,left,left,True
FRCLTEXT002531,external relative,left,left,True
FRCLTEXT002532,external relative,right,right,True
FRCLTEXT002533_front,internal relative,right,right,True
FRCLTEXT002533_left,internal relative,right,right,True
FRCLTEXT002533_back,internal relative,right,right,True
FRCLTEXT002533_right,internal relative,right,right,True
FRCLTEXT002534_front,external intrinsic,back,back,True
FRCLTEXT002534_left,external intrinsic,right,right,True
FRCLTEXT002534_back,external intrinsic,front,front,True
FRCLTEXT002534_right,external intrinsic,left,left,True
FRCLTEXT002535_front,external relative,left,left,True
FRCLTEXT002535_left,external relative,left,left,True
FRCLTEXT002535_back,external relative,left,left,True
FRCLTEXT002535_right,external relative,left,left,True
FRCLTEXT002536_front,external intrinsic,right,right,True
FRCLTEXT002536_left,external intrinsic,front,front,True
FRCLTEXT002536_back,external intrinsic,left,left,True
FRCLTEXT002536_right,external intrinsic,back,back,True
FRCLTEXT002537_front,external relative,back,back,True
FRCLTEXT002537_left,external relative,back,back,True
FRCLTEXT002537_back,external relative,back,back,True
FRCLTEXT002537_right,external relative,back,back,True
FRCLTEXT002538_front,external intrinsic,left,left,True
FRCLTEXT002538_left,external intrinsic,back,back,True
FRCLTEXT002538_back,external intrinsic,right,right,True
FRCLTEXT002538_right,external intrinsic,front,back,False
FRCLTEXT002539_front,external relative,back,back,True
FRCLTEXT002539_left,external relative,back,back,True
FRCLTEXT002539_back,external relative,back,right,False
FRCLTEXT002539_right,external relative,back,back,True
FRCLTEXT002540,external relative,back,back,True
FRCLTEXT002541_front,external intrinsic,right,right,True
FRCLTEXT002541_left,external intrinsic,front,front,True
FRCLTEXT002541_back,external intrinsic,left,left,True
FRCLTEXT002541_right,external intrinsic,back,back,True
FRCLTEXT002542_front,external intrinsic,right,front,False
FRCLTEXT002542_left,external intrinsic,front,front,True
FRCLTEXT002542_back,external intrinsic,left,left,True
FRCLTEXT002542_right,external intrinsic,back,back,True
FRCLTEXT002543_front,external relative,back,back,True
FRCLTEXT002543_left,external relative,back,back,True
FRCLTEXT002543_back,external relative,back,back,True
FRCLTEXT002543_right,external relative,back,back,True
FRCLTEXT002544_front,external intrinsic,left,left,True
FRCLTEXT002544_left,external intrinsic,back,back,True
FRCLTEXT002544_back,external intrinsic,right,right,True
FRCLTEXT002544_right,external intrinsic,front,front,True
FRCLTEXT002545_front,external intrinsic,right,right,True
FRCLTEXT002545_left,external intrinsic,front,front,True
FRCLTEXT002545_back,external intrinsic,left,left,True
FRCLTEXT002545_right,external intrinsic,back,back,True
FRCLTEXT002546_front,external intrinsic,left,left,True
FRCLTEXT002546_left,external intrinsic,back,back,True
FRCLTEXT002546_back,external intrinsic,right,right,True
FRCLTEXT002546_right,external intrinsic,front,back,False
FRCLTEXT002547_front,internal intrinsic,left,left,True
FRCLTEXT002547_left,internal intrinsic,back,back,True
FRCLTEXT002547_back,internal intrinsic,right,right,True
FRCLTEXT002547_right,internal intrinsic,front,front,True
FRCLTEXT002548_front,external relative,left,left,True
FRCLTEXT002548_left,external relative,left,left,True
FRCLTEXT002548_back,external relative,left,left,True
FRCLTEXT002548_right,external relative,left,left,True
FRCLTEXT002549_front,external intrinsic,back,back,True
FRCLTEXT002549_left,external intrinsic,right,back,False
FRCLTEXT002549_back,external intrinsic,front,front,True
FRCLTEXT002549_right,external intrinsic,left,left,True
FRCLTEXT002550_front,external intrinsic,front,front,True
FRCLTEXT002550_left,external intrinsic,left,left,True
FRCLTEXT002550_back,external intrinsic,back,back,True
FRCLTEXT002550_right,external intrinsic,right,right,True
FRCLTEXT002551_front,external intrinsic,right,right,True
FRCLTEXT002551_left,external intrinsic,front,front,True
FRCLTEXT002551_back,external intrinsic,left,left,True
FRCLTEXT002551_right,external intrinsic,back,back,True
FRCLTEXT002552_front,internal intrinsic,back,back,True
FRCLTEXT002552_left,internal intrinsic,right,right,True
FRCLTEXT002552_back,internal intrinsic,front,front,True
FRCLTEXT002552_right,internal intrinsic,left,left,True
FRCLTEXT002553,internal relative,front,front,True
FRCLTEXT002554,external relative,front,front,True
FRCLTEXT002555_front,internal intrinsic,back,back,True
FRCLTEXT002555_left,internal intrinsic,right,right,True
FRCLTEXT002555_back,internal intrinsic,front,front,True
FRCLTEXT002555_right,internal intrinsic,left,back,False
FRCLTEXT002556,external relative,back,front,False
FRCLTEXT002557_front,external intrinsic,back,back,True
FRCLTEXT002557_left,external intrinsic,right,front,False
FRCLTEXT002557_back,external intrinsic,front,front,True
FRCLTEXT002557_right,external intrinsic,left,left,True
FRCLTEXT002558_front,external intrinsic,right,right,True
FRCLTEXT002558_left,external intrinsic,front,front,True
FRCLTEXT002558_back,external intrinsic,left,left,True
FRCLTEXT002558_right,external intrinsic,back,back,True
FRCLTEXT002559_front,external relative,back,back,True
FRCLTEXT002559_left,external relative,back,back,True
FRCLTEXT002559_back,external relative,back,back,True
FRCLTEXT002559_right,external relative,back,back,True
FRCLTEXT002560_front,external relative,left,left,True
FRCLTEXT002560_left,external relative,left,left,True
FRCLTEXT002560_back,external relative,left,left,True
FRCLTEXT002560_right,external relative,left,left,True
FRCLTEXT002561_front,external intrinsic,front,front,True
FRCLTEXT002561_left,external intrinsic,left,left,True
FRCLTEXT002561_back,external intrinsic,back,back,True
FRCLTEXT002561_right,external intrinsic,right,right,True
FRCLTEXT002562_front,external intrinsic,left,left,True
FRCLTEXT002562_left,external intrinsic,back,back,True
FRCLTEXT002562_back,external intrinsic,right,right,True
FRCLTEXT002562_right,external intrinsic,front,front,True
FRCLTEXT002563_front,external relative,left,left,True
FRCLTEXT002563_left,external relative,left,left,True
FRCLTEXT002563_back,external relative,left,front,False
FRCLTEXT002563_right,external relative,left,left,True
FRCLTEXT002564_front,external intrinsic,left,left,True
FRCLTEXT002564_left,external intrinsic,back,back,True
FRCLTEXT002564_back,external intrinsic,right,right,True
FRCLTEXT002564_right,external intrinsic,front,front,True
FRCLTEXT002565,external relative,right,right,True
FRCLTEXT002566_front,external intrinsic,right,right,True
FRCLTEXT002566_left,external intrinsic,front,front,True
FRCLTEXT002566_back,external intrinsic,left,left,True
FRCLTEXT002566_right,external intrinsic,back,back,True
FRCLTEXT002567,internal relative,left,left,True
FRCLTEXT002568,internal relative,front,front,True
FRCLTEXT002569_front,external relative,left,left,True
FRCLTEXT002569_left,external relative,left,left,True
FRCLTEXT002569_back,external relative,left,right,False
FRCLTEXT002569_right,external relative,left,left,True
FRCLTEXT002570_front,external relative,right,right,True
FRCLTEXT002570_left,external relative,right,right,True
FRCLTEXT002570_back,external relative,right,right,True
FRCLTEXT002570_right,external relative,right,right,True
FRCLTEXT002571_front,internal intrinsic,front,front,True
FRCLTEXT002571_left,internal intrinsic,left,left,True
FRCLTEXT002571_back,internal intrinsic,back,back,True
FRCLTEXT002571_right,internal intrinsic,right,right,True
FRCLTEXT002572_front,external intrinsic,front,front,True
FRCLTEXT002572_left,external intrinsic,left,left,True
FRCLTEXT002572_back,external intrinsic,back,back,True
FRCLTEXT002572_right,external intrinsic,right,right,True
FRCLTEXT002573_front,internal intrinsic,right,right,True
FRCLTEXT002573_left,internal intrinsic,front,front,True
FRCLTEXT002573_back,internal intrinsic,left,left,True
FRCLTEXT002573_right,internal intrinsic,back,back,True
FRCLTEXT002574_front,external relative,left,left,True
FRCLTEXT002574_left,external relative,left,left,True
FRCLTEXT002574_back,external relative,left,left,True
FRCLTEXT002574_right,external relative,left,left,True
FRCLTEXT002575_front,internal relative,back,back,True
FRCLTEXT002575_left,internal relative,back,back,True
FRCLTEXT002575_back,internal relative,back,back,True
FRCLTEXT002575_right,internal relative,back,right,False
FRCLTEXT002576_front,external relative,back,back,True
FRCLTEXT002576_left,external relative,back,back,True
FRCLTEXT002576_back,external relative,back,back,True
FRCLTEXT002576_right,external relative,back,back,True
FRCLTEXT002577_front,external relative,back,back,True
FRCLTEXT002577_left,external relative,back,back,True
FRCLTEXT002577_back,external relative,back,front,False
FRCLTEXT002577_right,external relative,back,back,True
FRCLTEXT002578,external relative,right,right,True
FRCLTEXT002579_front,external relative,left,left,True
FRCLTEXT002579_left,external relative,left,left,True
FRCLTEXT002579_back,external relative,left,left,True
FRCLTEXT002579_right,external relative,left,left,True
FRCLTEXT002580_front,external intrinsic,back,back,True
FRCLTEXT002580_left,external intrinsic,right,right,True
FRCLTEXT002580_back,external intrinsic,front,front,True
FRCLTEXT002580_right,external intrinsic,left,left,True
FRCLTEXT002581_front,external relative,right,front,False
FRCLTEXT002581_left,external relative,right,right,True
FRCLTEXT002581_back,external relative,right,right,True
FRCLTEXT002581_right,external relative,right,right,True
FRCLTEXT002582_front,external intrinsic,left,left,True
FRCLTEXT002582_left,external intrinsic,back,back,True
FRCLTEXT002582_back,external intrinsic,right,right,True
FRCLTEXT002582_right,external intrinsic,front,front,True
FRCLTEXT002583_front,external relative,front,front,True
FRCLTEXT002583_left,external relative,front,front,True
FRCLTEXT002583_back,external relative,front,front,True
FRCLTEXT002583_right,external relative,front,front,True
FRCLTEXT002584_front,external relative,left,left,True
FRCLTEXT002584_left,external relative,left,left,True
FRCLTEXT002584_back,external relative,left,left,True
FRCLTEXT002584_right,external relative,left,left,True
FRCLTEXT002585_front,external relative,right,right,True
FRCLTEXT002585_left,external relative,right,right,True
FRCLTEXT002585_back,external relative,right,right,True
FRCLTEXT002585_right,external relative,right,right,True
FRCLTEXT002586,external relative,left,left,True
FRCLTEXT002587_front,external intrinsic,front,front,True
FRCLTEXT002587_left,external intrinsic,left,back,False
FRCLTEXT002587_back,external intrinsic,back,back,True
FRCLTEXT002587_right,external intrinsic,right,right,True
FRCLTEXT002588_front,external relative,right,right,True
FRCLTEXT002588_left,external relative,right,right,True
FRCLTEXT002588_back,external relative,right,right,True
FRCLTEXT002588_right,external relative,right,right,True
FRCLTEXT002589_front,external relative,front,front,True
FRCLTEXT002589_left,external relative,front,front,True
FRCLTEXT002589_back,external relative,front,front,True
FRCLTEXT002589_right,external relative,front,front,True
FRCLTEXT002590_front,external relative,left,left,True
FRCLTEXT002590_left,external relative,left,left,True
FRCLTEXT002590_back,external relative,left,right,False
FRCLTEXT002590_right,external relative,left,left,True
FRCLTEXT002591_front,external intrinsic,back,front,False
FRCLTEXT002591_left,external intrinsic,right,right,True
FRCLTEXT002591_back,external intrinsic,front,front,True
FRCLTEXT002591_right,external intrinsic,left,left,True
FRCLTEXT002592_front,external intrinsic,front,front,True
FRCLTEXT002592_left,external intrinsic,left,back,False
FRCLTEXT002592_back,external intrinsic,back,back,True
FRCLTEXT002592_right,external intrinsic,right,right,True
FRCLTEXT002593_front,external relative,right,right,True
FRCLTEXT002593_left,external relative,right,right,True
FRCLTEXT002593_back,external relative,right,right,True
FRCLTEXT002593_right,external relative,right,right,True
FRCLTEXT002594,external relative,left,left,True
FRCLTEXT002595,internal relative,back,back,True
FRCLTEXT002596,external relative,front,front,True
FRCLTEXT002597_front,external intrinsic,back,back,True
FRCLTEXT002597_left,external intrinsic,right,right,True
FRCLTEXT002597_back,external intrinsic,front,front,True
FRCLTEXT002597_right,external intrinsic,left,left,True
FRCLTEXT002598_front,external intrinsic,back,back,True
FRCLTEXT002598_left,external intrinsic,right,right,True
FRCLTEXT002598_back,external intrinsic,front,front,True
FRCLTEXT002598_right,external intrinsic,left,left,True
FRCLTEXT002599_front,internal relative,front,front,True
FRCLTEXT002599_left,internal relative,front,front,True
FRCLTEXT002599_back,internal relative,front,right,False
FRCLTEXT002599_right,internal relative,front,front,True
FRCLTEXT002600_front,external relative,back,back,True
FRCLTEXT002600_left,external relative,back,back,True
FRCLTEXT002600_back,external relative,back,back,True
FRCLTEXT002600_right,external relative,back,right,False
FRCLTEXT002601_front,internal intrinsic,right,right,True
FRCLTEXT002601_left,internal intrinsic,front,front,True
FRCLTEXT002601_back,internal intrinsic,left,left,True
FRCLTEXT002601_right,internal intrinsic,back,back,True
FRCLTEXT002602_front,internal intrinsic,front,front,True
FRCLTEXT002602_left,internal intrinsic,left,left,True
FRCLTEXT002602_back,internal intrinsic,back,back,True
FRCLTEXT002602_right,internal intrinsic,right,back,False
FRCLTEXT002603,external relative,left,left,True
FRCLTEXT002604_front,external relative,back,back,True
FRCLTEXT002604_left,external relative,back,back,True
FRCLTEXT002604_back,external relative,back,back,True
FRCLTEXT002604_right,external relative,back,right,False
FRCLTEXT002605_front,external intrinsic,front,front,True
FRCLTEXT002605_left,external intrinsic,left,left,True
FRCLTEXT002605_back,external intrinsic,back,back,True
FRCLTEXT002605_right,external intrinsic,right,right,True
FRCLTEXT002606_front,external intrinsic,front,front,True
FRCLTEXT002606_left,external intrinsic,left,left,True
FRCLTEXT002606_back,external intrinsic,back,back,True
FRCLTEXT002606_right,external intrinsic,right,right,True
FRCLTEXT002607_front,external relative,back,back,True
FRCLTEXT002607_left,external relative,back,back,True
FRCLTEXT002607_back,external relative,back,back,True
FRCLTEXT002607_right,external relative,back,back,True
FRCLTEXT002608_front,external intrinsic,right,right,True
FRCLTEXT002608_left,external intrinsic,front,front,True
FRCLTEXT002608_back,external intrinsic,left,left,True
FRCLTEXT002608_right,external intrinsic,back,back,True
FRCLTEXT002609_front,external intrinsic,right,right,True
FRCLTEXT002609_left,external intrinsic,front,front,True
FRCLTEXT002609_back,external intrinsic,left,back,False
FRCLTEXT002609_right,external intrinsic,back,back,True
FRCLTEXT002610,external relative,front,front,True
FRCLTEXT002611,external relative,left,left,True
FRCLTEXT002612_front,external relative,back,back,True
FRCLTEXT002612_left,external relative,back,right,False
FRCLTEXT002612_back,external relative,back,back,True
FRCLTEXT002612_right,external relative,back,back,True
FRCLTEXT002613_front,external relative,front,front,True
FRCLTEXT002613_left,external relative,front,front,True
FRCLTEXT002613_back,external relative,front,front,True
FRCLTEXT002613_right,external relative,front,front,True
FRCLTEXT002614_front,internal relative,left,right,False
FRCLTEXT002614_left,internal relative,left,left,True
FRCLTEXT002614_back,internal relative,left,left,True
FRCLTEXT002614_right,internal relative,left,left,True
FRCLTEXT002615_front,external relative,front,front,True
FRCLTEXT002615_left,external relative,front,front,True
FRCLTEXT002615_back,external relative,front,front,True
FRCLTEXT002615_right,external relative,front,right,False
FRCLTEXT002616_front,external relative,right,right,True
FRCLTEXT002616_left,external relative,right,right,True
FRCLTEXT002616_back,external relative,right,right,True
FRCLTEXT002616_right,external relative,right,right,True
FRCLTEXT002617,external relative,left,left,True
FRCLTEXT002618_front,external intrinsic,left,left,True
FRCLTEXT002618_left,external intrinsic,back,back,True
FRCLTEXT002618_back,external intrinsic,right,right,True
FRCLTEXT002618_right,external intrinsic,front,front,True
FRCLTEXT002619_front,internal relative,front,front,True
FRCLTEXT002619_left,internal relative,front,front,True
FRCLTEXT002619_back,internal relative,front,front,True
FRCLTEXT002619_right,internal relative,front,right,False
FRCLTEXT002620,external relative,front,front,True
FRCLTEXT002621,internal relative,front,front,True
FRCLTEXT002622_front,external intrinsic,back,back,True
FRCLTEXT002622_left,external intrinsic,right,right,True
FRCLTEXT002622_back,external intrinsic,front,front,True
FRCLTEXT002622_right,external intrinsic,left,left,True
FRCLTEXT002623_front,external relative,back,back,True
FRCLTEXT002623_left,external relative,back,back,True
FRCLTEXT002623_back,external relative,back,back,True
FRCLTEXT002623_right,external relative,back,back,True
FRCLTEXT002624_front,external intrinsic,right,right,True
FRCLTEXT002624_left,external intrinsic,front,front,True
FRCLTEXT002624_back,external intrinsic,left,left,True
FRCLTEXT002624_right,external intrinsic,back,back,True
FRCLTEXT002625_front,external relative,left,left,True
FRCLTEXT002625_left,external relative,left,left,True
FRCLTEXT002625_back,external relative,left,left,True
FRCLTEXT002625_right,external relative,left,left,True
FRCLTEXT002626,external relative,front,front,True
FRCLTEXT002627_front,external relative,right,right,True
FRCLTEXT002627_left,external relative,right,right,True
FRCLTEXT002627_back,external relative,right,right,True
FRCLTEXT002627_right,external relative,right,right,True
FRCLTEXT002628_front,internal intrinsic,front,front,True
FRCLTEXT002628_left,internal intrinsic,left,left,True
FRCLTEXT002628_back,internal intrinsic,back,back,True
FRCLTEXT002628_right,internal intrinsic,right,right,True
FRCLTEXT002629_front,external intrinsic,left,left,True
FRCLTEXT002629_left,external intrinsic,back,back,True
FRCLTEXT002629_back,external intrinsic,right,right,True
FRCLTEXT002629_right,external intrinsic,front,front,True
FRCLTEXT002630,external relative,right,right,True
FRCLTEXT002631_front,external relative,front,front,True
FRCLTEXT002631_left,external relative,front,front,True
FRCLTEXT002631_back,external relative,front,front,True
FRCLTEXT002631_right,external relative,front,front,True
FRCLTEXT002632_front,external intrinsic,right,right,True
FRCLTEXT002632_left,external intrinsic,front,front,True
FRCLTEXT002632_back,external intrinsic,left,front,False
FRCLTEXT002632_right,external intrinsic,back,back,True
FRCLTEXT002633_front,external relative,left,left,True
FRCLTEXT002633_left,external relative,left,left,True
FRCLTEXT002633_back,external relative,left,left,True
FRCLTEXT002633_right,external relative,left,left,True
FRCLTEXT002634_front,external relative,right,right,True
FRCLTEXT002634_left,external relative,right,right,True
FRCLTEXT002634_back,external relative,right,right,True
FRCLTEXT002634_right,external relative,right,right,True
FRCLTEXT002635_front,external relative,left,left,True
FRCLTEXT002635_left,external relative,left,left,True
FRCLTEXT002635_back,external relative,left,right,False
FRCLTEXT002635_right,external relative,left,left,True
FRCLTEXT002636_front,external relative,back,back,True
FRCLTEXT002636_left,external relative,back,back,True
FRCLTEXT002636_back,external relative,back,right,False
FRCLTEXT002636_right,external relative,back,back,True
FRCLTEXT002637,external relative,left,left,True
FRCLTEXT002638_front,external relative,right,right,True
FRCLTEXT002638_left,external relative,right,right,True
FRCLTEXT002638_back,external relative,right,right,True
FRCLTEXT002638_right,external relative,right,right,True
FRCLTEXT002639_front,external intrinsic,front,front,True
FRCLTEXT002639_left,external intrinsic,left,left,True
FRCLTEXT002639_back,external intrinsic,back,back,True
FRCLTEXT002639_right,external intrinsic,right,right,True
FRCLTEXT002640_front,external relative,left,left,True
FRCLTEXT002640_left,external relative,left,left,True
FRCLTEXT002640_back,external relative,left,right,False
FRCLTEXT002640_right,external relative,left,left,True
FRCLTEXT002641_front,external intrinsic,right,front,False
FRCLTEXT002641_left,external intrinsic,front,front,True
FRCLTEXT002641_back,external intrinsic,left,left,True
FRCLTEXT002641_right,external intrinsic,back,back,True
FRCLTEXT002642_front,external relative,right,right,True
FRCLTEXT002642_left,external relative,right,right,True
FRCLTEXT002642_back,external relative,right,right,True
FRCLTEXT002642_right,external relative,right,right,True
FRCLTEXT002643_front,external relative,left,left,True
FRCLTEXT002643_left,external relative,left,left,True
FRCLTEXT002643_back,external relative,left,left,True
FRCLTEXT002643_right,external relative,left,front,False
FRCLTEXT002644,internal relative,right,right,True
FRCLTEXT002645_front,internal relative,right,right,True
FRCLTEXT002645_left,internal relative,right,right,True
FRCLTEXT002645_back,internal relative,right,right,True
FRCLTEXT002645_right,internal relative,right,right,True
FRCLTEXT002646_front,external relative,left,left,True
FRCLTEXT002646_left,external relative,left,left,True
FRCLTEXT002646_back,external relative,left,left,True
FRCLTEXT002646_right,external relative,left,left,True
FRCLTEXT002647_front,external relative,right,right,True
FRCLTEXT002647_left,external relative,right,right,True
FRCLTEXT002647_back,external relative,right,right,True
FRCLTEXT002647_right,external relative,right,right,True
FRCLTEXT002648_front,external intrinsic,back,back,True
FRCLTEXT002648_left,external intrinsic,right,right,True
FRCLTEXT002648_back,external intrinsic,front,front,True
FRCLTEXT002648_right,external intrinsic,left,left,True
FRCLTEXT002649_front,external relative,front,front,True
FRCLTEXT002649_left,external relative,front,front,True
FRCLTEXT002649_back,external relative,front,front,True
FRCLTEXT002649_right,external relative,front,front,True
FRCLTEXT002650_front,external relative,front,front,True
FRCLTEXT002650_left,external relative,front,front,True
FRCLTEXT002650_back,external relative,front,front,True
FRCLTEXT002650_right,external relative,front,front,True
FRCLTEXT002651_front,external intrinsic,left,left,True
FRCLTEXT002651_left,external intrinsic,back,back,True
FRCLTEXT002651_back,external intrinsic,right,back,False
FRCLTEXT002651_right,external intrinsic,front,front,True
FRCLTEXT002652,external relative,left,left,True
FRCLTEXT002653,external relative,back,back,True
FRCLTEXT002654_front,external relative,right,right,True
FRCLTEXT002654_left,external relative,right,right,True
FRCLTEXT002654_back,external relative,right,right,True
FRCLTEXT002654_right,external relative,right,right,True
FRCLTEXT002655_front,external relative,left,left,True
FRCLTEXT002655_left,external relative,left,left,True
FRCLTEXT002655_back,external relative,left,left,True
FRCLTEXT002655_right,external relative,left,left,True
FRCLTEXT002656,external relative,front,front,True
FRCLTEXT002657_front,external intrinsic,back,front,False
FRCLTEXT002657_left,external intrinsic,right,right,True
FRCLTEXT002657_back,external intrinsic,front,front,True
FRCLTEXT002657_right,external intrinsic,left,left,True
FRCLTEXT002658_front,external relative,front,front,True
FRCLTEXT002658_left,external relative,front,front,True
FRCLTEXT002658_back,external relative,front,front,True
FRCLTEXT002658_right,external relative,front,front,True
FRCLTEXT002659_front,internal relative,back,front,False
FRCLTEXT002659_left,internal relative,back,back,True
FRCLTEXT002659_back,internal relative,back,back,True
FRCLTEXT002659_right,internal relative,back,back,True
FRCLTEXT002660,internal relative,back,back,True
FRCLTEXT002661_front,external intrinsic,back,back,True
FRCLTEXT002661_left,external intrinsic,right,right,True
FRCLTEXT002661_back,external intrinsic,front,front,True
FRCLTEXT002661_right,external intrinsic,left,left,True
FRCLTEXT002662_front,external relative,right,right,True
FRCLTEXT002662_left,external relative,right,right,True
FRCLTEXT002662_back,external relative,right,right,True
FRCLTEXT002662_right,external relative,right,right,True
FRCLTEXT002663_front,internal relative,left,left,True
FRCLTEXT002663_left,internal relative,left,left,True
FRCLTEXT002663_back,internal relative,left,left,True
FRCLTEXT002663_right,internal relative,left,front,False
FRCLTEXT002664_front,external intrinsic,left,back,False
FRCLTEXT002664_left,external intrinsic,back,back,True
FRCLTEXT002664_back,external intrinsic,right,right,True
FRCLTEXT002664_right,external intrinsic,front,front,True
FRCLTEXT002665,external relative,left,left,True
FRCLTEXT002666_front,external relative,left,left,True
FRCLTEXT002666_left,external relative,left,left,True
FRCLTEXT002666_back,external relative,left,left,True
FRCLTEXT002666_right,external relative,left,left,True
FRCLTEXT002667_front,external intrinsic,front,back,False
FRCLTEXT002667_left,external intrinsic,left,left,True
FRCLTEXT002667_back,external intrinsic,back,back,True
FRCLTEXT002667_right,external intrinsic,right,right,True
FRCLTEXT002668,external relative,right,right,True
FRCLTEXT002669_front,external intrinsic,right,right,True
FRCLTEXT002669_left,external intrinsic,front,front,True
FRCLTEXT002669_back,external intrinsic,left,left,True
FRCLTEXT002669_right,external intrinsic,back,back,True
FRCLTEXT002670_front,external intrinsic,right,right,True
FRCLTEXT002670_left,external intrinsic,front,front,True
FRCLTEXT002670_back,external intrinsic,left,left,True
FRCLTEXT002670_right,external intrinsic,back,back,True
FRCLTEXT002671_front,external intrinsic,back,back,True
FRCLTEXT002671_left,external intrinsic,right,right,True
FRCLTEXT002671_back,external intrinsic,front,front,True
FRCLTEXT002671_right,external intrinsic,left,left,True
FRCLTEXT002672_front,internal relative,right,right,True
FRCLTEXT002672_left,internal relative,right,right,True
FRCLTEXT002672_back,internal relative,right,front,False
FRCLTEXT002672_right,internal relative,right,front,False
FRCLTEXT002673,external relative,right,right,True
FRCLTEXT002674_front,external intrinsic,left,left,True
FRCLTEXT002674_left,external intrinsic,back,back,True
FRCLTEXT002674_back,external intrinsic,right,right,True
FRCLTEXT002674_right,external intrinsic,front,front,True
FRCLTEXT002675,external relative,back,back,True
FRCLTEXT002676_front,internal intrinsic,front,front,True
FRCLTEXT002676_left,internal intrinsic,left,left,True
FRCLTEXT002676_back,internal intrinsic,back,front,False
FRCLTEXT002676_right,internal intrinsic,right,back,False
FRCLTEXT002677_front,internal relative,right,right,True
FRCLTEXT002677_left,internal relative,right,right,True
FRCLTEXT002677_back,internal relative,right,right,True
FRCLTEXT002677_right,internal relative,right,right,True
FRCLTEXT002678_front,internal relative,front,front,True
FRCLTEXT002678_left,internal relative,front,front,True
FRCLTEXT002678_back,internal relative,front,front,True
FRCLTEXT002678_right,internal relative,front,front,True
FRCLTEXT002679,external relative,back,back,True
FRCLTEXT002680_front,internal intrinsic,front,back,False
FRCLTEXT002680_left,internal intrinsic,left,left,True
FRCLTEXT002680_back,internal intrinsic,back,back,True
FRCLTEXT002680_right,internal intrinsic,right,right,True
FRCLTEXT002681,external relative,right,right,True
FRCLTEXT002682_front,external intrinsic,front,front,True
FRCLTEXT002682_left,external intrinsic,left,left,True
FRCLTEXT002682_back,external intrinsic,back,front,False
FRCLTEXT002682_right,external intrinsic,right,right,True
FRCLTEXT002683_front,external relative,right,right,True
FRCLTEXT002683_left,external relative,right,right,True
FRCLTEXT002683_back,external relative,right,right,True
FRCLTEXT002683_right,external relative,right,right,True
FRCLTEXT002684_front,external intrinsic,right,right,True
FRCLTEXT002684_left,external intrinsic,front,front,True
FRCLTEXT002684_back,external intrinsic,left,left,True
FRCLTEXT002684_right,external intrinsic,back,back,True
FRCLTEXT002685_front,external intrinsic,front,front,True
FRCLTEXT002685_left,external intrinsic,left,left,True
FRCLTEXT002685_back,external intrinsic,back,back,True
FRCLTEXT002685_right,external intrinsic,right,right,True
FRCLTEXT002686_front,external relative,front,front,True
FRCLTEXT002686_left,external relative,front,front,True
FRCLTEXT002686_back,external relative,front,front,True
FRCLTEXT002686_right,external relative,front,front,True
FRCLTEXT002687_front,external relative,right,right,True
FRCLTEXT002687_left,external relative,right,right,True
FRCLTEXT002687_back,external relative,right,right,True
FRCLTEXT002687_right,external relative,right,right,True
FRCLTEXT002688,external relative,front,front,True
FRCLTEXT002689,external relative,left,left,True
FRCLTEXT002690_front,external relative,right,right,True
FRCLTEXT002690_left,external relative,right,right,True
FRCLTEXT002690_back,external relative,right,right,True
FRCLTEXT002690_right,external relative,right,right,True
FRCLTEXT002691_front,external relative,front,front,True
FRCLTEXT002691_left,external relative,front,front,True
FRCLTEXT002691_back,external relative,front,front,True
FRCLTEXT002691_right,external relative,front,front,True
FRCLTEXT002692_front,external relative,right,right,True
FRCLTEXT002692_left,external relative,right,right,True
FRCLTEXT002692_back,external relative,right,right,True
FRCLTEXT002692_right,external relative,right,right,True
FRCLTEXT002693_front,external relative,left,left,True
FRCLTEXT002693_left,external relative,left,left,True
FRCLTEXT002693_back,external relative,left,left,True
FRCLTEXT002693_right,external relative,left,left,True
FRCLTEXT002694_front,external relative,back,back,True
FRCLTEXT002694_left,external relative,back,back,True
FRCLTEXT002694_back,external relative,back,back,True
FRCLTEXT002694_right,external relative,back,back,True
FRCLTEXT002695_front,external intrinsic,right,right,True
FRCLTEXT002695_left,external intrinsic,front,front,True
FRCLTEXT002695_back,external intrinsic,left,left,True
FRCLTEXT002695_right,external intrinsic,back,back,True
FRCLTEXT002696_front,external relative,right,right,True
FRCLTEXT002696_left,external relative,right,right,True
FRCLTEXT002696_back,external relative,right,right,True
FRCLTEXT002696_right,external relative,right,right,True
FRCLTEXT002697_front,internal intrinsic,back,back,True
FRCLTEXT002697_left,internal intrinsic,right,right,True
FRCLTEXT002697_back,internal intrinsic,front,front,True
FRCLTEXT002697_right,internal intrinsic,left,left,True
FRCLTEXT002698_front,internal intrinsic,back,back,True
FRCLTEXT002698_left,internal intrinsic,right,right,True
FRCLTEXT002698_back,internal intrinsic,front,front,True
FRCLTEXT002698_right,internal intrinsic,left,left,True
FRCLTEXT002699_front,internal intrinsic,right,right,True
FRCLTEXT002699_left,internal intrinsic,front,front,True
FRCLTEXT002699_back,internal intrinsic,left,left,True
FRCLTEXT002699_right,internal intrinsic,back,back,True
FRCLTEXT002700_front,external relative,back,back,True
FRCLTEXT002700_left,external relative,back,back,True
FRCLTEXT002700_back,external relative,back,back,True
FRCLTEXT002700_right,external relative,back,front,False
FRCLTEXT002701_front,internal intrinsic,front,front,True
FRCLTEXT002701_left,internal intrinsic,left,left,True
FRCLTEXT002701_back,internal intrinsic,back,back,True
FRCLTEXT002701_right,internal intrinsic,right,right,True
FRCLTEXT002702,external relative,front,front,True
FRCLTEXT002703,external relative,back,back,True
FRCLTEXT002704_front,internal relative,back,back,True
FRCLTEXT002704_left,internal relative,back,back,True
FRCLTEXT002704_back,internal relative,back,back,True
FRCLTEXT002704_right,internal relative,back,back,True
FRCLTEXT002705,internal relative,right,right,True
FRCLTEXT002706_front,external relative,front,front,True
FRCLTEXT002706_left,external relative,front,front,True
FRCLTEXT002706_back,external relative,front,front,True
FRCLTEXT002706_right,external relative,front,front,True
FRCLTEXT002707_front,internal intrinsic,right,right,True
FRCLTEXT002707_left,internal intrinsic,front,front,True
FRCLTEXT002707_back,internal intrinsic,left,left,True
FRCLTEXT002707_right,internal intrinsic,back,back,True
FRCLTEXT002708_front,internal relative,left,left,True
FRCLTEXT002708_left,internal relative,left,left,True
FRCLTEXT002708_back,internal relative,left,left,True
FRCLTEXT002708_right,internal relative,left,left,True
FRCLTEXT002709_front,external intrinsic,right,right,True
FRCLTEXT002709_left,external intrinsic,front,front,True
FRCLTEXT002709_back,external intrinsic,left,left,True
FRCLTEXT002709_right,external intrinsic,back,back,True
FRCLTEXT002710,external relative,front,front,True
FRCLTEXT002711_front,external relative,back,back,True
FRCLTEXT002711_left,external relative,back,back,True
FRCLTEXT002711_back,external relative,back,back,True
FRCLTEXT002711_right,external relative,back,back,True
FRCLTEXT002712_front,external intrinsic,left,left,True
FRCLTEXT002712_left,external intrinsic,back,back,True
FRCLTEXT002712_back,external intrinsic,right,right,True
FRCLTEXT002712_right,external intrinsic,front,front,True
FRCLTEXT002713,internal relative,right,right,True
FRCLTEXT002714_front,external intrinsic,front,front,True
FRCLTEXT002714_left,external intrinsic,left,left,True
FRCLTEXT002714_back,external intrinsic,back,back,True
FRCLTEXT002714_right,external intrinsic,right,right,True
FRCLTEXT002715_front,external relative,front,front,True
FRCLTEXT002715_left,external relative,front,front,True
FRCLTEXT002715_back,external relative,front,front,True
FRCLTEXT002715_right,external relative,front,front,True
FRCLTEXT002716,external relative,front,front,True
FRCLTEXT002717_front,external relative,right,right,True
FRCLTEXT002717_left,external relative,right,right,True
FRCLTEXT002717_back,external relative,right,right,True
FRCLTEXT002717_right,external relative,right,right,True
FRCLTEXT002718_front,internal relative,right,right,True
FRCLTEXT002718_left,internal relative,right,right,True
FRCLTEXT002718_back,internal relative,right,right,True
FRCLTEXT002718_right,internal relative,right,right,True
FRCLTEXT002719,internal relative,left,left,True
FRCLTEXT002720_front,external intrinsic,back,front,False
FRCLTEXT002720_left,external intrinsic,right,right,True
FRCLTEXT002720_back,external intrinsic,front,front,True
FRCLTEXT002720_right,external intrinsic,left,left,True
FRCLTEXT002721_front,external relative,front,front,True
FRCLTEXT002721_left,external relative,front,front,True
FRCLTEXT002721_back,external relative,front,front,True
FRCLTEXT002721_right,external relative,front,front,True
FRCLTEXT002722,internal relative,back,back,True
FRCLTEXT002723_front,internal relative,left,left,True
FRCLTEXT002723_left,internal relative,left,left,True
FRCLTEXT002723_back,internal relative,left,left,True
FRCLTEXT002723_right,internal relative,left,left,True
FRCLTEXT002724,external relative,right,right,True
FRCLTEXT002725_front,external relative,back,back,True
FRCLTEXT002725_left,external relative,back,back,True
FRCLTEXT002725_back,external relative,back,right,False
FRCLTEXT002725_right,external relative,back,back,True
FRCLTEXT002726_front,external intrinsic,back,back,True
FRCLTEXT002726_left,external intrinsic,right,right,True
FRCLTEXT002726_back,external intrinsic,front,front,True
FRCLTEXT002726_right,external intrinsic,left,left,True
FRCLTEXT002727,external relative,left,left,True
FRCLTEXT002728_front,external intrinsic,front,front,True
FRCLTEXT002728_left,external intrinsic,left,left,True
FRCLTEXT002728_back,external intrinsic,back,back,True
FRCLTEXT002728_right,external intrinsic,right,right,True
FRCLTEXT002729_front,external relative,back,back,True
FRCLTEXT002729_left,external relative,back,back,True
FRCLTEXT002729_back,external relative,back,back,True
FRCLTEXT002729_right,external relative,back,right,False
FRCLTEXT002730_front,external relative,front,front,True
FRCLTEXT002730_left,external relative,front,front,True
FRCLTEXT002730_back,external relative,front,front,True
FRCLTEXT002730_right,external relative,front,front,True
FRCLTEXT002731_front,external intrinsic,right,right,True
FRCLTEXT002731_left,external intrinsic,front,front,True
FRCLTEXT002731_back,external intrinsic,left,left,True
FRCLTEXT002731_right,external intrinsic,back,back,True
FRCLTEXT002732_front,external intrinsic,front,front,True
FRCLTEXT002732_left,external intrinsic,left,left,True
FRCLTEXT002732_back,external intrinsic,back,back,True
FRCLTEXT002732_right,external intrinsic,right,front,False
FRCLTEXT002733_front,external relative,left,left,True
FRCLTEXT002733_left,external relative,left,left,True
FRCLTEXT002733_back,external relative,left,left,True
FRCLTEXT002733_right,external relative,left,left,True
FRCLTEXT002734_front,external intrinsic,left,left,True
FRCLTEXT002734_left,external intrinsic,back,back,True
FRCLTEXT002734_back,external intrinsic,right,right,True
FRCLTEXT002734_right,external intrinsic,front,front,True
FRCLTEXT002735_front,external relative,left,front,False
FRCLTEXT002735_left,external relative,left,left,True
FRCLTEXT002735_back,external relative,left,left,True
FRCLTEXT002735_right,external relative,left,left,True
FRCLTEXT002736_front,internal intrinsic,left,left,True
FRCLTEXT002736_left,internal intrinsic,back,back,True
FRCLTEXT002736_back,internal intrinsic,right,right,True
FRCLTEXT002736_right,internal intrinsic,front,front,True
FRCLTEXT002737_front,external intrinsic,back,back,True
FRCLTEXT002737_left,external intrinsic,right,right,True
FRCLTEXT002737_back,external intrinsic,front,front,True
FRCLTEXT002737_right,external intrinsic,left,left,True
FRCLTEXT002738,external relative,front,front,True
FRCLTEXT002739_front,external intrinsic,right,front,False
FRCLTEXT002739_left,external intrinsic,front,front,True
FRCLTEXT002739_back,external intrinsic,left,left,True
FRCLTEXT002739_right,external intrinsic,back,back,True
FRCLTEXT002740_front,external relative,right,right,True
FRCLTEXT002740_left,external relative,right,right,True
FRCLTEXT002740_back,external relative,right,right,True
FRCLTEXT002740_right,external relative,right,right,True
FRCLTEXT002741,external relative,right,right,True
FRCLTEXT002742_front,external relative,right,right,True
FRCLTEXT002742_left,external relative,right,right,True
FRCLTEXT002742_back,external relative,right,right,True
FRCLTEXT002742_right,external relative,right,right,True
FRCLTEXT002743_front,external intrinsic,front,front,True
FRCLTEXT002743_left,external intrinsic,left,left,True
FRCLTEXT002743_back,external intrinsic,back,back,True
FRCLTEXT002743_right,external intrinsic,right,right,True
FRCLTEXT002744_front,external intrinsic,right,right,True
FRCLTEXT002744_left,external intrinsic,front,front,True
FRCLTEXT002744_back,external intrinsic,left,left,True
FRCLTEXT002744_right,external intrinsic,back,back,True
FRCLTEXT002745,external relative,right,right,True
FRCLTEXT002746_front,internal intrinsic,right,right,True
FRCLTEXT002746_left,internal intrinsic,front,back,False
FRCLTEXT002746_back,internal intrinsic,left,left,True
FRCLTEXT002746_right,internal intrinsic,back,back,True
FRCLTEXT002747,external relative,back,back,True
FRCLTEXT002748_front,internal relative,right,right,True
FRCLTEXT002748_left,internal relative,right,right,True
FRCLTEXT002748_back,internal relative,right,right,True
FRCLTEXT002748_right,internal relative,right,right,True
FRCLTEXT002749,external relative,front,front,True
FRCLTEXT002750,external relative,right,right,True
FRCLTEXT002751_front,external relative,left,left,True
FRCLTEXT002751_left,external relative,left,left,True
FRCLTEXT002751_back,external relative,left,left,True
FRCLTEXT002751_right,external relative,left,left,True
FRCLTEXT002752,external relative,back,back,True
FRCLTEXT002753_front,external relative,back,back,True
FRCLTEXT002753_left,external relative,back,front,False
FRCLTEXT002753_back,external relative,back,back,True
FRCLTEXT002753_right,external relative,back,back,True
FRCLTEXT002754_front,external intrinsic,back,front,False
FRCLTEXT002754_left,external intrinsic,right,right,True
FRCLTEXT002754_back,external intrinsic,front,front,True
FRCLTEXT002754_right,external intrinsic,left,left,True
FRCLTEXT002755_front,external intrinsic,left,left,True
FRCLTEXT002755_left,external intrinsic,back,back,True
FRCLTEXT002755_back,external intrinsic,right,right,True
FRCLTEXT002755_right,external intrinsic,front,front,True
FRCLTEXT002756_front,external relative,left,left,True
FRCLTEXT002756_left,external relative,left,left,True
FRCLTEXT002756_back,external relative,left,left,True
FRCLTEXT002756_right,external relative,left,left,True
FRCLTEXT002757_front,external intrinsic,right,right,True
FRCLTEXT002757_left,external intrinsic,front,front,True
FRCLTEXT002757_back,external intrinsic,left,left,True
FRCLTEXT002757_right,external intrinsic,back,back,True
FRCLTEXT002758_front,internal relative,front,front,True
FRCLTEXT002758_left,internal relative,front,front,True
FRCLTEXT002758_back,internal relative,front,front,True
FRCLTEXT002758_right,internal relative,front,front,True
FRCLTEXT002759_front,external intrinsic,back,front,False
FRCLTEXT002759_left,external intrinsic,right,right,True
FRCLTEXT002759_back,external intrinsic,front,front,True
FRCLTEXT002759_right,external intrinsic,left,left,True
FRCLTEXT002760_front,external relative,left,left,True
FRCLTEXT002760_left,external relative,left,left,True
FRCLTEXT002760_back,external relative,left,left,True
FRCLTEXT002760_right,external relative,left,left,True
FRCLTEXT002761_front,external intrinsic,right,right,True
FRCLTEXT002761_left,external intrinsic,front,front,True
FRCLTEXT002761_back,external intrinsic,left,left,True
FRCLTEXT002761_right,external intrinsic,back,back,True
FRCLTEXT002762,external relative,front,front,True
FRCLTEXT002763_front,external intrinsic,back,front,False
FRCLTEXT002763_left,external intrinsic,right,right,True
FRCLTEXT002763_back,external intrinsic,front,front,True
FRCLTEXT002763_right,external intrinsic,left,left,True
FRCLTEXT002764,external relative,right,right,True
FRCLTEXT002765_front,external relative,left,left,True
FRCLTEXT002765_left,external relative,left,left,True
FRCLTEXT002765_back,external relative,left,left,True
FRCLTEXT002765_right,external relative,left,left,True
FRCLTEXT002766_front,external intrinsic,front,front,True
FRCLTEXT002766_left,external intrinsic,left,left,True
FRCLTEXT002766_back,external intrinsic,back,back,True
FRCLTEXT002766_right,external intrinsic,right,right,True
FRCLTEXT002767_front,internal intrinsic,right,right,True
FRCLTEXT002767_left,internal intrinsic,front,front,True
FRCLTEXT002767_back,internal intrinsic,left,back,False
FRCLTEXT002767_right,internal intrinsic,back,back,True
FRCLTEXT002768_front,external intrinsic,left,left,True
FRCLTEXT002768_left,external intrinsic,back,back,True
FRCLTEXT002768_back,external intrinsic,right,right,True
FRCLTEXT002768_right,external intrinsic,front,front,True
FRCLTEXT002769,external relative,front,front,True
FRCLTEXT002770_front,external intrinsic,back,back,True
FRCLTEXT002770_left,external intrinsic,right,right,True
FRCLTEXT002770_back,external intrinsic,front,front,True
FRCLTEXT002770_right,external intrinsic,left,left,True
FRCLTEXT002771_front,external intrinsic,right,right,True
FRCLTEXT002771_left,external intrinsic,front,front,True
FRCLTEXT002771_back,external intrinsic,left,left,True
FRCLTEXT002771_right,external intrinsic,back,back,True
FRCLTEXT002772_front,external intrinsic,left,left,True
FRCLTEXT002772_left,external intrinsic,back,back,True
FRCLTEXT002772_back,external intrinsic,right,right,True
FRCLTEXT002772_right,external intrinsic,front,front,True
FRCLTEXT002773,external relative,front,front,True
FRCLTEXT002774_front,internal intrinsic,front,front,True
FRCLTEXT002774_left,internal intrinsic,left,back,False
FRCLTEXT002774_back,internal intrinsic,back,back,True
FRCLTEXT002774_right,internal intrinsic,right,right,True
FRCLTEXT002775_front,external intrinsic,right,right,True
FRCLTEXT002775_left,external intrinsic,front,front,True
FRCLTEXT002775_back,external intrinsic,left,left,True
FRCLTEXT002775_right,external intrinsic,back,back,True
FRCLTEXT002776_front,external intrinsic,front,front,True
FRCLTEXT002776_left,external intrinsic,left,back,False
FRCLTEXT002776_back,external intrinsic,back,back,True
FRCLTEXT002776_right,external intrinsic,right,right,True
FRCLTEXT002777,external relative,right,right,True
FRCLTEXT002778,external relative,back,back,True
FRCLTEXT002779,external relative,right,right,True
FRCLTEXT002780_front,external relative,front,front,True
FRCLTEXT002780_left,external relative,front,front,True
FRCLTEXT002780_back,external relative,front,front,True
FRCLTEXT002780_right,external relative,front,front,True
FRCLTEXT002781,external relative,back,back,True
FRCLTEXT002782_front,external relative,right,right,True
FRCLTEXT002782_left,external relative,right,right,True
FRCLTEXT002782_back,external relative,right,right,True
FRCLTEXT002782_right,external relative,right,right,True
FRCLTEXT002783,external relative,back,back,True
FRCLTEXT002784,internal relative,right,right,True
FRCLTEXT002785_front,external intrinsic,back,back,True
FRCLTEXT002785_left,external intrinsic,right,right,True
FRCLTEXT002785_back,external intrinsic,front,front,True
FRCLTEXT002785_right,external intrinsic,left,left,True
FRCLTEXT002786,external relative,right,right,True
FRCLTEXT002787_front,external intrinsic,left,left,True
FRCLTEXT002787_left,external intrinsic,back,back,True
FRCLTEXT002787_back,external intrinsic,right,back,False
FRCLTEXT002787_right,external intrinsic,front,front,True
FRCLTEXT002788_front,external relative,right,right,True
FRCLTEXT002788_left,external relative,right,right,True
FRCLTEXT002788_back,external relative,right,right,True
FRCLTEXT002788_right,external relative,right,right,True
FRCLTEXT002789_front,external intrinsic,left,left,True
FRCLTEXT002789_left,external intrinsic,back,back,True
FRCLTEXT002789_back,external intrinsic,right,right,True
FRCLTEXT002789_right,external intrinsic,front,front,True
FRCLTEXT002790_front,internal relative,left,left,True
FRCLTEXT002790_left,internal relative,left,right,False
FRCLTEXT002790_back,internal relative,left,left,True
FRCLTEXT002790_right,internal relative,left,left,True
FRCLTEXT002791_front,external relative,left,left,True
FRCLTEXT002791_left,external relative,left,left,True
FRCLTEXT002791_back,external relative,left,left,True
FRCLTEXT002791_right,external relative,left,left,True
FRCLTEXT002792,external relative,left,left,True
FRCLTEXT002793,external relative,back,back,True
FRCLTEXT002794_front,external intrinsic,right,right,True
FRCLTEXT002794_left,external intrinsic,front,front,True
FRCLTEXT002794_back,external intrinsic,left,left,True
FRCLTEXT002794_right,external intrinsic,back,back,True
FRCLTEXT002795,external relative,right,right,True
FRCLTEXT002796,external relative,left,left,True
FRCLTEXT002797_front,external relative,back,back,True
FRCLTEXT002797_left,external relative,back,back,True
FRCLTEXT002797_back,external relative,back,back,True
FRCLTEXT002797_right,external relative,back,back,True
FRCLTEXT002798_front,external relative,right,right,True
FRCLTEXT002798_left,external relative,right,right,True
FRCLTEXT002798_back,external relative,right,right,True
FRCLTEXT002798_right,external relative,right,right,True
FRCLTEXT002799_front,external intrinsic,front,front,True
FRCLTEXT002799_left,external intrinsic,left,left,True
FRCLTEXT002799_back,external intrinsic,back,back,True
FRCLTEXT002799_right,external intrinsic,right,front,False
FRCLTEXT002800_front,external intrinsic,front,front,True
FRCLTEXT002800_left,external intrinsic,left,left,True
FRCLTEXT002800_back,external intrinsic,back,back,True
FRCLTEXT002800_right,external intrinsic,right,right,True
FRCLTEXT002801_front,external relative,back,back,True
FRCLTEXT002801_left,external relative,back,back,True
FRCLTEXT002801_back,external relative,back,back,True
FRCLTEXT002801_right,external relative,back,back,True
FRCLTEXT002802_front,external intrinsic,back,back,True
FRCLTEXT002802_left,external intrinsic,right,right,True
FRCLTEXT002802_back,external intrinsic,front,front,True
FRCLTEXT002802_right,external intrinsic,left,left,True
FRCLTEXT002803,external relative,right,right,True
FRCLTEXT002804,external relative,back,back,True
FRCLTEXT002805,external relative,back,front,False
FRCLTEXT002806_front,external intrinsic,right,right,True
FRCLTEXT002806_left,external intrinsic,front,front,True
FRCLTEXT002806_back,external intrinsic,left,left,True
FRCLTEXT002806_right,external intrinsic,back,back,True
FRCLTEXT002807_front,external relative,back,right,False
FRCLTEXT002807_left,external relative,back,back,True
FRCLTEXT002807_back,external relative,back,back,True
FRCLTEXT002807_right,external relative,back,back,True
FRCLTEXT002808,internal relative,right,right,True
FRCLTEXT002809_front,external intrinsic,front,front,True
FRCLTEXT002809_left,external intrinsic,left,left,True
FRCLTEXT002809_back,external intrinsic,back,back,True
FRCLTEXT002809_right,external intrinsic,right,right,True
FRCLTEXT002810_front,external relative,back,front,False
FRCLTEXT002810_left,external relative,back,back,True
FRCLTEXT002810_back,external relative,back,right,False
FRCLTEXT002810_right,external relative,back,back,True
FRCLTEXT002811_front,internal relative,left,left,True
FRCLTEXT002811_left,internal relative,left,left,True
FRCLTEXT002811_back,internal relative,left,left,True
FRCLTEXT002811_right,internal relative,left,left,True
FRCLTEXT002812_front,external intrinsic,front,front,True
FRCLTEXT002812_left,external intrinsic,left,left,True
FRCLTEXT002812_back,external intrinsic,back,back,True
FRCLTEXT002812_right,external intrinsic,right,right,True
FRCLTEXT002813_front,external intrinsic,right,right,True
FRCLTEXT002813_left,external intrinsic,front,front,True
FRCLTEXT002813_back,external intrinsic,left,left,True
FRCLTEXT002813_right,external intrinsic,back,back,True
FRCLTEXT002814_front,external intrinsic,front,front,True
FRCLTEXT002814_left,external intrinsic,left,left,True
FRCLTEXT002814_back,external intrinsic,back,back,True
FRCLTEXT002814_right,external intrinsic,right,right,True
FRCLTEXT002815_front,external intrinsic,left,left,True
FRCLTEXT002815_left,external intrinsic,back,back,True
FRCLTEXT002815_back,external intrinsic,right,right,True
FRCLTEXT002815_right,external intrinsic,front,front,True
FRCLTEXT002816,external relative,front,front,True
FRCLTEXT002817_front,external relative,back,front,False
FRCLTEXT002817_left,external relative,back,back,True
FRCLTEXT002817_back,external relative,back,back,True
FRCLTEXT002817_right,external relative,back,back,True
FRCLTEXT002818_front,external relative,back,back,True
FRCLTEXT002818_left,external relative,back,back,True
FRCLTEXT002818_back,external relative,back,back,True
FRCLTEXT002818_right,external relative,back,back,True
FRCLTEXT002819_front,internal intrinsic,front,front,True
FRCLTEXT002819_left,internal intrinsic,left,left,True
FRCLTEXT002819_back,internal intrinsic,back,back,True
FRCLTEXT002819_right,internal intrinsic,right,right,True
FRCLTEXT002820,external relative,front,front,True
FRCLTEXT002821,external relative,front,front,True
FRCLTEXT002822,internal relative,right,right,True
FRCLTEXT002823_front,internal intrinsic,front,front,True
FRCLTEXT002823_left,internal intrinsic,left,left,True
FRCLTEXT002823_back,internal intrinsic,back,back,True
FRCLTEXT002823_right,internal intrinsic,right,right,True
