id,gold_answers,predicted_answer,correct
FRCLTEXT000000_front,right,right,True
FRCLTEXT000000_left,right,right,True
FRCLTEXT000000_back,right,front,False
FRCLTEXT000000_right,right,right,True
FRCLTEXT000001,right,right,True
FRCLTEXT000002_front,right,left,False
FRCLTEXT000002_left,front,front,True
FRCLTEXT000002_back,left,right,False
FRCLTEXT000002_right,back,left,False
FRCLTEXT000003_front,left,left,True
FRCLTEXT000003_left,left,front,False
FRCLTEXT000003_back,left,left,True
FRCLTEXT000003_right,left,left,True
FRCLTEXT000004_front,back,back,True
FRCLTEXT000004_left,back,back,True
FRCLTEXT000004_back,back,front,False
FRCLTEXT000004_right,back,left,False
FRCLTEXT000005_front,left,left,True
FRCLTEXT000005_left,left,front,False
FRCLTEXT000005_back,left,right,False
FRCLTEXT000005_right,left,left,True
FRCLTEXT000006_front,front,front,True
FRCLTEXT000006_left,front,front,True
FRCLTEXT000006_back,front,back,False
FRCLTEXT000006_right,front,left,False
FRCLTEXT000007_front,left,left,True
FRCLTEXT000007_left,left,front,False
FRCLTEXT000007_back,left,left,True
FRCLTEXT000007_right,left,left,True
FRCLTEXT000008_front,right,right,True
FRCLTEXT000008_left,right,right,True
FRCLTEXT000008_back,right,front,False
FRCLTEXT000008_right,right,front,False
FRCLTEXT000009_front,front,back,False
FRCLTEXT000009_left,left,left,True
FRCLTEXT000009_back,back,back,True
FRCLTEXT000009_right,right,left,False
FRCLTEXT000010_front,right,left,False
FRCLTEXT000010_left,front,front,True
FRCLTEXT000010_back,left,right,False
FRCLTEXT000010_right,back,left,False
FRCLTEXT000011_front,front,back,False
FRCLTEXT000011_left,front,right,False
FRCLTEXT000011_back,front,back,False
FRCLTEXT000011_right,front,left,False
FRCLTEXT000012_front,front,front,True
FRCLTEXT000012_left,front,front,True
FRCLTEXT000012_back,front,front,True
FRCLTEXT000012_right,front,front,True
FRCLTEXT000013,left,left,True
FRCLTEXT000014,front,front,True
FRCLTEXT000015,back,back,True
FRCLTEXT000016,back,back,True
FRCLTEXT000017_front,front,front,True
FRCLTEXT000017_left,left,right,False
FRCLTEXT000017_back,back,back,True
FRCLTEXT000017_right,right,left,False
FRCLTEXT000018_front,front,front,True
FRCLTEXT000018_left,left,right,False
FRCLTEXT000018_back,back,back,True
FRCLTEXT000018_right,right,left,False
FRCLTEXT000019_front,back,back,True
FRCLTEXT000019_left,right,right,True
FRCLTEXT000019_back,front,front,True
FRCLTEXT000019_right,left,left,True
FRCLTEXT000020,back,back,True
FRCLTEXT000021,front,front,True
FRCLTEXT000022_front,front,front,True
FRCLTEXT000022_left,front,front,True
FRCLTEXT000022_back,front,front,True
FRCLTEXT000022_right,front,left,False
FRCLTEXT000023_front,front,front,True
FRCLTEXT000023_left,left,right,False
FRCLTEXT000023_back,back,back,True
FRCLTEXT000023_right,right,left,False
FRCLTEXT000024_front,front,front,True
FRCLTEXT000024_left,left,right,False
FRCLTEXT000024_back,back,back,True
FRCLTEXT000024_right,right,left,False
FRCLTEXT000025_front,right,left,False
FRCLTEXT000025_left,front,front,True
FRCLTEXT000025_back,left,right,False
FRCLTEXT000025_right,back,left,False
FRCLTEXT000026_front,left,right,False
FRCLTEXT000026_left,back,right,False
FRCLTEXT000026_back,right,left,False
FRCLTEXT000026_right,front,right,False
FRCLTEXT000027_front,front,back,False
FRCLTEXT000027_left,front,left,False
FRCLTEXT000027_back,front,back,False
FRCLTEXT000027_right,front,left,False
FRCLTEXT000028_front,right,right,True
FRCLTEXT000028_left,right,left,False
FRCLTEXT000028_back,right,right,True
FRCLTEXT000028_right,right,back,False
FRCLTEXT000029,left,left,True
FRCLTEXT000030_front,front,back,False
FRCLTEXT000030_left,front,left,False
FRCLTEXT000030_back,front,back,False
FRCLTEXT000030_right,front,left,False
FRCLTEXT000031,front,front,True
FRCLTEXT000032_front,front,front,True
FRCLTEXT000032_left,front,front,True
FRCLTEXT000032_back,front,back,False
FRCLTEXT000032_right,front,front,True
FRCLTEXT000033_front,left,left,True
FRCLTEXT000033_left,left,front,False
FRCLTEXT000033_back,left,left,True
FRCLTEXT000033_right,left,left,True
FRCLTEXT000034_front,left,left,True
FRCLTEXT000034_left,left,front,False
FRCLTEXT000034_back,left,left,True
FRCLTEXT000034_right,left,left,True
FRCLTEXT000035_front,right,right,True
FRCLTEXT000035_left,right,back,False
FRCLTEXT000035_back,right,left,False
FRCLTEXT000035_right,right,right,True
FRCLTEXT000036_front,right,left,False
FRCLTEXT000036_left,front,front,True
FRCLTEXT000036_back,left,right,False
FRCLTEXT000036_right,back,left,False
FRCLTEXT000037_front,left,right,False
FRCLTEXT000037_left,back,right,False
FRCLTEXT000037_back,right,left,False
FRCLTEXT000037_right,front,right,False
FRCLTEXT000038_front,left,right,False
FRCLTEXT000038_left,back,right,False
FRCLTEXT000038_back,right,left,False
FRCLTEXT000038_right,front,right,False
FRCLTEXT000039_front,left,left,True
FRCLTEXT000039_left,left,front,False
FRCLTEXT000039_back,left,left,True
FRCLTEXT000039_right,left,left,True
FRCLTEXT000040_front,back,back,True
FRCLTEXT000040_left,back,right,False
FRCLTEXT000040_back,back,front,False
FRCLTEXT000040_right,back,left,False
FRCLTEXT000041_front,right,right,True
FRCLTEXT000041_left,right,back,False
FRCLTEXT000041_back,right,right,True
FRCLTEXT000041_right,right,front,False
FRCLTEXT000042_front,back,back,True
FRCLTEXT000042_left,back,right,False
FRCLTEXT000042_back,back,back,True
FRCLTEXT000042_right,back,left,False
FRCLTEXT000043,left,left,True
FRCLTEXT000044_front,right,right,True
FRCLTEXT000044_left,right,right,True
FRCLTEXT000044_back,right,front,False
FRCLTEXT000044_right,right,right,True
FRCLTEXT000045,right,right,True
FRCLTEXT000046,left,left,True
FRCLTEXT000047_front,right,right,True
FRCLTEXT000047_left,right,back,False
FRCLTEXT000047_back,right,right,True
FRCLTEXT000047_right,right,front,False
FRCLTEXT000048_front,right,left,False
FRCLTEXT000048_left,front,front,True
FRCLTEXT000048_back,left,right,False
FRCLTEXT000048_right,back,front,False
FRCLTEXT000049_front,back,back,True
FRCLTEXT000049_left,back,back,True
FRCLTEXT000049_back,back,front,False
FRCLTEXT000049_right,back,back,True
FRCLTEXT000050_front,back,back,True
FRCLTEXT000050_left,right,right,True
FRCLTEXT000050_back,front,front,True
FRCLTEXT000050_right,left,left,True
FRCLTEXT000051_front,back,back,True
FRCLTEXT000051_left,right,right,True
FRCLTEXT000051_back,front,front,True
FRCLTEXT000051_right,left,left,True
FRCLTEXT000052_front,left,left,True
FRCLTEXT000052_left,left,front,False
FRCLTEXT000052_back,left,right,False
FRCLTEXT000052_right,left,left,True
FRCLTEXT000053_front,back,back,True
FRCLTEXT000053_left,back,right,False
FRCLTEXT000053_back,back,front,False
FRCLTEXT000053_right,back,left,False
FRCLTEXT000054_front,right,right,True
FRCLTEXT000054_left,right,right,True
FRCLTEXT000054_back,right,right,True
FRCLTEXT000054_right,right,front,False
FRCLTEXT000055_front,right,right,True
FRCLTEXT000055_left,right,right,True
FRCLTEXT000055_back,right,front,False
FRCLTEXT000055_right,right,right,True
FRCLTEXT000056,back,back,True
FRCLTEXT000057_front,front,front,True
FRCLTEXT000057_left,front,left,False
FRCLTEXT000057_back,front,back,False
FRCLTEXT000057_right,front,front,True
FRCLTEXT000058_front,right,right,True
FRCLTEXT000058_left,right,right,True
FRCLTEXT000058_back,right,right,True
FRCLTEXT000058_right,right,front,False
FRCLTEXT000059_front,back,back,True
FRCLTEXT000059_left,right,right,True
FRCLTEXT000059_back,front,front,True
FRCLTEXT000059_right,left,left,True
FRCLTEXT000060_front,front,front,True
FRCLTEXT000060_left,front,right,False
FRCLTEXT000060_back,front,back,False
FRCLTEXT000060_right,front,left,False
FRCLTEXT000061,left,left,True
FRCLTEXT000062_front,front,back,False
FRCLTEXT000062_left,front,front,True
FRCLTEXT000062_back,front,back,False
FRCLTEXT000062_right,front,right,False
FRCLTEXT000063_front,left,right,False
FRCLTEXT000063_left,back,right,False
FRCLTEXT000063_back,right,left,False
FRCLTEXT000063_right,front,right,False
FRCLTEXT000064_front,right,left,False
FRCLTEXT000064_left,front,left,False
FRCLTEXT000064_back,left,right,False
FRCLTEXT000064_right,back,left,False
FRCLTEXT000065_front,front,back,False
FRCLTEXT000065_left,front,front,True
FRCLTEXT000065_back,front,back,False
FRCLTEXT000065_right,front,front,True
FRCLTEXT000066_front,left,left,True
FRCLTEXT000066_left,left,front,False
FRCLTEXT000066_back,left,right,False
FRCLTEXT000066_right,left,back,False
FRCLTEXT000067_front,front,front,True
FRCLTEXT000067_left,left,right,False
FRCLTEXT000067_back,back,back,True
FRCLTEXT000067_right,right,left,False
FRCLTEXT000068_front,back,back,True
FRCLTEXT000068_left,right,right,True
FRCLTEXT000068_back,front,front,True
FRCLTEXT000068_right,left,left,True
FRCLTEXT000069_front,right,left,False
FRCLTEXT000069_left,front,front,True
FRCLTEXT000069_back,left,right,False
FRCLTEXT000069_right,back,left,False
FRCLTEXT000070_front,right,right,True
FRCLTEXT000070_left,right,back,False
FRCLTEXT000070_back,right,left,False
FRCLTEXT000070_right,right,right,True
FRCLTEXT000071_front,back,back,True
FRCLTEXT000071_left,right,right,True
FRCLTEXT000071_back,front,front,True
FRCLTEXT000071_right,left,left,True
FRCLTEXT000072_front,back,back,True
FRCLTEXT000072_left,back,back,True
FRCLTEXT000072_back,back,back,True
FRCLTEXT000072_right,back,left,False
FRCLTEXT000073,back,back,True
FRCLTEXT000074_front,left,right,False
FRCLTEXT000074_left,back,right,False
FRCLTEXT000074_back,right,left,False
FRCLTEXT000074_right,front,right,False
FRCLTEXT000075_front,back,back,True
FRCLTEXT000075_left,right,right,True
FRCLTEXT000075_back,front,front,True
FRCLTEXT000075_right,left,left,True
FRCLTEXT000076_front,right,right,True
FRCLTEXT000076_left,right,right,True
FRCLTEXT000076_back,right,left,False
FRCLTEXT000076_right,right,back,False
FRCLTEXT000077_front,back,back,True
FRCLTEXT000077_left,right,right,True
FRCLTEXT000077_back,front,front,True
FRCLTEXT000077_right,left,left,True
FRCLTEXT000078_front,back,back,True
FRCLTEXT000078_left,right,right,True
FRCLTEXT000078_back,front,front,True
FRCLTEXT000078_right,left,left,True
FRCLTEXT000079_front,front,front,True
FRCLTEXT000079_left,left,right,False
FRCLTEXT000079_back,back,back,True
FRCLTEXT000079_right,right,left,False
FRCLTEXT000080,left,right,False
FRCLTEXT000081_front,left,right,False
FRCLTEXT000081_left,back,right,False
FRCLTEXT000081_back,right,left,False
FRCLTEXT000081_right,front,right,False
FRCLTEXT000082_front,back,front,False
FRCLTEXT000082_left,back,right,False
FRCLTEXT000082_back,back,front,False
FRCLTEXT000082_right,back,left,False
FRCLTEXT000083_front,back,back,True
FRCLTEXT000083_left,right,right,True
FRCLTEXT000083_back,front,front,True
FRCLTEXT000083_right,left,left,True
FRCLTEXT000084_front,left,left,True
FRCLTEXT000084_left,left,front,False
FRCLTEXT000084_back,left,left,True
FRCLTEXT000084_right,left,left,True
FRCLTEXT000085_front,left,right,False
FRCLTEXT000085_left,back,right,False
FRCLTEXT000085_back,right,left,False
FRCLTEXT000085_right,front,front,True
FRCLTEXT000086_front,back,back,True
FRCLTEXT000086_left,right,right,True
FRCLTEXT000086_back,front,front,True
FRCLTEXT000086_right,left,left,True
FRCLTEXT000087_front,front,front,True
FRCLTEXT000087_left,left,left,True
FRCLTEXT000087_back,back,back,True
FRCLTEXT000087_right,right,left,False
FRCLTEXT000088_front,right,left,False
FRCLTEXT000088_left,front,left,False
FRCLTEXT000088_back,left,front,False
FRCLTEXT000088_right,back,left,False
FRCLTEXT000089_front,left,right,False
FRCLTEXT000089_left,back,right,False
FRCLTEXT000089_back,right,left,False
FRCLTEXT000089_right,front,right,False
FRCLTEXT000090,front,front,True
FRCLTEXT000091_front,right,right,True
FRCLTEXT000091_left,right,right,True
FRCLTEXT000091_back,right,back,False
FRCLTEXT000091_right,right,front,False
FRCLTEXT000092_front,back,back,True
FRCLTEXT000092_left,right,right,True
FRCLTEXT000092_back,front,front,True
FRCLTEXT000092_right,left,left,True
FRCLTEXT000093_front,front,front,True
FRCLTEXT000093_left,front,front,True
FRCLTEXT000093_back,front,front,True
FRCLTEXT000093_right,front,left,False
FRCLTEXT000094_front,back,back,True
FRCLTEXT000094_left,right,right,True
FRCLTEXT000094_back,front,front,True
FRCLTEXT000094_right,left,left,True
FRCLTEXT000095_front,right,right,True
FRCLTEXT000095_left,right,right,True
FRCLTEXT000095_back,right,right,True
FRCLTEXT000095_right,right,front,False
FRCLTEXT000096_front,left,left,True
FRCLTEXT000096_left,left,front,False
FRCLTEXT000096_back,left,left,True
FRCLTEXT000096_right,left,left,True
FRCLTEXT000097,left,left,True
FRCLTEXT000098_front,front,front,True
FRCLTEXT000098_left,left,left,True
FRCLTEXT000098_back,back,back,True
FRCLTEXT000098_right,right,left,False
FRCLTEXT000099_front,left,right,False
FRCLTEXT000099_left,back,right,False
FRCLTEXT000099_back,right,left,False
FRCLTEXT000099_right,front,front,True
FRCLTEXT000100_front,left,left,True
FRCLTEXT000100_left,left,front,False
FRCLTEXT000100_back,left,right,False
FRCLTEXT000100_right,left,left,True
FRCLTEXT000101,right,right,True
FRCLTEXT000102_front,left,left,True
FRCLTEXT000102_left,left,front,False
FRCLTEXT000102_back,left,right,False
FRCLTEXT000102_right,left,left,True
FRCLTEXT000103_front,front,front,True
FRCLTEXT000103_left,left,left,True
FRCLTEXT000103_back,back,back,True
FRCLTEXT000103_right,right,left,False
FRCLTEXT000104,left,left,True
FRCLTEXT000105_front,right,right,True
FRCLTEXT000105_left,right,back,False
FRCLTEXT000105_back,right,left,False
FRCLTEXT000105_right,right,front,False
FRCLTEXT000106_front,back,back,True
FRCLTEXT000106_left,right,right,True
FRCLTEXT000106_back,front,front,True
FRCLTEXT000106_right,left,left,True
FRCLTEXT000107,right,right,True
FRCLTEXT000108,right,right,True
FRCLTEXT000109,left,left,True
FRCLTEXT000110_front,back,back,True
FRCLTEXT000110_left,right,right,True
FRCLTEXT000110_back,front,front,True
FRCLTEXT000110_right,left,left,True
FRCLTEXT000111_front,left,left,True
FRCLTEXT000111_left,left,front,False
FRCLTEXT000111_back,left,right,False
FRCLTEXT000111_right,left,left,True
FRCLTEXT000112_front,right,left,False
FRCLTEXT000112_left,front,front,True
FRCLTEXT000112_back,left,right,False
FRCLTEXT000112_right,back,left,False
FRCLTEXT000113_front,back,back,True
FRCLTEXT000113_left,right,right,True
FRCLTEXT000113_back,front,front,True
FRCLTEXT000113_right,left,left,True
FRCLTEXT000114_front,back,back,True
FRCLTEXT000114_left,back,right,False
FRCLTEXT000114_back,back,front,False
FRCLTEXT000114_right,back,left,False
FRCLTEXT000115_front,front,front,True
FRCLTEXT000115_left,front,front,True
FRCLTEXT000115_back,front,back,False
FRCLTEXT000115_right,front,right,False
FRCLTEXT000116_front,left,right,False
FRCLTEXT000116_left,back,right,False
FRCLTEXT000116_back,right,front,False
FRCLTEXT000116_right,front,right,False
FRCLTEXT000117_front,left,right,False
FRCLTEXT000117_left,back,right,False
FRCLTEXT000117_back,right,left,False
FRCLTEXT000117_right,front,right,False
FRCLTEXT000118,front,front,True
FRCLTEXT000119,right,right,True
FRCLTEXT000120_front,front,front,True
FRCLTEXT000120_left,front,right,False
FRCLTEXT000120_back,front,back,False
FRCLTEXT000120_right,front,left,False
FRCLTEXT000121_front,front,front,True
FRCLTEXT000121_left,front,front,True
FRCLTEXT000121_back,front,back,False
FRCLTEXT000121_right,front,right,False
FRCLTEXT000122_front,left,right,False
FRCLTEXT000122_left,back,left,False
FRCLTEXT000122_back,right,left,False
FRCLTEXT000122_right,front,right,False
FRCLTEXT000123_front,right,right,True
FRCLTEXT000123_left,right,back,False
FRCLTEXT000123_back,right,right,True
FRCLTEXT000123_right,right,front,False
FRCLTEXT000124_front,left,left,True
FRCLTEXT000124_left,left,front,False
FRCLTEXT000124_back,left,left,True
FRCLTEXT000124_right,left,left,True
FRCLTEXT000125_front,left,left,True
FRCLTEXT000125_left,left,front,False
FRCLTEXT000125_back,left,left,True
FRCLTEXT000125_right,left,left,True
FRCLTEXT000126_front,front,front,True
FRCLTEXT000126_left,left,left,True
FRCLTEXT000126_back,back,back,True
FRCLTEXT000126_right,right,left,False
FRCLTEXT000127_front,front,front,True
FRCLTEXT000127_left,front,left,False
FRCLTEXT000127_back,front,back,False
FRCLTEXT000127_right,front,left,False
FRCLTEXT000128,left,left,True
FRCLTEXT000129_front,front,front,True
FRCLTEXT000129_left,front,front,True
FRCLTEXT000129_back,front,back,False
FRCLTEXT000129_right,front,front,True
FRCLTEXT000130_front,front,front,True
FRCLTEXT000130_left,front,front,True
FRCLTEXT000130_back,front,back,False
FRCLTEXT000130_right,front,front,True
FRCLTEXT000131_front,left,left,True
FRCLTEXT000131_left,left,front,False
FRCLTEXT000131_back,left,left,True
FRCLTEXT000131_right,left,left,True
FRCLTEXT000132_front,left,right,False
FRCLTEXT000132_left,back,right,False
FRCLTEXT000132_back,right,left,False
FRCLTEXT000132_right,front,right,False
FRCLTEXT000133_front,back,back,True
FRCLTEXT000133_left,back,right,False
FRCLTEXT000133_back,back,front,False
FRCLTEXT000133_right,back,left,False
FRCLTEXT000134_front,back,back,True
FRCLTEXT000134_left,right,right,True
FRCLTEXT000134_back,front,front,True
FRCLTEXT000134_right,left,left,True
FRCLTEXT000135_front,back,back,True
FRCLTEXT000135_left,right,right,True
FRCLTEXT000135_back,front,front,True
FRCLTEXT000135_right,left,left,True
FRCLTEXT000136_front,front,front,True
FRCLTEXT000136_left,left,left,True
FRCLTEXT000136_back,back,back,True
FRCLTEXT000136_right,right,left,False
FRCLTEXT000137_front,left,right,False
FRCLTEXT000137_left,back,right,False
FRCLTEXT000137_back,right,left,False
FRCLTEXT000137_right,front,right,False
FRCLTEXT000138_front,right,left,False
FRCLTEXT000138_left,front,left,False
FRCLTEXT000138_back,left,right,False
FRCLTEXT000138_right,back,left,False
FRCLTEXT000139_front,left,right,False
FRCLTEXT000139_left,back,right,False
FRCLTEXT000139_back,right,front,False
FRCLTEXT000139_right,front,front,True
FRCLTEXT000140,right,right,True
FRCLTEXT000141_front,front,front,True
FRCLTEXT000141_left,front,front,True
FRCLTEXT000141_back,front,back,False
FRCLTEXT000141_right,front,front,True
FRCLTEXT000142_front,front,back,False
FRCLTEXT000142_left,front,right,False
FRCLTEXT000142_back,front,front,True
FRCLTEXT000142_right,front,front,True
FRCLTEXT000143_front,front,front,True
FRCLTEXT000143_left,front,front,True
FRCLTEXT000143_back,front,front,True
FRCLTEXT000143_right,front,front,True
FRCLTEXT000144_front,front,front,True
FRCLTEXT000144_left,left,right,False
FRCLTEXT000144_back,back,back,True
FRCLTEXT000144_right,right,left,False
FRCLTEXT000145,back,back,True
FRCLTEXT000146,back,back,True
FRCLTEXT000147_front,left,left,True
FRCLTEXT000147_left,left,front,False
FRCLTEXT000147_back,left,left,True
FRCLTEXT000147_right,left,left,True
FRCLTEXT000148,front,right,False
FRCLTEXT000149,front,front,True
FRCLTEXT000150_front,front,front,True
FRCLTEXT000150_left,left,right,False
FRCLTEXT000150_back,back,back,True
FRCLTEXT000150_right,right,left,False
FRCLTEXT000151_front,left,right,False
FRCLTEXT000151_left,back,left,False
FRCLTEXT000151_back,right,left,False
FRCLTEXT000151_right,front,right,False
FRCLTEXT000152,right,right,True
FRCLTEXT000153_front,left,right,False
FRCLTEXT000153_left,back,right,False
FRCLTEXT000153_back,right,left,False
FRCLTEXT000153_right,front,right,False
FRCLTEXT000154_front,left,left,True
FRCLTEXT000154_left,left,front,False
FRCLTEXT000154_back,left,left,True
FRCLTEXT000154_right,left,left,True
FRCLTEXT000155,left,left,True
FRCLTEXT000156_front,front,front,True
FRCLTEXT000156_left,left,right,False
FRCLTEXT000156_back,back,back,True
FRCLTEXT000156_right,right,left,False
FRCLTEXT000157_front,left,left,True
FRCLTEXT000157_left,left,front,False
FRCLTEXT000157_back,left,left,True
FRCLTEXT000157_right,left,left,True
FRCLTEXT000158_front,back,back,True
FRCLTEXT000158_left,back,right,False
FRCLTEXT000158_back,back,back,True
FRCLTEXT000158_right,back,back,True
FRCLTEXT000159_front,back,back,True
FRCLTEXT000159_left,back,back,True
FRCLTEXT000159_back,back,back,True
FRCLTEXT000159_right,back,left,False
FRCLTEXT000160_front,left,right,False
FRCLTEXT000160_left,left,front,False
FRCLTEXT000160_back,left,right,False
FRCLTEXT000160_right,left,back,False
FRCLTEXT000161_front,left,right,False
FRCLTEXT000161_left,back,right,False
FRCLTEXT000161_back,right,front,False
FRCLTEXT000161_right,front,right,False
FRCLTEXT000162_front,front,front,True
FRCLTEXT000162_left,left,left,True
FRCLTEXT000162_back,back,back,True
FRCLTEXT000162_right,right,left,False
FRCLTEXT000163_front,back,back,True
FRCLTEXT000163_left,right,right,True
FRCLTEXT000163_back,front,front,True
FRCLTEXT000163_right,left,left,True
FRCLTEXT000164_front,right,left,False
FRCLTEXT000164_left,front,left,False
FRCLTEXT000164_back,left,right,False
FRCLTEXT000164_right,back,left,False
FRCLTEXT000165_front,left,left,True
FRCLTEXT000165_left,left,front,False
FRCLTEXT000165_back,left,right,False
FRCLTEXT000165_right,left,left,True
FRCLTEXT000166_front,back,back,True
FRCLTEXT000166_left,right,right,True
FRCLTEXT000166_back,front,front,True
FRCLTEXT000166_right,left,left,True
FRCLTEXT000167_front,left,right,False
FRCLTEXT000167_left,back,right,False
FRCLTEXT000167_back,right,left,False
FRCLTEXT000167_right,front,right,False
FRCLTEXT000168_front,back,back,True
FRCLTEXT000168_left,back,back,True
FRCLTEXT000168_back,back,front,False
FRCLTEXT000168_right,back,left,False
FRCLTEXT000169_front,right,left,False
FRCLTEXT000169_left,front,front,True
FRCLTEXT000169_back,left,right,False
FRCLTEXT000169_right,back,left,False
FRCLTEXT000170,front,front,True
FRCLTEXT000171,front,front,True
FRCLTEXT000172_front,right,left,False
FRCLTEXT000172_left,front,front,True
FRCLTEXT000172_back,left,right,False
FRCLTEXT000172_right,back,left,False
FRCLTEXT000173_front,left,left,True
FRCLTEXT000173_left,left,front,False
FRCLTEXT000173_back,left,front,False
FRCLTEXT000173_right,left,left,True
FRCLTEXT000174,front,front,True
FRCLTEXT000175_front,front,front,True
FRCLTEXT000175_left,left,left,True
FRCLTEXT000175_back,back,back,True
FRCLTEXT000175_right,right,left,False
FRCLTEXT000176_front,right,right,True
FRCLTEXT000176_left,right,right,True
FRCLTEXT000176_back,right,right,True
FRCLTEXT000176_right,right,back,False
FRCLTEXT000177,left,left,True
FRCLTEXT000178,left,right,False
FRCLTEXT000179_front,right,right,True
FRCLTEXT000179_left,right,right,True
FRCLTEXT000179_back,right,front,False
FRCLTEXT000179_right,right,right,True
FRCLTEXT000180_front,front,front,True
FRCLTEXT000180_left,front,front,True
FRCLTEXT000180_back,front,back,False
FRCLTEXT000180_right,front,front,True
FRCLTEXT000181_front,right,left,False
FRCLTEXT000181_left,front,front,True
FRCLTEXT000181_back,left,right,False
FRCLTEXT000181_right,back,left,False
FRCLTEXT000182,back,back,True
FRCLTEXT000183_front,back,back,True
FRCLTEXT000183_left,back,back,True
FRCLTEXT000183_back,back,front,False
FRCLTEXT000183_right,back,left,False
FRCLTEXT000184_front,front,front,True
FRCLTEXT000184_left,left,right,False
FRCLTEXT000184_back,back,back,True
FRCLTEXT000184_right,right,left,False
FRCLTEXT000185_front,front,front,True
FRCLTEXT000185_left,left,right,False
FRCLTEXT000185_back,back,back,True
FRCLTEXT000185_right,right,left,False
FRCLTEXT000186_front,right,front,False
FRCLTEXT000186_left,right,right,True
FRCLTEXT000186_back,right,front,False
FRCLTEXT000186_right,right,right,True
FRCLTEXT000187,front,front,True
FRCLTEXT000188_front,front,front,True
FRCLTEXT000188_left,left,right,False
FRCLTEXT000188_back,back,back,True
FRCLTEXT000188_right,right,left,False
FRCLTEXT000189_front,right,left,False
FRCLTEXT000189_left,front,front,True
FRCLTEXT000189_back,left,right,False
FRCLTEXT000189_right,back,left,False
FRCLTEXT000190,right,right,True
FRCLTEXT000191_front,front,front,True
FRCLTEXT000191_left,left,right,False
FRCLTEXT000191_back,back,back,True
FRCLTEXT000191_right,right,left,False
FRCLTEXT000192,right,right,True
FRCLTEXT000193_front,left,right,False
FRCLTEXT000193_left,back,right,False
FRCLTEXT000193_back,right,left,False
FRCLTEXT000193_right,front,front,True
FRCLTEXT000194_front,right,left,False
FRCLTEXT000194_left,front,front,True
FRCLTEXT000194_back,left,right,False
FRCLTEXT000194_right,back,left,False
FRCLTEXT000195_front,back,back,True
FRCLTEXT000195_left,back,back,True
FRCLTEXT000195_back,back,back,True
FRCLTEXT000195_right,back,back,True
FRCLTEXT000196_front,right,left,False
FRCLTEXT000196_left,front,front,True
FRCLTEXT000196_back,left,right,False
FRCLTEXT000196_right,back,left,False
FRCLTEXT000197_front,back,back,True
FRCLTEXT000197_left,right,right,True
FRCLTEXT000197_back,front,front,True
FRCLTEXT000197_right,left,left,True
FRCLTEXT000198_front,back,back,True
FRCLTEXT000198_left,back,right,False
FRCLTEXT000198_back,back,back,True
FRCLTEXT000198_right,back,back,True
FRCLTEXT000199_front,back,back,True
FRCLTEXT000199_left,back,back,True
FRCLTEXT000199_back,back,back,True
FRCLTEXT000199_right,back,left,False
FRCLTEXT000200,back,back,True
FRCLTEXT000201_front,back,back,True
FRCLTEXT000201_left,right,right,True
FRCLTEXT000201_back,front,front,True
FRCLTEXT000201_right,left,left,True
FRCLTEXT000202_front,left,left,True
FRCLTEXT000202_left,left,front,False
FRCLTEXT000202_back,left,left,True
FRCLTEXT000202_right,left,left,True
FRCLTEXT000203_front,right,right,True
FRCLTEXT000203_left,right,right,True
FRCLTEXT000203_back,right,left,False
FRCLTEXT000203_right,right,front,False
FRCLTEXT000204_front,right,left,False
FRCLTEXT000204_left,front,front,True
FRCLTEXT000204_back,left,right,False
FRCLTEXT000204_right,back,left,False
FRCLTEXT000205_front,left,right,False
FRCLTEXT000205_left,back,right,False
FRCLTEXT000205_back,right,left,False
FRCLTEXT000205_right,front,right,False
FRCLTEXT000206,back,back,True
FRCLTEXT000207_front,back,back,True
FRCLTEXT000207_left,back,back,True
FRCLTEXT000207_back,back,front,False
FRCLTEXT000207_right,back,left,False
FRCLTEXT000208_front,back,back,True
FRCLTEXT000208_left,back,back,True
FRCLTEXT000208_back,back,front,False
FRCLTEXT000208_right,back,back,True
FRCLTEXT000209,front,front,True
FRCLTEXT000210_front,left,right,False
FRCLTEXT000210_left,back,left,False
FRCLTEXT000210_back,right,left,False
FRCLTEXT000210_right,front,right,False
FRCLTEXT000211_front,front,front,True
FRCLTEXT000211_left,front,front,True
FRCLTEXT000211_back,front,back,False
FRCLTEXT000211_right,front,front,True
FRCLTEXT000212_front,right,right,True
FRCLTEXT000212_left,right,back,False
FRCLTEXT000212_back,right,left,False
FRCLTEXT000212_right,right,back,False
FRCLTEXT000213_front,right,right,True
FRCLTEXT000213_left,right,right,True
FRCLTEXT000213_back,right,left,False
FRCLTEXT000213_right,right,back,False
FRCLTEXT000214_front,front,front,True
FRCLTEXT000214_left,left,left,True
FRCLTEXT000214_back,back,back,True
FRCLTEXT000214_right,right,left,False
FRCLTEXT000215,back,back,True
FRCLTEXT000216,left,left,True
FRCLTEXT000217_front,back,back,True
FRCLTEXT000217_left,back,back,True
FRCLTEXT000217_back,back,front,False
FRCLTEXT000217_right,back,left,False
FRCLTEXT000218,back,back,True
FRCLTEXT000219_front,right,right,True
FRCLTEXT000219_left,right,back,False
FRCLTEXT000219_back,right,left,False
FRCLTEXT000219_right,right,back,False
FRCLTEXT000220_front,right,left,False
FRCLTEXT000220_left,front,front,True
FRCLTEXT000220_back,left,right,False
FRCLTEXT000220_right,back,left,False
FRCLTEXT000221,front,front,True
FRCLTEXT000222_front,front,front,True
FRCLTEXT000222_left,left,right,False
FRCLTEXT000222_back,back,back,True
FRCLTEXT000222_right,right,left,False
FRCLTEXT000223_front,right,right,True
FRCLTEXT000223_left,right,right,True
FRCLTEXT000223_back,right,front,False
FRCLTEXT000223_right,right,right,True
FRCLTEXT000224_front,right,right,True
FRCLTEXT000224_left,right,back,False
FRCLTEXT000224_back,right,right,True
FRCLTEXT000224_right,right,back,False
FRCLTEXT000225_front,right,right,True
FRCLTEXT000225_left,right,right,True
FRCLTEXT000225_back,right,left,False
FRCLTEXT000225_right,right,front,False
FRCLTEXT000226_front,left,right,False
FRCLTEXT000226_left,back,right,False
FRCLTEXT000226_back,right,left,False
FRCLTEXT000226_right,front,right,False
FRCLTEXT000227_front,front,front,True
FRCLTEXT000227_left,front,front,True
FRCLTEXT000227_back,front,back,False
FRCLTEXT000227_right,front,right,False
FRCLTEXT000228,right,right,True
FRCLTEXT000229,right,right,True
FRCLTEXT000230_front,right,right,True
FRCLTEXT000230_left,right,right,True
FRCLTEXT000230_back,right,right,True
FRCLTEXT000230_right,right,front,False
FRCLTEXT000231_front,back,back,True
FRCLTEXT000231_left,back,back,True
FRCLTEXT000231_back,back,front,False
FRCLTEXT000231_right,back,back,True
FRCLTEXT000232,right,right,True
FRCLTEXT000233_front,back,back,True
FRCLTEXT000233_left,right,right,True
FRCLTEXT000233_back,front,front,True
FRCLTEXT000233_right,left,left,True
FRCLTEXT000234,right,right,True
FRCLTEXT000235_front,front,front,True
FRCLTEXT000235_left,left,left,True
FRCLTEXT000235_back,back,back,True
FRCLTEXT000235_right,right,left,False
FRCLTEXT000236_front,back,back,True
FRCLTEXT000236_left,right,right,True
FRCLTEXT000236_back,front,front,True
FRCLTEXT000236_right,left,left,True
FRCLTEXT000237_front,right,right,True
FRCLTEXT000237_left,right,back,False
FRCLTEXT000237_back,right,right,True
FRCLTEXT000237_right,right,front,False
FRCLTEXT000238_front,right,right,True
FRCLTEXT000238_left,right,right,True
FRCLTEXT000238_back,right,front,False
FRCLTEXT000238_right,right,right,True
FRCLTEXT000239_front,front,front,True
FRCLTEXT000239_left,front,left,False
FRCLTEXT000239_back,front,back,False
FRCLTEXT000239_right,front,front,True
FRCLTEXT000240_front,left,left,True
FRCLTEXT000240_left,left,front,False
FRCLTEXT000240_back,left,left,True
FRCLTEXT000240_right,left,left,True
FRCLTEXT000241_front,front,front,True
FRCLTEXT000241_left,left,left,True
FRCLTEXT000241_back,back,back,True
FRCLTEXT000241_right,right,left,False
FRCLTEXT000242_front,right,right,True
FRCLTEXT000242_left,right,back,False
FRCLTEXT000242_back,right,left,False
FRCLTEXT000242_right,right,front,False
FRCLTEXT000243_front,right,right,True
FRCLTEXT000243_left,right,back,False
FRCLTEXT000243_back,right,right,True
FRCLTEXT000243_right,right,front,False
FRCLTEXT000244_front,back,back,True
FRCLTEXT000244_left,back,right,False
FRCLTEXT000244_back,back,front,False
FRCLTEXT000244_right,back,left,False
FRCLTEXT000245_front,left,right,False
FRCLTEXT000245_left,left,front,False
FRCLTEXT000245_back,left,right,False
FRCLTEXT000245_right,left,left,True
FRCLTEXT000246,back,back,True
FRCLTEXT000247_front,right,right,True
FRCLTEXT000247_left,right,back,False
FRCLTEXT000247_back,right,left,False
FRCLTEXT000247_right,right,right,True
FRCLTEXT000248_front,right,left,False
FRCLTEXT000248_left,front,left,False
FRCLTEXT000248_back,left,right,False
FRCLTEXT000248_right,back,left,False
FRCLTEXT000249,front,front,True
FRCLTEXT000250_front,back,back,True
FRCLTEXT000250_left,back,right,False
FRCLTEXT000250_back,back,front,False
FRCLTEXT000250_right,back,left,False
FRCLTEXT000251_front,right,left,False
FRCLTEXT000251_left,front,front,True
FRCLTEXT000251_back,left,right,False
FRCLTEXT000251_right,back,left,False
FRCLTEXT000252_front,back,back,True
FRCLTEXT000252_left,right,right,True
FRCLTEXT000252_back,front,front,True
FRCLTEXT000252_right,left,left,True
FRCLTEXT000253_front,front,front,True
FRCLTEXT000253_left,front,left,False
FRCLTEXT000253_back,front,back,False
FRCLTEXT000253_right,front,right,False
FRCLTEXT000254,left,left,True
FRCLTEXT000255_front,front,front,True
FRCLTEXT000255_left,left,right,False
FRCLTEXT000255_back,back,back,True
FRCLTEXT000255_right,right,left,False
FRCLTEXT000256,front,front,True
FRCLTEXT000257_front,front,front,True
FRCLTEXT000257_left,front,front,True
FRCLTEXT000257_back,front,front,True
FRCLTEXT000257_right,front,front,True
FRCLTEXT000258_front,back,back,True
FRCLTEXT000258_left,back,back,True
FRCLTEXT000258_back,back,front,False
FRCLTEXT000258_right,back,left,False
FRCLTEXT000259_front,left,left,True
FRCLTEXT000259_left,left,front,False
FRCLTEXT000259_back,left,left,True
FRCLTEXT000259_right,left,left,True
FRCLTEXT000260_front,front,front,True
FRCLTEXT000260_left,left,right,False
FRCLTEXT000260_back,back,back,True
FRCLTEXT000260_right,right,left,False
FRCLTEXT000261_front,front,front,True
FRCLTEXT000261_left,left,right,False
FRCLTEXT000261_back,back,back,True
FRCLTEXT000261_right,right,left,False
FRCLTEXT000262,front,front,True
FRCLTEXT000263_front,back,back,True
FRCLTEXT000263_left,right,right,True
FRCLTEXT000263_back,front,front,True
FRCLTEXT000263_right,left,left,True
FRCLTEXT000264,front,front,True
FRCLTEXT000265_front,right,right,True
FRCLTEXT000265_left,right,front,False
FRCLTEXT000265_back,right,front,False
FRCLTEXT000265_right,right,front,False
FRCLTEXT000266,back,back,True
FRCLTEXT000267_front,front,front,True
FRCLTEXT000267_left,left,right,False
FRCLTEXT000267_back,back,back,True
FRCLTEXT000267_right,right,left,False
FRCLTEXT000268_front,front,front,True
FRCLTEXT000268_left,front,left,False
FRCLTEXT000268_back,front,back,False
FRCLTEXT000268_right,front,left,False
FRCLTEXT000269,left,left,True
FRCLTEXT000270_front,front,front,True
FRCLTEXT000270_left,left,right,False
FRCLTEXT000270_back,back,back,True
FRCLTEXT000270_right,right,left,False
FRCLTEXT000271_front,back,back,True
FRCLTEXT000271_left,back,right,False
FRCLTEXT000271_back,back,front,False
FRCLTEXT000271_right,back,left,False
FRCLTEXT000272_front,left,left,True
FRCLTEXT000272_left,left,front,False
FRCLTEXT000272_back,left,left,True
FRCLTEXT000272_right,left,left,True
FRCLTEXT000273,back,back,True
FRCLTEXT000274_front,left,left,True
FRCLTEXT000274_left,left,front,False
FRCLTEXT000274_back,left,left,True
FRCLTEXT000274_right,left,left,True
FRCLTEXT000275,right,right,True
FRCLTEXT000276_front,left,left,True
FRCLTEXT000276_left,left,front,False
FRCLTEXT000276_back,left,right,False
FRCLTEXT000276_right,left,left,True
FRCLTEXT000277_front,back,back,True
FRCLTEXT000277_left,back,back,True
FRCLTEXT000277_back,back,back,True
FRCLTEXT000277_right,back,back,True
FRCLTEXT000278_front,left,left,True
FRCLTEXT000278_left,left,front,False
FRCLTEXT000278_back,left,right,False
FRCLTEXT000278_right,left,left,True
FRCLTEXT000279_front,right,left,False
FRCLTEXT000279_left,front,front,True
FRCLTEXT000279_back,left,right,False
FRCLTEXT000279_right,back,left,False
FRCLTEXT000280_front,right,left,False
FRCLTEXT000280_left,front,left,False
FRCLTEXT000280_back,left,right,False
FRCLTEXT000280_right,back,front,False
FRCLTEXT000281,back,back,True
FRCLTEXT000282_front,front,front,True
FRCLTEXT000282_left,front,front,True
FRCLTEXT000282_back,front,back,False
FRCLTEXT000282_right,front,left,False
FRCLTEXT000283,right,right,True
FRCLTEXT000284_front,left,right,False
FRCLTEXT000284_left,back,right,False
FRCLTEXT000284_back,right,left,False
FRCLTEXT000284_right,front,right,False
FRCLTEXT000285_front,right,right,True
FRCLTEXT000285_left,right,back,False
FRCLTEXT000285_back,right,left,False
FRCLTEXT000285_right,right,front,False
FRCLTEXT000286_front,left,left,True
FRCLTEXT000286_left,left,left,True
FRCLTEXT000286_back,left,left,True
FRCLTEXT000286_right,left,left,True
FRCLTEXT000287_front,left,left,True
FRCLTEXT000287_left,left,left,True
FRCLTEXT000287_back,left,left,True
FRCLTEXT000287_right,left,left,True
FRCLTEXT000288,left,left,True
FRCLTEXT000289_front,right,left,False
FRCLTEXT000289_left,front,left,False
FRCLTEXT000289_back,left,right,False
FRCLTEXT000289_right,back,left,False
FRCLTEXT000290_front,front,front,True
FRCLTEXT000290_left,front,left,False
FRCLTEXT000290_back,front,back,False
FRCLTEXT000290_right,front,left,False
FRCLTEXT000291,left,left,True
FRCLTEXT000292_front,left,right,False
FRCLTEXT000292_left,back,right,False
FRCLTEXT000292_back,right,front,False
FRCLTEXT000292_right,front,right,False
FRCLTEXT000293_front,back,back,True
FRCLTEXT000293_left,right,right,True
FRCLTEXT000293_back,front,front,True
FRCLTEXT000293_right,left,left,True
FRCLTEXT000294_front,right,left,False
FRCLTEXT000294_left,front,front,True
FRCLTEXT000294_back,left,right,False
FRCLTEXT000294_right,back,left,False
FRCLTEXT000295,left,left,True
FRCLTEXT000296_front,front,front,True
FRCLTEXT000296_left,left,right,False
FRCLTEXT000296_back,back,back,True
FRCLTEXT000296_right,right,left,False
FRCLTEXT000297_front,left,right,False
FRCLTEXT000297_left,back,right,False
FRCLTEXT000297_back,right,left,False
FRCLTEXT000297_right,front,front,True
FRCLTEXT000298_front,right,right,True
FRCLTEXT000298_left,right,right,True
FRCLTEXT000298_back,right,left,False
FRCLTEXT000298_right,right,front,False
FRCLTEXT000299_front,front,front,True
FRCLTEXT000299_left,front,front,True
FRCLTEXT000299_back,front,back,False
FRCLTEXT000299_right,front,front,True
FRCLTEXT000300_front,left,right,False
FRCLTEXT000300_left,back,right,False
FRCLTEXT000300_back,right,left,False
FRCLTEXT000300_right,front,right,False
FRCLTEXT000301,right,right,True
FRCLTEXT000302_front,front,front,True
FRCLTEXT000302_left,left,right,False
FRCLTEXT000302_back,back,back,True
FRCLTEXT000302_right,right,left,False
FRCLTEXT000303,left,left,True
FRCLTEXT000304_front,back,back,True
FRCLTEXT000304_left,back,back,True
FRCLTEXT000304_back,back,front,False
FRCLTEXT000304_right,back,left,False
FRCLTEXT000305_front,right,left,False
FRCLTEXT000305_left,front,front,True
FRCLTEXT000305_back,left,front,False
FRCLTEXT000305_right,back,left,False
FRCLTEXT000306_front,back,back,True
FRCLTEXT000306_left,right,right,True
FRCLTEXT000306_back,front,front,True
FRCLTEXT000306_right,left,left,True
FRCLTEXT000307,right,right,True
FRCLTEXT000308,left,left,True
FRCLTEXT000309_front,front,front,True
FRCLTEXT000309_left,front,right,False
FRCLTEXT000309_back,front,back,False
FRCLTEXT000309_right,front,front,True
FRCLTEXT000310,front,front,True
FRCLTEXT000311_front,back,back,True
FRCLTEXT000311_left,right,right,True
FRCLTEXT000311_back,front,front,True
FRCLTEXT000311_right,left,left,True
FRCLTEXT000312_front,front,back,False
FRCLTEXT000312_left,front,front,True
FRCLTEXT000312_back,front,front,True
FRCLTEXT000312_right,front,left,False
FRCLTEXT000313,right,right,True
FRCLTEXT000314_front,front,front,True
FRCLTEXT000314_left,left,right,False
FRCLTEXT000314_back,back,back,True
FRCLTEXT000314_right,right,left,False
FRCLTEXT000315,back,back,True
FRCLTEXT000316_front,right,right,True
FRCLTEXT000316_left,right,right,True
FRCLTEXT000316_back,right,back,False
FRCLTEXT000316_right,right,right,True
FRCLTEXT000317_front,right,left,False
FRCLTEXT000317_left,front,left,False
FRCLTEXT000317_back,left,right,False
FRCLTEXT000317_right,back,left,False
FRCLTEXT000318_front,right,right,True
FRCLTEXT000318_left,right,right,True
FRCLTEXT000318_back,right,right,True
FRCLTEXT000318_right,right,front,False
FRCLTEXT000319_front,right,left,False
FRCLTEXT000319_left,front,front,True
FRCLTEXT000319_back,left,right,False
FRCLTEXT000319_right,back,left,False
FRCLTEXT000320,left,left,True
FRCLTEXT000321_front,right,left,False
FRCLTEXT000321_left,front,front,True
FRCLTEXT000321_back,left,right,False
FRCLTEXT000321_right,back,left,False
FRCLTEXT000322_front,right,right,True
FRCLTEXT000322_left,right,right,True
FRCLTEXT000322_back,right,back,False
FRCLTEXT000322_right,right,right,True
FRCLTEXT000323_front,left,right,False
FRCLTEXT000323_left,back,right,False
FRCLTEXT000323_back,right,front,False
FRCLTEXT000323_right,front,right,False
FRCLTEXT000324_front,right,left,False
FRCLTEXT000324_left,right,right,True
FRCLTEXT000324_back,right,left,False
FRCLTEXT000324_right,right,back,False
FRCLTEXT000325,back,back,True
FRCLTEXT000326,right,right,True
FRCLTEXT000327_front,right,right,True
FRCLTEXT000327_left,right,right,True
FRCLTEXT000327_back,right,left,False
FRCLTEXT000327_right,right,right,True
FRCLTEXT000328_front,left,left,True
FRCLTEXT000328_left,left,front,False
FRCLTEXT000328_back,left,left,True
FRCLTEXT000328_right,left,left,True
FRCLTEXT000329,left,left,True
FRCLTEXT000330_front,back,back,True
FRCLTEXT000330_left,back,right,False
FRCLTEXT000330_back,back,front,False
FRCLTEXT000330_right,back,back,True
FRCLTEXT000331,front,front,True
FRCLTEXT000332_front,back,back,True
FRCLTEXT000332_left,back,back,True
FRCLTEXT000332_back,back,back,True
FRCLTEXT000332_right,back,back,True
FRCLTEXT000333_front,front,front,True
FRCLTEXT000333_left,left,right,False
FRCLTEXT000333_back,back,back,True
FRCLTEXT000333_right,right,left,False
FRCLTEXT000334,left,left,True
FRCLTEXT000335_front,left,left,True
FRCLTEXT000335_left,left,left,True
FRCLTEXT000335_back,left,left,True
FRCLTEXT000335_right,left,left,True
FRCLTEXT000336_front,front,front,True
FRCLTEXT000336_left,left,right,False
FRCLTEXT000336_back,back,back,True
FRCLTEXT000336_right,right,left,False
FRCLTEXT000337_front,right,right,True
FRCLTEXT000337_left,right,back,False
FRCLTEXT000337_back,right,back,False
FRCLTEXT000337_right,right,front,False
FRCLTEXT000338_front,left,left,True
FRCLTEXT000338_left,left,right,False
FRCLTEXT000338_back,left,left,True
FRCLTEXT000338_right,left,left,True
FRCLTEXT000339_front,left,right,False
FRCLTEXT000339_left,back,right,False
FRCLTEXT000339_back,right,left,False
FRCLTEXT000339_right,front,right,False
FRCLTEXT000340_front,right,right,True
FRCLTEXT000340_left,right,right,True
FRCLTEXT000340_back,right,back,False
FRCLTEXT000340_right,right,front,False
FRCLTEXT000341_front,left,left,True
FRCLTEXT000341_left,left,front,False
FRCLTEXT000341_back,left,left,True
FRCLTEXT000341_right,left,left,True
FRCLTEXT000342,front,front,True
FRCLTEXT000343_front,right,right,True
FRCLTEXT000343_left,right,right,True
FRCLTEXT000343_back,right,left,False
FRCLTEXT000343_right,right,right,True
FRCLTEXT000344,back,back,True
FRCLTEXT000345_front,front,front,True
FRCLTEXT000345_left,front,front,True
FRCLTEXT000345_back,front,front,True
FRCLTEXT000345_right,front,left,False
FRCLTEXT000346_front,front,front,True
FRCLTEXT000346_left,front,left,False
FRCLTEXT000346_back,front,back,False
FRCLTEXT000346_right,front,left,False
FRCLTEXT000347_front,left,right,False
FRCLTEXT000347_left,back,right,False
FRCLTEXT000347_back,right,left,False
FRCLTEXT000347_right,front,right,False
FRCLTEXT000348_front,back,back,True
FRCLTEXT000348_left,back,right,False
FRCLTEXT000348_back,back,front,False
FRCLTEXT000348_right,back,left,False
FRCLTEXT000349,back,back,True
FRCLTEXT000350,front,front,True
FRCLTEXT000351,back,back,True
FRCLTEXT000352_front,front,front,True
FRCLTEXT000352_left,left,right,False
FRCLTEXT000352_back,back,back,True
FRCLTEXT000352_right,right,left,False
FRCLTEXT000353_front,back,back,True
FRCLTEXT000353_left,back,right,False
FRCLTEXT000353_back,back,front,False
FRCLTEXT000353_right,back,left,False
FRCLTEXT000354_front,right,right,True
FRCLTEXT000354_left,right,back,False
FRCLTEXT000354_back,right,left,False
FRCLTEXT000354_right,right,front,False
FRCLTEXT000355_front,left,right,False
FRCLTEXT000355_left,back,right,False
FRCLTEXT000355_back,right,left,False
FRCLTEXT000355_right,front,right,False
FRCLTEXT000356_front,front,front,True
FRCLTEXT000356_left,left,right,False
FRCLTEXT000356_back,back,back,True
FRCLTEXT000356_right,right,left,False
FRCLTEXT000357_front,left,left,True
FRCLTEXT000357_left,left,front,False
FRCLTEXT000357_back,left,left,True
FRCLTEXT000357_right,left,left,True
FRCLTEXT000358_front,left,left,True
FRCLTEXT000358_left,left,front,False
FRCLTEXT000358_back,left,left,True
FRCLTEXT000358_right,left,left,True
FRCLTEXT000359,left,left,True
FRCLTEXT000360_front,right,right,True
FRCLTEXT000360_left,right,back,False
FRCLTEXT000360_back,right,front,False
FRCLTEXT000360_right,right,right,True
FRCLTEXT000361_front,left,right,False
FRCLTEXT000361_left,back,right,False
FRCLTEXT000361_back,right,front,False
FRCLTEXT000361_right,front,right,False
FRCLTEXT000362,back,back,True
FRCLTEXT000363,left,left,True
FRCLTEXT000364,back,back,True
FRCLTEXT000365_front,back,back,True
FRCLTEXT000365_left,back,right,False
FRCLTEXT000365_back,back,front,False
FRCLTEXT000365_right,back,left,False
FRCLTEXT000366_front,front,front,True
FRCLTEXT000366_left,front,front,True
FRCLTEXT000366_back,front,back,False
FRCLTEXT000366_right,front,left,False
FRCLTEXT000367_front,back,back,True
FRCLTEXT000367_left,right,right,True
FRCLTEXT000367_back,front,front,True
FRCLTEXT000367_right,left,left,True
FRCLTEXT000368_front,right,left,False
FRCLTEXT000368_left,front,left,False
FRCLTEXT000368_back,left,right,False
FRCLTEXT000368_right,back,left,False
FRCLTEXT000369_front,right,left,False
FRCLTEXT000369_left,front,front,True
FRCLTEXT000369_back,left,right,False
FRCLTEXT000369_right,back,left,False
FRCLTEXT000370,back,back,True
FRCLTEXT000371_front,right,right,True
FRCLTEXT000371_left,right,back,False
FRCLTEXT000371_back,right,back,False
FRCLTEXT000371_right,right,front,False
FRCLTEXT000372,front,front,True
FRCLTEXT000373,front,front,True
FRCLTEXT000374_front,left,left,True
FRCLTEXT000374_left,left,front,False
FRCLTEXT000374_back,left,left,True
FRCLTEXT000374_right,left,left,True
FRCLTEXT000375_front,left,left,True
FRCLTEXT000375_left,left,front,False
FRCLTEXT000375_back,left,right,False
FRCLTEXT000375_right,left,left,True
FRCLTEXT000376_front,back,back,True
FRCLTEXT000376_left,back,back,True
FRCLTEXT000376_back,back,front,False
FRCLTEXT000376_right,back,left,False
FRCLTEXT000377,back,back,True
FRCLTEXT000378_front,front,front,True
FRCLTEXT000378_left,front,right,False
FRCLTEXT000378_back,front,back,False
FRCLTEXT000378_right,front,right,False
FRCLTEXT000379_front,back,back,True
FRCLTEXT000379_left,back,right,False
FRCLTEXT000379_back,back,back,True
FRCLTEXT000379_right,back,left,False
FRCLTEXT000380,right,right,True
FRCLTEXT000381_front,left,right,False
FRCLTEXT000381_left,back,right,False
FRCLTEXT000381_back,right,left,False
FRCLTEXT000381_right,front,right,False
FRCLTEXT000382,left,left,True
FRCLTEXT000383_front,back,back,True
FRCLTEXT000383_left,back,right,False
FRCLTEXT000383_back,back,front,False
FRCLTEXT000383_right,back,left,False
FRCLTEXT000384_front,front,back,False
FRCLTEXT000384_left,front,right,False
FRCLTEXT000384_back,front,back,False
FRCLTEXT000384_right,front,front,True
FRCLTEXT000385,front,front,True
FRCLTEXT000386_front,left,left,True
FRCLTEXT000386_left,left,front,False
FRCLTEXT000386_back,left,left,True
FRCLTEXT000386_right,left,left,True
FRCLTEXT000387_front,right,right,True
FRCLTEXT000387_left,right,front,False
FRCLTEXT000387_back,right,left,False
FRCLTEXT000387_right,right,front,False
FRCLTEXT000388,right,right,True
FRCLTEXT000389_front,front,front,True
FRCLTEXT000389_left,left,right,False
FRCLTEXT000389_back,back,back,True
FRCLTEXT000389_right,right,left,False
FRCLTEXT000390_front,right,left,False
FRCLTEXT000390_left,front,front,True
FRCLTEXT000390_back,left,right,False
FRCLTEXT000390_right,back,left,False
FRCLTEXT000391_front,front,front,True
FRCLTEXT000391_left,front,front,True
FRCLTEXT000391_back,front,front,True
FRCLTEXT000391_right,front,left,False
FRCLTEXT000392,front,front,True
FRCLTEXT000393_front,right,right,True
FRCLTEXT000393_left,right,right,True
FRCLTEXT000393_back,right,back,False
FRCLTEXT000393_right,right,front,False
FRCLTEXT000394,back,back,True
FRCLTEXT000395_front,left,left,True
FRCLTEXT000395_left,left,left,True
FRCLTEXT000395_back,left,left,True
FRCLTEXT000395_right,left,left,True
FRCLTEXT000396_front,back,back,True
FRCLTEXT000396_left,back,right,False
FRCLTEXT000396_back,back,front,False
FRCLTEXT000396_right,back,left,False
FRCLTEXT000397_front,right,left,False
FRCLTEXT000397_left,front,front,True
FRCLTEXT000397_back,left,right,False
FRCLTEXT000397_right,back,left,False
FRCLTEXT000398_front,right,right,True
FRCLTEXT000398_left,right,back,False
FRCLTEXT000398_back,right,back,False
FRCLTEXT000398_right,right,front,False
FRCLTEXT000399_front,back,back,True
FRCLTEXT000399_left,back,right,False
FRCLTEXT000399_back,back,front,False
FRCLTEXT000399_right,back,left,False
FRCLTEXT000400_front,right,right,True
FRCLTEXT000400_left,right,left,False
FRCLTEXT000400_back,right,right,True
FRCLTEXT000400_right,right,back,False
FRCLTEXT000401_front,back,back,True
FRCLTEXT000401_left,right,right,True
FRCLTEXT000401_back,front,front,True
FRCLTEXT000401_right,left,left,True
FRCLTEXT000402_front,right,right,True
FRCLTEXT000402_left,right,right,True
FRCLTEXT000402_back,right,right,True
FRCLTEXT000402_right,right,right,True
FRCLTEXT000403_front,back,back,True
FRCLTEXT000403_left,right,right,True
FRCLTEXT000403_back,front,front,True
FRCLTEXT000403_right,left,left,True
FRCLTEXT000404_front,right,left,False
FRCLTEXT000404_left,front,left,False
FRCLTEXT000404_back,left,right,False
FRCLTEXT000404_right,back,front,False
FRCLTEXT000405_front,left,right,False
FRCLTEXT000405_left,back,right,False
FRCLTEXT000405_back,right,left,False
FRCLTEXT000405_right,front,right,False
FRCLTEXT000406_front,back,back,True
FRCLTEXT000406_left,right,right,True
FRCLTEXT000406_back,front,front,True
FRCLTEXT000406_right,left,left,True
FRCLTEXT000407,front,front,True
FRCLTEXT000408_front,back,back,True
FRCLTEXT000408_left,right,right,True
FRCLTEXT000408_back,front,front,True
FRCLTEXT000408_right,left,left,True
FRCLTEXT000409_front,left,right,False
FRCLTEXT000409_left,back,right,False
FRCLTEXT000409_back,right,front,False
FRCLTEXT000409_right,front,right,False
FRCLTEXT000410_front,right,left,False
FRCLTEXT000410_left,front,front,True
FRCLTEXT000410_back,left,right,False
FRCLTEXT000410_right,back,left,False
FRCLTEXT000411,back,back,True
FRCLTEXT000412_front,front,front,True
FRCLTEXT000412_left,front,right,False
FRCLTEXT000412_back,front,back,False
FRCLTEXT000412_right,front,left,False
FRCLTEXT000413_front,front,front,True
FRCLTEXT000413_left,left,right,False
FRCLTEXT000413_back,back,back,True
FRCLTEXT000413_right,right,left,False
FRCLTEXT000414,left,right,False
FRCLTEXT000415_front,right,left,False
FRCLTEXT000415_left,front,left,False
FRCLTEXT000415_back,left,right,False
FRCLTEXT000415_right,back,front,False
FRCLTEXT000416_front,back,back,True
FRCLTEXT000416_left,right,right,True
FRCLTEXT000416_back,front,front,True
FRCLTEXT000416_right,left,left,True
FRCLTEXT000417,back,back,True
FRCLTEXT000418_front,back,back,True
FRCLTEXT000418_left,back,back,True
FRCLTEXT000418_back,back,back,True
FRCLTEXT000418_right,back,left,False
FRCLTEXT000419_front,back,back,True
FRCLTEXT000419_left,back,right,False
FRCLTEXT000419_back,back,front,False
FRCLTEXT000419_right,back,left,False
FRCLTEXT000420_front,right,right,True
FRCLTEXT000420_left,right,right,True
FRCLTEXT000420_back,right,back,False
FRCLTEXT000420_right,right,front,False
FRCLTEXT000421_front,front,front,True
FRCLTEXT000421_left,front,front,True
FRCLTEXT000421_back,front,front,True
FRCLTEXT000421_right,front,left,False
FRCLTEXT000422,back,back,True
FRCLTEXT000423,right,right,True
FRCLTEXT000424,front,front,True
FRCLTEXT000425_front,left,left,True
FRCLTEXT000425_left,left,front,False
FRCLTEXT000425_back,left,left,True
FRCLTEXT000425_right,left,left,True
FRCLTEXT000426_front,back,back,True
FRCLTEXT000426_left,right,right,True
FRCLTEXT000426_back,front,front,True
FRCLTEXT000426_right,left,left,True
FRCLTEXT000427_front,right,left,False
FRCLTEXT000427_left,front,front,True
FRCLTEXT000427_back,left,right,False
FRCLTEXT000427_right,back,left,False
FRCLTEXT000428,left,left,True
FRCLTEXT000429_front,right,left,False
FRCLTEXT000429_left,front,left,False
FRCLTEXT000429_back,left,right,False
FRCLTEXT000429_right,back,left,False
FRCLTEXT000430_front,left,left,True
FRCLTEXT000430_left,left,front,False
FRCLTEXT000430_back,left,back,False
FRCLTEXT000430_right,left,left,True
FRCLTEXT000431_front,back,back,True
FRCLTEXT000431_left,right,right,True
FRCLTEXT000431_back,front,front,True
FRCLTEXT000431_right,left,left,True
FRCLTEXT000432_front,back,back,True
FRCLTEXT000432_left,back,back,True
FRCLTEXT000432_back,back,front,False
FRCLTEXT000432_right,back,left,False
FRCLTEXT000433,front,front,True
FRCLTEXT000434_front,front,front,True
FRCLTEXT000434_left,front,front,True
FRCLTEXT000434_back,front,front,True
FRCLTEXT000434_right,front,right,False
FRCLTEXT000435,back,back,True
FRCLTEXT000436_front,left,right,False
FRCLTEXT000436_left,back,right,False
FRCLTEXT000436_back,right,left,False
FRCLTEXT000436_right,front,front,True
FRCLTEXT000437,left,left,True
FRCLTEXT000438_front,back,back,True
FRCLTEXT000438_left,right,right,True
FRCLTEXT000438_back,front,front,True
FRCLTEXT000438_right,left,left,True
FRCLTEXT000439,left,left,True
FRCLTEXT000440,right,right,True
FRCLTEXT000441_front,front,front,True
FRCLTEXT000441_left,front,front,True
FRCLTEXT000441_back,front,back,False
FRCLTEXT000441_right,front,left,False
FRCLTEXT000442_front,left,right,False
FRCLTEXT000442_left,back,right,False
FRCLTEXT000442_back,right,left,False
FRCLTEXT000442_right,front,right,False
FRCLTEXT000443_front,right,right,True
FRCLTEXT000443_left,right,back,False
FRCLTEXT000443_back,right,back,False
FRCLTEXT000443_right,right,back,False
FRCLTEXT000444_front,left,left,True
FRCLTEXT000444_left,left,front,False
FRCLTEXT000444_back,left,right,False
FRCLTEXT000444_right,left,left,True
FRCLTEXT000445_front,front,front,True
FRCLTEXT000445_left,left,left,True
FRCLTEXT000445_back,back,back,True
FRCLTEXT000445_right,right,left,False
FRCLTEXT000446_front,left,right,False
FRCLTEXT000446_left,back,right,False
FRCLTEXT000446_back,right,left,False
FRCLTEXT000446_right,front,right,False
FRCLTEXT000447_front,left,left,True
FRCLTEXT000447_left,left,right,False
FRCLTEXT000447_back,left,left,True
FRCLTEXT000447_right,left,left,True
FRCLTEXT000448_front,front,front,True
FRCLTEXT000448_left,left,right,False
FRCLTEXT000448_back,back,back,True
FRCLTEXT000448_right,right,left,False
FRCLTEXT000449,front,front,True
FRCLTEXT000450,right,right,True
FRCLTEXT000451_front,right,left,False
FRCLTEXT000451_left,front,front,True
FRCLTEXT000451_back,left,right,False
FRCLTEXT000451_right,back,left,False
FRCLTEXT000452_front,right,right,True
FRCLTEXT000452_left,right,right,True
FRCLTEXT000452_back,right,left,False
FRCLTEXT000452_right,right,left,False
FRCLTEXT000453_front,right,right,True
FRCLTEXT000453_left,right,right,True
FRCLTEXT000453_back,right,right,True
FRCLTEXT000453_right,right,front,False
FRCLTEXT000454_front,back,back,True
FRCLTEXT000454_left,right,right,True
FRCLTEXT000454_back,front,front,True
FRCLTEXT000454_right,left,left,True
FRCLTEXT000455_front,right,right,True
FRCLTEXT000455_left,right,back,False
FRCLTEXT000455_back,right,left,False
FRCLTEXT000455_right,right,back,False
FRCLTEXT000456,left,left,True
FRCLTEXT000457_front,back,back,True
FRCLTEXT000457_left,right,right,True
FRCLTEXT000457_back,front,front,True
FRCLTEXT000457_right,left,left,True
FRCLTEXT000458,back,back,True
FRCLTEXT000459_front,back,back,True
FRCLTEXT000459_left,back,back,True
FRCLTEXT000459_back,back,front,False
FRCLTEXT000459_right,back,back,True
FRCLTEXT000460_front,back,back,True
FRCLTEXT000460_left,back,back,True
FRCLTEXT000460_back,back,front,False
FRCLTEXT000460_right,back,back,True
FRCLTEXT000461,left,left,True
FRCLTEXT000462_front,right,right,True
FRCLTEXT000462_left,right,right,True
FRCLTEXT000462_back,right,front,False
FRCLTEXT000462_right,right,front,False
FRCLTEXT000463_front,right,left,False
FRCLTEXT000463_left,front,front,True
FRCLTEXT000463_back,left,right,False
FRCLTEXT000463_right,back,left,False
FRCLTEXT000464,right,right,True
FRCLTEXT000465,left,left,True
FRCLTEXT000466_front,left,left,True
FRCLTEXT000466_left,left,front,False
FRCLTEXT000466_back,left,left,True
FRCLTEXT000466_right,left,left,True
FRCLTEXT000467_front,back,back,True
FRCLTEXT000467_left,back,right,False
FRCLTEXT000467_back,back,front,False
FRCLTEXT000467_right,back,back,True
FRCLTEXT000468_front,left,right,False
FRCLTEXT000468_left,back,right,False
FRCLTEXT000468_back,right,left,False
FRCLTEXT000468_right,front,right,False
FRCLTEXT000469_front,back,back,True
FRCLTEXT000469_left,right,right,True
FRCLTEXT000469_back,front,front,True
FRCLTEXT000469_right,left,left,True
FRCLTEXT000470,back,back,True
FRCLTEXT000471_front,left,left,True
FRCLTEXT000471_left,left,front,False
FRCLTEXT000471_back,left,left,True
FRCLTEXT000471_right,left,left,True
FRCLTEXT000472_front,back,back,True
FRCLTEXT000472_left,right,right,True
FRCLTEXT000472_back,front,front,True
FRCLTEXT000472_right,left,left,True
FRCLTEXT000473_front,left,left,True
FRCLTEXT000473_left,left,front,False
FRCLTEXT000473_back,left,left,True
FRCLTEXT000473_right,left,left,True
FRCLTEXT000474_front,front,back,False
FRCLTEXT000474_left,left,left,True
FRCLTEXT000474_back,back,back,True
FRCLTEXT000474_right,right,left,False
FRCLTEXT000475_front,front,front,True
FRCLTEXT000475_left,front,front,True
FRCLTEXT000475_back,front,back,False
FRCLTEXT000475_right,front,left,False
FRCLTEXT000476_front,right,left,False
FRCLTEXT000476_left,front,front,True
FRCLTEXT000476_back,left,right,False
FRCLTEXT000476_right,back,left,False
FRCLTEXT000477,right,right,True
FRCLTEXT000478_front,right,right,True
FRCLTEXT000478_left,right,left,False
FRCLTEXT000478_back,right,right,True
FRCLTEXT000478_right,right,front,False
FRCLTEXT000479,right,right,True
FRCLTEXT000480_front,right,left,False
FRCLTEXT000480_left,front,front,True
FRCLTEXT000480_back,left,right,False
FRCLTEXT000480_right,back,left,False
FRCLTEXT000481,back,back,True
FRCLTEXT000482_front,back,back,True
FRCLTEXT000482_left,back,back,True
FRCLTEXT000482_back,back,front,False
FRCLTEXT000482_right,back,left,False
FRCLTEXT000483_front,right,right,True
FRCLTEXT000483_left,right,right,True
FRCLTEXT000483_back,right,right,True
FRCLTEXT000483_right,right,front,False
FRCLTEXT000484,front,front,True
FRCLTEXT000485_front,front,front,True
FRCLTEXT000485_left,left,left,True
FRCLTEXT000485_back,back,back,True
FRCLTEXT000485_right,right,left,False
FRCLTEXT000486_front,left,left,True
FRCLTEXT000486_left,left,front,False
FRCLTEXT000486_back,left,right,False
FRCLTEXT000486_right,left,left,True
FRCLTEXT000487_front,left,left,True
FRCLTEXT000487_left,left,front,False
FRCLTEXT000487_back,left,left,True
FRCLTEXT000487_right,left,left,True
FRCLTEXT000488_front,left,right,False
FRCLTEXT000488_left,back,left,False
FRCLTEXT000488_back,right,left,False
FRCLTEXT000488_right,front,right,False
FRCLTEXT000489_front,right,right,True
FRCLTEXT000489_left,right,back,False
FRCLTEXT000489_back,right,right,True
FRCLTEXT000489_right,right,front,False
FRCLTEXT000490_front,front,front,True
FRCLTEXT000490_left,front,right,False
FRCLTEXT000490_back,front,back,False
FRCLTEXT000490_right,front,left,False
FRCLTEXT000491_front,right,left,False
FRCLTEXT000491_left,front,left,False
FRCLTEXT000491_back,left,right,False
FRCLTEXT000491_right,back,left,False
FRCLTEXT000492,back,back,True
FRCLTEXT000493_front,back,back,True
FRCLTEXT000493_left,back,back,True
FRCLTEXT000493_back,back,front,False
FRCLTEXT000493_right,back,left,False
FRCLTEXT000494_front,left,left,True
FRCLTEXT000494_left,left,back,False
FRCLTEXT000494_back,left,left,True
FRCLTEXT000494_right,left,left,True
FRCLTEXT000495_front,back,front,False
FRCLTEXT000495_left,right,right,True
FRCLTEXT000495_back,front,front,True
FRCLTEXT000495_right,left,left,True
FRCLTEXT000496,front,front,True
FRCLTEXT000497,back,back,True
FRCLTEXT000498_front,back,back,True
FRCLTEXT000498_left,back,right,False
FRCLTEXT000498_back,back,back,True
FRCLTEXT000498_right,back,left,False
FRCLTEXT000499_front,back,back,True
FRCLTEXT000499_left,back,right,False
FRCLTEXT000499_back,back,front,False
FRCLTEXT000499_right,back,left,False
FRCLTEXT000500,front,front,True
FRCLTEXT000501,back,back,True
FRCLTEXT000502,back,back,True
FRCLTEXT000503,left,left,True
FRCLTEXT000504_front,front,front,True
FRCLTEXT000504_left,left,left,True
FRCLTEXT000504_back,back,back,True
FRCLTEXT000504_right,right,right,True
FRCLTEXT000505,left,left,True
FRCLTEXT000506_front,front,front,True
FRCLTEXT000506_left,front,front,True
FRCLTEXT000506_back,front,front,True
FRCLTEXT000506_right,front,front,True
FRCLTEXT000507,left,left,True
FRCLTEXT000508_front,right,right,True
FRCLTEXT000508_left,right,right,True
FRCLTEXT000508_back,right,right,True
FRCLTEXT000508_right,right,front,False
FRCLTEXT000509,front,front,True
FRCLTEXT000510_front,right,left,False
FRCLTEXT000510_left,front,front,True
FRCLTEXT000510_back,left,right,False
FRCLTEXT000510_right,back,front,False
FRCLTEXT000511_front,left,right,False
FRCLTEXT000511_left,back,right,False
FRCLTEXT000511_back,right,left,False
FRCLTEXT000511_right,front,right,False
FRCLTEXT000512_front,right,right,True
FRCLTEXT000512_left,right,right,True
FRCLTEXT000512_back,right,right,True
FRCLTEXT000512_right,right,right,True
FRCLTEXT000513_front,right,left,False
FRCLTEXT000513_left,front,front,True
FRCLTEXT000513_back,left,right,False
FRCLTEXT000513_right,back,left,False
FRCLTEXT000514_front,right,left,False
FRCLTEXT000514_left,front,front,True
FRCLTEXT000514_back,left,right,False
FRCLTEXT000514_right,back,left,False
FRCLTEXT000515,left,left,True
FRCLTEXT000516,left,left,True
FRCLTEXT000517,right,right,True
FRCLTEXT000518_front,right,left,False
FRCLTEXT000518_left,front,front,True
FRCLTEXT000518_back,left,right,False
FRCLTEXT000518_right,back,left,False
FRCLTEXT000519,back,back,True
FRCLTEXT000520_front,left,right,False
FRCLTEXT000520_left,back,left,False
FRCLTEXT000520_back,right,left,False
FRCLTEXT000520_right,front,right,False
FRCLTEXT000521_front,front,back,False
FRCLTEXT000521_left,front,right,False
FRCLTEXT000521_back,front,front,True
FRCLTEXT000521_right,front,left,False
FRCLTEXT000522_front,front,back,False
FRCLTEXT000522_left,front,left,False
FRCLTEXT000522_back,front,back,False
FRCLTEXT000522_right,front,front,True
FRCLTEXT000523_front,front,front,True
FRCLTEXT000523_left,left,right,False
FRCLTEXT000523_back,back,back,True
FRCLTEXT000523_right,right,left,False
FRCLTEXT000524_front,left,right,False
FRCLTEXT000524_left,back,right,False
FRCLTEXT000524_back,right,left,False
FRCLTEXT000524_right,front,right,False
FRCLTEXT000525_front,left,right,False
FRCLTEXT000525_left,back,left,False
FRCLTEXT000525_back,right,left,False
FRCLTEXT000525_right,front,right,False
FRCLTEXT000526_front,left,left,True
FRCLTEXT000526_left,left,front,False
FRCLTEXT000526_back,left,right,False
FRCLTEXT000526_right,left,left,True
FRCLTEXT000527,left,left,True
FRCLTEXT000528_front,back,front,False
FRCLTEXT000528_left,back,right,False
FRCLTEXT000528_back,back,front,False
FRCLTEXT000528_right,back,left,False
FRCLTEXT000529,front,front,True
FRCLTEXT000530,front,right,False
FRCLTEXT000531_front,left,left,True
FRCLTEXT000531_left,left,front,False
FRCLTEXT000531_back,left,left,True
FRCLTEXT000531_right,left,left,True
FRCLTEXT000532_front,left,right,False
FRCLTEXT000532_left,back,right,False
FRCLTEXT000532_back,right,left,False
FRCLTEXT000532_right,front,front,True
FRCLTEXT000533_front,front,back,False
FRCLTEXT000533_left,front,front,True
FRCLTEXT000533_back,front,back,False
FRCLTEXT000533_right,front,left,False
FRCLTEXT000534_front,right,right,True
FRCLTEXT000534_left,right,right,True
FRCLTEXT000534_back,right,right,True
FRCLTEXT000534_right,right,front,False
FRCLTEXT000535_front,front,front,True
FRCLTEXT000535_left,front,front,True
FRCLTEXT000535_back,front,back,False
FRCLTEXT000535_right,front,right,False
FRCLTEXT000536,left,left,True
FRCLTEXT000537_front,right,left,False
FRCLTEXT000537_left,front,front,True
FRCLTEXT000537_back,left,right,False
FRCLTEXT000537_right,back,front,False
FRCLTEXT000538,back,back,True
FRCLTEXT000539_front,back,back,True
FRCLTEXT000539_left,back,back,True
FRCLTEXT000539_back,back,front,False
FRCLTEXT000539_right,back,left,False
FRCLTEXT000540,front,front,True
FRCLTEXT000541_front,left,left,True
FRCLTEXT000541_left,left,front,False
FRCLTEXT000541_back,left,left,True
FRCLTEXT000541_right,left,left,True
FRCLTEXT000542,right,right,True
FRCLTEXT000543_front,front,front,True
FRCLTEXT000543_left,left,left,True
FRCLTEXT000543_back,back,back,True
FRCLTEXT000543_right,right,left,False
FRCLTEXT000544_front,back,back,True
FRCLTEXT000544_left,back,back,True
FRCLTEXT000544_back,back,front,False
FRCLTEXT000544_right,back,back,True
FRCLTEXT000545_front,back,back,True
FRCLTEXT000545_left,back,right,False
FRCLTEXT000545_back,back,front,False
FRCLTEXT000545_right,back,left,False
FRCLTEXT000546_front,front,front,True
FRCLTEXT000546_left,front,left,False
FRCLTEXT000546_back,front,back,False
FRCLTEXT000546_right,front,left,False
FRCLTEXT000547_front,back,back,True
FRCLTEXT000547_left,right,right,True
FRCLTEXT000547_back,front,front,True
FRCLTEXT000547_right,left,left,True
FRCLTEXT000548_front,left,right,False
FRCLTEXT000548_left,back,right,False
FRCLTEXT000548_back,right,left,False
FRCLTEXT000548_right,front,right,False
FRCLTEXT000549_front,front,front,True
FRCLTEXT000549_left,front,left,False
FRCLTEXT000549_back,front,back,False
FRCLTEXT000549_right,front,left,False
FRCLTEXT000550,right,right,True
FRCLTEXT000551_front,left,left,True
FRCLTEXT000551_left,left,front,False
FRCLTEXT000551_back,left,right,False
FRCLTEXT000551_right,left,left,True
FRCLTEXT000552_front,back,back,True
FRCLTEXT000552_left,back,back,True
FRCLTEXT000552_back,back,back,True
FRCLTEXT000552_right,back,left,False
FRCLTEXT000553,right,right,True
FRCLTEXT000554,left,left,True
FRCLTEXT000555_front,back,back,True
FRCLTEXT000555_left,back,right,False
FRCLTEXT000555_back,back,front,False
FRCLTEXT000555_right,back,back,True
FRCLTEXT000556_front,right,left,False
FRCLTEXT000556_left,front,front,True
FRCLTEXT000556_back,left,right,False
FRCLTEXT000556_right,back,left,False
FRCLTEXT000557_front,back,back,True
FRCLTEXT000557_left,right,right,True
FRCLTEXT000557_back,front,back,False
FRCLTEXT000557_right,left,left,True
FRCLTEXT000558_front,front,back,False
FRCLTEXT000558_left,front,front,True
FRCLTEXT000558_back,front,back,False
FRCLTEXT000558_right,front,front,True
FRCLTEXT000559_front,back,back,True
FRCLTEXT000559_left,back,back,True
FRCLTEXT000559_back,back,back,True
FRCLTEXT000559_right,back,left,False
FRCLTEXT000560_front,front,front,True
FRCLTEXT000560_left,front,right,False
FRCLTEXT000560_back,front,back,False
FRCLTEXT000560_right,front,front,True
FRCLTEXT000561,left,left,True
FRCLTEXT000562_front,right,right,True
FRCLTEXT000562_left,right,right,True
FRCLTEXT000562_back,right,right,True
FRCLTEXT000562_right,right,back,False
FRCLTEXT000563,front,front,True
FRCLTEXT000564_front,back,back,True
FRCLTEXT000564_left,right,right,True
FRCLTEXT000564_back,front,front,True
FRCLTEXT000564_right,left,left,True
FRCLTEXT000565_front,back,back,True
FRCLTEXT000565_left,back,back,True
FRCLTEXT000565_back,back,front,False
FRCLTEXT000565_right,back,left,False
FRCLTEXT000566_front,back,back,True
FRCLTEXT000566_left,back,back,True
FRCLTEXT000566_back,back,front,False
FRCLTEXT000566_right,back,left,False
FRCLTEXT000567_front,back,back,True
FRCLTEXT000567_left,right,right,True
FRCLTEXT000567_back,front,front,True
FRCLTEXT000567_right,left,left,True
FRCLTEXT000568,front,front,True
FRCLTEXT000569_front,right,left,False
FRCLTEXT000569_left,front,front,True
FRCLTEXT000569_back,left,right,False
FRCLTEXT000569_right,back,left,False
FRCLTEXT000570,left,left,True
FRCLTEXT000571,left,left,True
FRCLTEXT000572_front,front,front,True
FRCLTEXT000572_left,front,front,True
FRCLTEXT000572_back,front,back,False
FRCLTEXT000572_right,front,left,False
FRCLTEXT000573_front,left,left,True
FRCLTEXT000573_left,left,front,False
FRCLTEXT000573_back,left,left,True
FRCLTEXT000573_right,left,back,False
FRCLTEXT000574_front,back,back,True
FRCLTEXT000574_left,back,back,True
FRCLTEXT000574_back,back,front,False
FRCLTEXT000574_right,back,left,False
FRCLTEXT000575_front,back,back,True
FRCLTEXT000575_left,right,right,True
FRCLTEXT000575_back,front,front,True
FRCLTEXT000575_right,left,left,True
FRCLTEXT000576_front,right,left,False
FRCLTEXT000576_left,front,left,False
FRCLTEXT000576_back,left,right,False
FRCLTEXT000576_right,back,left,False
FRCLTEXT000577,front,front,True
FRCLTEXT000578_front,left,right,False
FRCLTEXT000578_left,back,right,False
FRCLTEXT000578_back,right,left,False
FRCLTEXT000578_right,front,front,True
FRCLTEXT000579_front,back,back,True
FRCLTEXT000579_left,back,right,False
FRCLTEXT000579_back,back,front,False
FRCLTEXT000579_right,back,left,False
FRCLTEXT000580_front,back,back,True
FRCLTEXT000580_left,back,right,False
FRCLTEXT000580_back,back,back,True
FRCLTEXT000580_right,back,left,False
FRCLTEXT000581_front,front,front,True
FRCLTEXT000581_left,front,front,True
FRCLTEXT000581_back,front,back,False
FRCLTEXT000581_right,front,front,True
FRCLTEXT000582,left,left,True
FRCLTEXT000583_front,front,front,True
FRCLTEXT000583_left,left,right,False
FRCLTEXT000583_back,back,back,True
FRCLTEXT000583_right,right,left,False
FRCLTEXT000584,right,right,True
FRCLTEXT000585_front,right,left,False
FRCLTEXT000585_left,front,front,True
FRCLTEXT000585_back,left,right,False
FRCLTEXT000585_right,back,front,False
FRCLTEXT000586_front,back,back,True
FRCLTEXT000586_left,back,back,True
FRCLTEXT000586_back,back,back,True
FRCLTEXT000586_right,back,back,True
FRCLTEXT000587_front,front,front,True
FRCLTEXT000587_left,left,left,True
FRCLTEXT000587_back,back,back,True
FRCLTEXT000587_right,right,left,False
FRCLTEXT000588_front,front,front,True
FRCLTEXT000588_left,left,right,False
FRCLTEXT000588_back,back,back,True
FRCLTEXT000588_right,right,left,False
FRCLTEXT000589_front,left,right,False
FRCLTEXT000589_left,back,right,False
FRCLTEXT000589_back,right,left,False
FRCLTEXT000589_right,front,right,False
FRCLTEXT000590_front,back,back,True
FRCLTEXT000590_left,right,right,True
FRCLTEXT000590_back,front,front,True
FRCLTEXT000590_right,left,left,True
FRCLTEXT000591_front,right,left,False
FRCLTEXT000591_left,front,front,True
FRCLTEXT000591_back,left,right,False
FRCLTEXT000591_right,back,front,False
FRCLTEXT000592_front,back,back,True
FRCLTEXT000592_left,right,right,True
FRCLTEXT000592_back,front,front,True
FRCLTEXT000592_right,left,left,True
FRCLTEXT000593,front,front,True
FRCLTEXT000594,right,right,True
FRCLTEXT000595_front,left,right,False
FRCLTEXT000595_left,back,right,False
FRCLTEXT000595_back,right,left,False
FRCLTEXT000595_right,front,right,False
FRCLTEXT000596,back,back,True
FRCLTEXT000597_front,left,left,True
FRCLTEXT000597_left,left,front,False
FRCLTEXT000597_back,left,left,True
FRCLTEXT000597_right,left,left,True
FRCLTEXT000598,left,left,True
FRCLTEXT000599_front,back,back,True
FRCLTEXT000599_left,right,right,True
FRCLTEXT000599_back,front,front,True
FRCLTEXT000599_right,left,left,True
FRCLTEXT000600,left,back,False
FRCLTEXT000601_front,front,front,True
FRCLTEXT000601_left,left,right,False
FRCLTEXT000601_back,back,back,True
FRCLTEXT000601_right,right,left,False
FRCLTEXT000602_front,front,front,True
FRCLTEXT000602_left,left,right,False
FRCLTEXT000602_back,back,back,True
FRCLTEXT000602_right,right,left,False
FRCLTEXT000603_front,left,right,False
FRCLTEXT000603_left,back,left,False
FRCLTEXT000603_back,right,left,False
FRCLTEXT000603_right,front,right,False
FRCLTEXT000604,back,back,True
FRCLTEXT000605_front,front,back,False
FRCLTEXT000605_left,front,front,True
FRCLTEXT000605_back,front,back,False
FRCLTEXT000605_right,front,left,False
FRCLTEXT000606,back,back,True
FRCLTEXT000607_front,back,back,True
FRCLTEXT000607_left,back,back,True
FRCLTEXT000607_back,back,back,True
FRCLTEXT000607_right,back,back,True
FRCLTEXT000608_front,front,front,True
FRCLTEXT000608_left,front,right,False
FRCLTEXT000608_back,front,back,False
FRCLTEXT000608_right,front,left,False
FRCLTEXT000609,right,right,True
FRCLTEXT000610_front,front,front,True
FRCLTEXT000610_left,left,right,False
FRCLTEXT000610_back,back,back,True
FRCLTEXT000610_right,right,left,False
FRCLTEXT000611_front,back,back,True
FRCLTEXT000611_left,right,right,True
FRCLTEXT000611_back,front,front,True
FRCLTEXT000611_right,left,left,True
FRCLTEXT000612_front,back,back,True
FRCLTEXT000612_left,right,right,True
FRCLTEXT000612_back,front,front,True
FRCLTEXT000612_right,left,left,True
FRCLTEXT000613_front,left,right,False
FRCLTEXT000613_left,back,right,False
FRCLTEXT000613_back,right,left,False
FRCLTEXT000613_right,front,right,False
FRCLTEXT000614,front,front,True
FRCLTEXT000615_front,front,front,True
FRCLTEXT000615_left,left,right,False
FRCLTEXT000615_back,back,back,True
FRCLTEXT000615_right,right,left,False
FRCLTEXT000616_front,back,back,True
FRCLTEXT000616_left,right,right,True
FRCLTEXT000616_back,front,front,True
FRCLTEXT000616_right,left,left,True
FRCLTEXT000617_front,back,back,True
FRCLTEXT000617_left,right,right,True
FRCLTEXT000617_back,front,front,True
FRCLTEXT000617_right,left,left,True
FRCLTEXT000618_front,left,right,False
FRCLTEXT000618_left,back,right,False
FRCLTEXT000618_back,right,front,False
FRCLTEXT000618_right,front,front,True
FRCLTEXT000619_front,right,right,True
FRCLTEXT000619_left,right,right,True
FRCLTEXT000619_back,right,left,False
FRCLTEXT000619_right,right,back,False
FRCLTEXT000620,back,back,True
FRCLTEXT000621_front,back,back,True
FRCLTEXT000621_left,right,right,True
FRCLTEXT000621_back,front,front,True
FRCLTEXT000621_right,left,left,True
FRCLTEXT000622_front,front,front,True
FRCLTEXT000622_left,left,right,False
FRCLTEXT000622_back,back,back,True
FRCLTEXT000622_right,right,left,False
FRCLTEXT000623_front,back,front,False
FRCLTEXT000623_left,back,right,False
FRCLTEXT000623_back,back,front,False
FRCLTEXT000623_right,back,left,False
FRCLTEXT000624_front,right,right,True
FRCLTEXT000624_left,right,right,True
FRCLTEXT000624_back,right,front,False
FRCLTEXT000624_right,right,right,True
FRCLTEXT000625_front,left,right,False
FRCLTEXT000625_left,back,left,False
FRCLTEXT000625_back,right,left,False
FRCLTEXT000625_right,front,right,False
FRCLTEXT000626_front,front,front,True
FRCLTEXT000626_left,left,right,False
FRCLTEXT000626_back,back,back,True
FRCLTEXT000626_right,right,left,False
FRCLTEXT000627,left,left,True
FRCLTEXT000628_front,back,back,True
FRCLTEXT000628_left,right,right,True
FRCLTEXT000628_back,front,front,True
FRCLTEXT000628_right,left,left,True
FRCLTEXT000629_front,front,front,True
FRCLTEXT000629_left,front,front,True
FRCLTEXT000629_back,front,back,False
FRCLTEXT000629_right,front,front,True
FRCLTEXT000630_front,back,back,True
FRCLTEXT000630_left,right,right,True
FRCLTEXT000630_back,front,front,True
FRCLTEXT000630_right,left,left,True
FRCLTEXT000631_front,front,front,True
FRCLTEXT000631_left,front,front,True
FRCLTEXT000631_back,front,back,False
FRCLTEXT000631_right,front,left,False
FRCLTEXT000632_front,right,right,True
FRCLTEXT000632_left,right,right,True
FRCLTEXT000632_back,right,back,False
FRCLTEXT000632_right,right,front,False
FRCLTEXT000633_front,left,left,True
FRCLTEXT000633_left,left,front,False
FRCLTEXT000633_back,left,left,True
FRCLTEXT000633_right,left,left,True
FRCLTEXT000634,right,right,True
FRCLTEXT000635_front,back,back,True
FRCLTEXT000635_left,right,right,True
FRCLTEXT000635_back,front,front,True
FRCLTEXT000635_right,left,left,True
FRCLTEXT000636_front,right,right,True
FRCLTEXT000636_left,right,right,True
FRCLTEXT000636_back,right,right,True
FRCLTEXT000636_right,right,back,False
FRCLTEXT000637_front,front,front,True
FRCLTEXT000637_left,front,right,False
FRCLTEXT000637_back,front,back,False
FRCLTEXT000637_right,front,front,True
FRCLTEXT000638_front,right,right,True
FRCLTEXT000638_left,right,right,True
FRCLTEXT000638_back,right,right,True
FRCLTEXT000638_right,right,back,False
FRCLTEXT000639_front,front,front,True
FRCLTEXT000639_left,left,left,True
FRCLTEXT000639_back,back,back,True
FRCLTEXT000639_right,right,left,False
FRCLTEXT000640_front,right,right,True
FRCLTEXT000640_left,right,right,True
FRCLTEXT000640_back,right,right,True
FRCLTEXT000640_right,right,right,True
FRCLTEXT000641,back,back,True
FRCLTEXT000642_front,front,front,True
FRCLTEXT000642_left,front,front,True
FRCLTEXT000642_back,front,back,False
FRCLTEXT000642_right,front,left,False
FRCLTEXT000643_front,front,front,True
FRCLTEXT000643_left,left,right,False
FRCLTEXT000643_back,back,back,True
FRCLTEXT000643_right,right,left,False
FRCLTEXT000644_front,back,back,True
FRCLTEXT000644_left,right,right,True
FRCLTEXT000644_back,front,front,True
FRCLTEXT000644_right,left,left,True
FRCLTEXT000645_front,back,back,True
FRCLTEXT000645_left,back,right,False
FRCLTEXT000645_back,back,front,False
FRCLTEXT000645_right,back,left,False
FRCLTEXT000646_front,right,right,True
FRCLTEXT000646_left,right,right,True
FRCLTEXT000646_back,right,right,True
FRCLTEXT000646_right,right,left,False
FRCLTEXT000647_front,right,right,True
FRCLTEXT000647_left,right,right,True
FRCLTEXT000647_back,right,right,True
FRCLTEXT000647_right,right,right,True
FRCLTEXT000648_front,left,left,True
FRCLTEXT000648_left,left,front,False
FRCLTEXT000648_back,left,left,True
FRCLTEXT000648_right,left,left,True
FRCLTEXT000649_front,left,right,False
FRCLTEXT000649_left,back,right,False
FRCLTEXT000649_back,right,left,False
FRCLTEXT000649_right,front,right,False
FRCLTEXT000650_front,left,right,False
FRCLTEXT000650_left,back,right,False
FRCLTEXT000650_back,right,left,False
FRCLTEXT000650_right,front,right,False
FRCLTEXT000651_front,left,right,False
FRCLTEXT000651_left,back,right,False
FRCLTEXT000651_back,right,left,False
FRCLTEXT000651_right,front,front,True
FRCLTEXT000652_front,back,back,True
FRCLTEXT000652_left,back,right,False
FRCLTEXT000652_back,back,back,True
FRCLTEXT000652_right,back,left,False
FRCLTEXT000653,left,left,True
FRCLTEXT000654_front,right,right,True
FRCLTEXT000654_left,right,right,True
FRCLTEXT000654_back,right,right,True
FRCLTEXT000654_right,right,right,True
FRCLTEXT000655_front,left,right,False
FRCLTEXT000655_left,back,right,False
FRCLTEXT000655_back,right,left,False
FRCLTEXT000655_right,front,right,False
FRCLTEXT000656_front,back,back,True
FRCLTEXT000656_left,right,right,True
FRCLTEXT000656_back,front,front,True
FRCLTEXT000656_right,left,left,True
FRCLTEXT000657_front,right,left,False
FRCLTEXT000657_left,front,front,True
FRCLTEXT000657_back,left,right,False
FRCLTEXT000657_right,back,left,False
FRCLTEXT000658_front,left,left,True
FRCLTEXT000658_left,left,right,False
FRCLTEXT000658_back,left,right,False
FRCLTEXT000658_right,left,left,True
FRCLTEXT000659_front,back,back,True
FRCLTEXT000659_left,back,right,False
FRCLTEXT000659_back,back,front,False
FRCLTEXT000659_right,back,back,True
FRCLTEXT000660,front,front,True
FRCLTEXT000661,right,right,True
FRCLTEXT000662_front,back,back,True
FRCLTEXT000662_left,back,back,True
FRCLTEXT000662_back,back,front,False
FRCLTEXT000662_right,back,left,False
FRCLTEXT000663_front,back,back,True
FRCLTEXT000663_left,back,right,False
FRCLTEXT000663_back,back,front,False
FRCLTEXT000663_right,back,left,False
FRCLTEXT000664_front,front,front,True
FRCLTEXT000664_left,front,front,True
FRCLTEXT000664_back,front,front,True
FRCLTEXT000664_right,front,left,False
FRCLTEXT000665,back,back,True
FRCLTEXT000666_front,front,front,True
FRCLTEXT000666_left,left,right,False
FRCLTEXT000666_back,back,back,True
FRCLTEXT000666_right,right,left,False
FRCLTEXT000667_front,back,back,True
FRCLTEXT000667_left,back,right,False
FRCLTEXT000667_back,back,front,False
FRCLTEXT000667_right,back,left,False
FRCLTEXT000668_front,front,front,True
FRCLTEXT000668_left,left,right,False
FRCLTEXT000668_back,back,back,True
FRCLTEXT000668_right,right,left,False
FRCLTEXT000669_front,left,right,False
FRCLTEXT000669_left,back,right,False
FRCLTEXT000669_back,right,left,False
FRCLTEXT000669_right,front,right,False
FRCLTEXT000670_front,front,front,True
FRCLTEXT000670_left,front,front,True
FRCLTEXT000670_back,front,back,False
FRCLTEXT000670_right,front,right,False
FRCLTEXT000671_front,front,front,True
FRCLTEXT000671_left,left,right,False
FRCLTEXT000671_back,back,back,True
FRCLTEXT000671_right,right,left,False
FRCLTEXT000672,left,left,True
FRCLTEXT000673_front,front,front,True
FRCLTEXT000673_left,front,right,False
FRCLTEXT000673_back,front,back,False
FRCLTEXT000673_right,front,right,False
FRCLTEXT000674_front,right,right,True
FRCLTEXT000674_left,right,right,True
FRCLTEXT000674_back,right,left,False
FRCLTEXT000674_right,right,front,False
FRCLTEXT000675_front,back,back,True
FRCLTEXT000675_left,right,right,True
FRCLTEXT000675_back,front,front,True
FRCLTEXT000675_right,left,left,True
FRCLTEXT000676_front,right,left,False
FRCLTEXT000676_left,front,front,True
FRCLTEXT000676_back,left,right,False
FRCLTEXT000676_right,back,left,False
FRCLTEXT000677,back,back,True
FRCLTEXT000678_front,right,left,False
FRCLTEXT000678_left,front,front,True
FRCLTEXT000678_back,left,right,False
FRCLTEXT000678_right,back,left,False
FRCLTEXT000679_front,left,left,True
FRCLTEXT000679_left,left,front,False
FRCLTEXT000679_back,left,left,True
FRCLTEXT000679_right,left,left,True
FRCLTEXT000680_front,back,back,True
FRCLTEXT000680_left,right,right,True
FRCLTEXT000680_back,front,front,True
FRCLTEXT000680_right,left,left,True
FRCLTEXT000681,right,right,True
FRCLTEXT000682_front,back,back,True
FRCLTEXT000682_left,right,right,True
FRCLTEXT000682_back,front,front,True
FRCLTEXT000682_right,left,left,True
FRCLTEXT000683_front,front,front,True
FRCLTEXT000683_left,front,front,True
FRCLTEXT000683_back,front,back,False
FRCLTEXT000683_right,front,left,False
FRCLTEXT000684_front,right,left,False
FRCLTEXT000684_left,front,front,True
FRCLTEXT000684_back,left,right,False
FRCLTEXT000684_right,back,left,False
FRCLTEXT000685,front,front,True
FRCLTEXT000686_front,back,back,True
FRCLTEXT000686_left,back,right,False
FRCLTEXT000686_back,back,front,False
FRCLTEXT000686_right,back,left,False
FRCLTEXT000687_front,right,left,False
FRCLTEXT000687_left,front,right,False
FRCLTEXT000687_back,left,right,False
FRCLTEXT000687_right,back,left,False
FRCLTEXT000688_front,back,back,True
FRCLTEXT000688_left,right,right,True
FRCLTEXT000688_back,front,front,True
FRCLTEXT000688_right,left,left,True
FRCLTEXT000689,back,back,True
FRCLTEXT000690_front,right,right,True
FRCLTEXT000690_left,right,right,True
FRCLTEXT000690_back,right,right,True
FRCLTEXT000690_right,right,right,True
FRCLTEXT000691_front,left,right,False
FRCLTEXT000691_left,back,right,False
FRCLTEXT000691_back,right,front,False
FRCLTEXT000691_right,front,right,False
FRCLTEXT000692_front,back,back,True
FRCLTEXT000692_left,right,right,True
FRCLTEXT000692_back,front,front,True
FRCLTEXT000692_right,left,left,True
FRCLTEXT000693_front,right,right,True
FRCLTEXT000693_left,right,right,True
FRCLTEXT000693_back,right,right,True
FRCLTEXT000693_right,right,front,False
FRCLTEXT000694,front,front,True
FRCLTEXT000695,front,back,False
FRCLTEXT000696_front,left,right,False
FRCLTEXT000696_left,back,right,False
FRCLTEXT000696_back,right,left,False
FRCLTEXT000696_right,front,right,False
FRCLTEXT000697,left,left,True
FRCLTEXT000698_front,front,back,False
FRCLTEXT000698_left,front,right,False
FRCLTEXT000698_back,front,front,True
FRCLTEXT000698_right,front,left,False
FRCLTEXT000699_front,left,right,False
FRCLTEXT000699_left,back,right,False
FRCLTEXT000699_back,right,left,False
FRCLTEXT000699_right,front,right,False
FRCLTEXT000700_front,front,front,True
FRCLTEXT000700_left,left,left,True
FRCLTEXT000700_back,back,back,True
FRCLTEXT000700_right,right,left,False
FRCLTEXT000701_front,front,front,True
FRCLTEXT000701_left,front,left,False
FRCLTEXT000701_back,front,back,False
FRCLTEXT000701_right,front,right,False
FRCLTEXT000702_front,left,right,False
FRCLTEXT000702_left,back,right,False
FRCLTEXT000702_back,right,left,False
FRCLTEXT000702_right,front,front,True
FRCLTEXT000703_front,back,back,True
FRCLTEXT000703_left,back,back,True
FRCLTEXT000703_back,back,back,True
FRCLTEXT000703_right,back,back,True
FRCLTEXT000704_front,front,front,True
FRCLTEXT000704_left,front,front,True
FRCLTEXT000704_back,front,back,False
FRCLTEXT000704_right,front,left,False
FRCLTEXT000705,back,back,True
FRCLTEXT000706_front,back,back,True
FRCLTEXT000706_left,back,right,False
FRCLTEXT000706_back,back,back,True
FRCLTEXT000706_right,back,left,False
FRCLTEXT000707_front,back,back,True
FRCLTEXT000707_left,back,back,True
FRCLTEXT000707_back,back,back,True
FRCLTEXT000707_right,back,left,False
FRCLTEXT000708_front,back,back,True
FRCLTEXT000708_left,right,right,True
FRCLTEXT000708_back,front,front,True
FRCLTEXT000708_right,left,left,True
FRCLTEXT000709_front,left,right,False
FRCLTEXT000709_left,back,left,False
FRCLTEXT000709_back,right,left,False
FRCLTEXT000709_right,front,right,False
FRCLTEXT000710_front,left,right,False
FRCLTEXT000710_left,back,left,False
FRCLTEXT000710_back,right,left,False
FRCLTEXT000710_right,front,right,False
FRCLTEXT000711,right,right,True
FRCLTEXT000712,front,front,True
FRCLTEXT000713_front,back,back,True
FRCLTEXT000713_left,back,right,False
FRCLTEXT000713_back,back,front,False
FRCLTEXT000713_right,back,back,True
FRCLTEXT000714_front,back,back,True
FRCLTEXT000714_left,back,right,False
FRCLTEXT000714_back,back,front,False
FRCLTEXT000714_right,back,back,True
FRCLTEXT000715_front,left,right,False
FRCLTEXT000715_left,back,left,False
FRCLTEXT000715_back,right,left,False
FRCLTEXT000715_right,front,right,False
FRCLTEXT000716_front,front,front,True
FRCLTEXT000716_left,front,front,True
FRCLTEXT000716_back,front,back,False
FRCLTEXT000716_right,front,front,True
FRCLTEXT000717,front,front,True
FRCLTEXT000718_front,right,left,False
FRCLTEXT000718_left,front,front,True
FRCLTEXT000718_back,left,right,False
FRCLTEXT000718_right,back,front,False
FRCLTEXT000719,front,front,True
FRCLTEXT000720_front,front,front,True
FRCLTEXT000720_left,left,right,False
FRCLTEXT000720_back,back,back,True
FRCLTEXT000720_right,right,left,False
FRCLTEXT000721,right,right,True
FRCLTEXT000722_front,back,back,True
FRCLTEXT000722_left,back,right,False
FRCLTEXT000722_back,back,front,False
FRCLTEXT000722_right,back,back,True
FRCLTEXT000723_front,front,front,True
FRCLTEXT000723_left,left,right,False
FRCLTEXT000723_back,back,back,True
FRCLTEXT000723_right,right,left,False
FRCLTEXT000724_front,front,front,True
FRCLTEXT000724_left,left,right,False
FRCLTEXT000724_back,back,back,True
FRCLTEXT000724_right,right,left,False
FRCLTEXT000725,front,front,True
FRCLTEXT000726_front,right,left,False
FRCLTEXT000726_left,front,left,False
FRCLTEXT000726_back,left,right,False
FRCLTEXT000726_right,back,left,False
FRCLTEXT000727_front,left,right,False
FRCLTEXT000727_left,back,right,False
FRCLTEXT000727_back,right,left,False
FRCLTEXT000727_right,front,right,False
FRCLTEXT000728_front,back,back,True
FRCLTEXT000728_left,right,right,True
FRCLTEXT000728_back,front,front,True
FRCLTEXT000728_right,left,left,True
FRCLTEXT000729_front,front,front,True
FRCLTEXT000729_left,left,right,False
FRCLTEXT000729_back,back,back,True
FRCLTEXT000729_right,right,left,False
FRCLTEXT000730_front,front,front,True
FRCLTEXT000730_left,left,right,False
FRCLTEXT000730_back,back,back,True
FRCLTEXT000730_right,right,left,False
FRCLTEXT000731_front,front,front,True
FRCLTEXT000731_left,left,right,False
FRCLTEXT000731_back,back,back,True
FRCLTEXT000731_right,right,left,False
FRCLTEXT000732_front,back,back,True
FRCLTEXT000732_left,right,right,True
FRCLTEXT000732_back,front,front,True
FRCLTEXT000732_right,left,left,True
FRCLTEXT000733_front,right,left,False
FRCLTEXT000733_left,front,left,False
FRCLTEXT000733_back,left,right,False
FRCLTEXT000733_right,back,left,False
FRCLTEXT000734_front,left,right,False
FRCLTEXT000734_left,back,right,False
FRCLTEXT000734_back,right,left,False
FRCLTEXT000734_right,front,right,False
FRCLTEXT000735,left,left,True
FRCLTEXT000736_front,right,back,False
FRCLTEXT000736_left,right,right,True
FRCLTEXT000736_back,right,right,True
FRCLTEXT000736_right,right,back,False
FRCLTEXT000737_front,front,front,True
FRCLTEXT000737_left,front,front,True
FRCLTEXT000737_back,front,back,False
FRCLTEXT000737_right,front,right,False
FRCLTEXT000738,front,front,True
FRCLTEXT000739_front,left,right,False
FRCLTEXT000739_left,back,right,False
FRCLTEXT000739_back,right,left,False
FRCLTEXT000739_right,front,right,False
FRCLTEXT000740_front,back,back,True
FRCLTEXT000740_left,right,right,True
FRCLTEXT000740_back,front,front,True
FRCLTEXT000740_right,left,left,True
FRCLTEXT000741_front,left,left,True
FRCLTEXT000741_left,left,front,False
FRCLTEXT000741_back,left,left,True
FRCLTEXT000741_right,left,left,True
FRCLTEXT000742_front,front,front,True
FRCLTEXT000742_left,front,front,True
FRCLTEXT000742_back,front,back,False
FRCLTEXT000742_right,front,front,True
FRCLTEXT000743_front,back,back,True
FRCLTEXT000743_left,back,right,False
FRCLTEXT000743_back,back,front,False
FRCLTEXT000743_right,back,left,False
FRCLTEXT000744_front,front,front,True
FRCLTEXT000744_left,left,left,True
FRCLTEXT000744_back,back,back,True
FRCLTEXT000744_right,right,left,False
FRCLTEXT000745_front,front,front,True
FRCLTEXT000745_left,front,front,True
FRCLTEXT000745_back,front,front,True
FRCLTEXT000745_right,front,left,False
FRCLTEXT000746_front,left,right,False
FRCLTEXT000746_left,back,right,False
FRCLTEXT000746_back,right,left,False
FRCLTEXT000746_right,front,right,False
FRCLTEXT000747,right,right,True
FRCLTEXT000748_front,left,left,True
FRCLTEXT000748_left,left,left,True
FRCLTEXT000748_back,left,left,True
FRCLTEXT000748_right,left,left,True
FRCLTEXT000749_front,right,right,True
FRCLTEXT000749_left,right,right,True
FRCLTEXT000749_back,right,right,True
FRCLTEXT000749_right,right,back,False
FRCLTEXT000750_front,back,back,True
FRCLTEXT000750_left,back,back,True
FRCLTEXT000750_back,back,front,False
FRCLTEXT000750_right,back,left,False
FRCLTEXT000751_front,right,right,True
FRCLTEXT000751_left,right,right,True
FRCLTEXT000751_back,right,front,False
FRCLTEXT000751_right,right,right,True
FRCLTEXT000752,right,right,True
FRCLTEXT000753_front,back,back,True
FRCLTEXT000753_left,back,right,False
FRCLTEXT000753_back,back,front,False
FRCLTEXT000753_right,back,left,False
FRCLTEXT000754_front,left,left,True
FRCLTEXT000754_left,left,front,False
FRCLTEXT000754_back,left,right,False
FRCLTEXT000754_right,left,left,True
FRCLTEXT000755,right,right,True
FRCLTEXT000756,left,left,True
FRCLTEXT000757_front,right,left,False
FRCLTEXT000757_left,front,front,True
FRCLTEXT000757_back,left,right,False
FRCLTEXT000757_right,back,left,False
FRCLTEXT000758_front,front,back,False
FRCLTEXT000758_left,front,right,False
FRCLTEXT000758_back,front,back,False
FRCLTEXT000758_right,front,left,False
FRCLTEXT000759_front,left,left,True
FRCLTEXT000759_left,left,front,False
FRCLTEXT000759_back,left,left,True
FRCLTEXT000759_right,left,left,True
FRCLTEXT000760_front,back,back,True
FRCLTEXT000760_left,right,right,True
FRCLTEXT000760_back,front,front,True
FRCLTEXT000760_right,left,left,True
FRCLTEXT000761_front,back,back,True
FRCLTEXT000761_left,right,right,True
FRCLTEXT000761_back,front,front,True
FRCLTEXT000761_right,left,left,True
FRCLTEXT000762_front,front,front,True
FRCLTEXT000762_left,front,front,True
FRCLTEXT000762_back,front,back,False
FRCLTEXT000762_right,front,front,True
FRCLTEXT000763,front,back,False
FRCLTEXT000764,front,front,True
FRCLTEXT000765,right,right,True
FRCLTEXT000766_front,left,right,False
FRCLTEXT000766_left,back,right,False
FRCLTEXT000766_back,right,left,False
FRCLTEXT000766_right,front,right,False
FRCLTEXT000767_front,left,right,False
FRCLTEXT000767_left,back,right,False
FRCLTEXT000767_back,right,left,False
FRCLTEXT000767_right,front,right,False
FRCLTEXT000768_front,right,right,True
FRCLTEXT000768_left,right,right,True
FRCLTEXT000768_back,right,right,True
FRCLTEXT000768_right,right,front,False
FRCLTEXT000769_front,front,front,True
FRCLTEXT000769_left,left,right,False
FRCLTEXT000769_back,back,back,True
FRCLTEXT000769_right,right,left,False
FRCLTEXT000770_front,front,front,True
FRCLTEXT000770_left,front,right,False
FRCLTEXT000770_back,front,back,False
FRCLTEXT000770_right,front,right,False
FRCLTEXT000771_front,right,left,False
FRCLTEXT000771_left,front,left,False
FRCLTEXT000771_back,left,right,False
FRCLTEXT000771_right,back,left,False
FRCLTEXT000772,right,right,True
FRCLTEXT000773_front,right,right,True
FRCLTEXT000773_left,right,right,True
FRCLTEXT000773_back,right,right,True
FRCLTEXT000773_right,right,right,True
FRCLTEXT000774_front,left,left,True
FRCLTEXT000774_left,left,front,False
FRCLTEXT000774_back,left,left,True
FRCLTEXT000774_right,left,left,True
FRCLTEXT000775,back,back,True
FRCLTEXT000776_front,front,front,True
FRCLTEXT000776_left,left,left,True
FRCLTEXT000776_back,back,back,True
FRCLTEXT000776_right,right,left,False
FRCLTEXT000777_front,front,front,True
FRCLTEXT000777_left,left,left,True
FRCLTEXT000777_back,back,back,True
FRCLTEXT000777_right,right,left,False
FRCLTEXT000778_front,back,back,True
FRCLTEXT000778_left,back,right,False
FRCLTEXT000778_back,back,front,False
FRCLTEXT000778_right,back,back,True
FRCLTEXT000779_front,left,left,True
FRCLTEXT000779_left,left,front,False
FRCLTEXT000779_back,left,back,False
FRCLTEXT000779_right,left,left,True
FRCLTEXT000780_front,left,left,True
FRCLTEXT000780_left,left,front,False
FRCLTEXT000780_back,left,left,True
FRCLTEXT000780_right,left,left,True
FRCLTEXT000781_front,left,left,True
FRCLTEXT000781_left,left,front,False
FRCLTEXT000781_back,left,front,False
FRCLTEXT000781_right,left,left,True
FRCLTEXT000782_front,left,left,True
FRCLTEXT000782_left,left,front,False
FRCLTEXT000782_back,left,left,True
FRCLTEXT000782_right,left,left,True
FRCLTEXT000783_front,front,front,True
FRCLTEXT000783_left,front,front,True
FRCLTEXT000783_back,front,back,False
FRCLTEXT000783_right,front,front,True
FRCLTEXT000784_front,left,left,True
FRCLTEXT000784_left,left,front,False
FRCLTEXT000784_back,left,left,True
FRCLTEXT000784_right,left,left,True
FRCLTEXT000785_front,back,back,True
FRCLTEXT000785_left,right,right,True
FRCLTEXT000785_back,front,front,True
FRCLTEXT000785_right,left,left,True
FRCLTEXT000786,left,left,True
FRCLTEXT000787,left,left,True
FRCLTEXT000788_front,left,left,True
FRCLTEXT000788_left,left,front,False
FRCLTEXT000788_back,left,right,False
FRCLTEXT000788_right,left,left,True
FRCLTEXT000789_front,front,back,False
FRCLTEXT000789_left,front,left,False
FRCLTEXT000789_back,front,back,False
FRCLTEXT000789_right,front,front,True
FRCLTEXT000790_front,left,right,False
FRCLTEXT000790_left,back,right,False
FRCLTEXT000790_back,right,front,False
FRCLTEXT000790_right,front,right,False
FRCLTEXT000791,front,right,False
FRCLTEXT000792_front,right,left,False
FRCLTEXT000792_left,front,front,True
FRCLTEXT000792_back,left,right,False
FRCLTEXT000792_right,back,left,False
FRCLTEXT000793_front,left,left,True
FRCLTEXT000793_left,left,front,False
FRCLTEXT000793_back,left,left,True
FRCLTEXT000793_right,left,left,True
FRCLTEXT000794_front,right,right,True
FRCLTEXT000794_left,right,back,False
FRCLTEXT000794_back,right,right,True
FRCLTEXT000794_right,right,front,False
FRCLTEXT000795_front,back,back,True
FRCLTEXT000795_left,back,back,True
FRCLTEXT000795_back,back,front,False
FRCLTEXT000795_right,back,back,True
FRCLTEXT000796,left,left,True
FRCLTEXT000797,left,left,True
FRCLTEXT000798_front,right,right,True
FRCLTEXT000798_left,right,front,False
FRCLTEXT000798_back,right,right,True
FRCLTEXT000798_right,right,front,False
FRCLTEXT000799_front,back,back,True
FRCLTEXT000799_left,back,right,False
FRCLTEXT000799_back,back,front,False
FRCLTEXT000799_right,back,left,False
FRCLTEXT000800,back,back,True
FRCLTEXT000801_front,left,right,False
FRCLTEXT000801_left,back,right,False
FRCLTEXT000801_back,right,left,False
FRCLTEXT000801_right,front,front,True
FRCLTEXT000802_front,left,right,False
FRCLTEXT000802_left,back,left,False
FRCLTEXT000802_back,right,left,False
FRCLTEXT000802_right,front,right,False
FRCLTEXT000803,front,front,True
FRCLTEXT000804_front,front,front,True
FRCLTEXT000804_left,front,front,True
FRCLTEXT000804_back,front,back,False
FRCLTEXT000804_right,front,left,False
FRCLTEXT000805,front,front,True
FRCLTEXT000806_front,right,right,True
FRCLTEXT000806_left,right,right,True
FRCLTEXT000806_back,right,right,True
FRCLTEXT000806_right,right,front,False
FRCLTEXT000807,right,right,True
FRCLTEXT000808,right,right,True
FRCLTEXT000809_front,back,back,True
FRCLTEXT000809_left,back,back,True
FRCLTEXT000809_back,back,front,False
FRCLTEXT000809_right,back,left,False
FRCLTEXT000810_front,right,left,False
FRCLTEXT000810_left,front,front,True
FRCLTEXT000810_back,left,right,False
FRCLTEXT000810_right,back,left,False
FRCLTEXT000811_front,back,back,True
FRCLTEXT000811_left,right,right,True
FRCLTEXT000811_back,front,front,True
FRCLTEXT000811_right,left,left,True
FRCLTEXT000812_front,back,back,True
FRCLTEXT000812_left,back,back,True
FRCLTEXT000812_back,back,back,True
FRCLTEXT000812_right,back,left,False
FRCLTEXT000813_front,back,back,True
FRCLTEXT000813_left,back,right,False
FRCLTEXT000813_back,back,back,True
FRCLTEXT000813_right,back,left,False
FRCLTEXT000814_front,right,right,True
FRCLTEXT000814_left,right,back,False
FRCLTEXT000814_back,right,right,True
FRCLTEXT000814_right,right,front,False
FRCLTEXT000815,back,back,True
FRCLTEXT000816,back,back,True
FRCLTEXT000817,left,left,True
FRCLTEXT000818_front,right,right,True
FRCLTEXT000818_left,right,front,False
FRCLTEXT000818_back,right,front,False
FRCLTEXT000818_right,right,right,True
FRCLTEXT000819_front,back,back,True
FRCLTEXT000819_left,right,right,True
FRCLTEXT000819_back,front,front,True
FRCLTEXT000819_right,left,left,True
FRCLTEXT000820_front,left,right,False
FRCLTEXT000820_left,back,right,False
FRCLTEXT000820_back,right,front,False
FRCLTEXT000820_right,front,right,False
FRCLTEXT000821_front,right,left,False
FRCLTEXT000821_left,front,front,True
FRCLTEXT000821_back,left,right,False
FRCLTEXT000821_right,back,left,False
FRCLTEXT000822_front,left,left,True
FRCLTEXT000822_left,left,front,False
FRCLTEXT000822_back,left,right,False
FRCLTEXT000822_right,left,left,True
FRCLTEXT000823_front,left,right,False
FRCLTEXT000823_left,back,right,False
FRCLTEXT000823_back,right,left,False
FRCLTEXT000823_right,front,right,False
FRCLTEXT000824_front,back,back,True
FRCLTEXT000824_left,right,right,True
FRCLTEXT000824_back,front,front,True
FRCLTEXT000824_right,left,left,True
FRCLTEXT000825,front,front,True
FRCLTEXT000826,back,back,True
FRCLTEXT000827_front,left,right,False
FRCLTEXT000827_left,back,left,False
FRCLTEXT000827_back,right,left,False
FRCLTEXT000827_right,front,front,True
FRCLTEXT000828_front,left,right,False
FRCLTEXT000828_left,back,right,False
FRCLTEXT000828_back,right,left,False
FRCLTEXT000828_right,front,front,True
FRCLTEXT000829_front,right,right,True
FRCLTEXT000829_left,right,right,True
FRCLTEXT000829_back,right,back,False
FRCLTEXT000829_right,right,right,True
FRCLTEXT000830_front,left,left,True
FRCLTEXT000830_left,left,front,False
FRCLTEXT000830_back,left,left,True
FRCLTEXT000830_right,left,left,True
FRCLTEXT000831,left,left,True
FRCLTEXT000832_front,left,right,False
FRCLTEXT000832_left,back,right,False
FRCLTEXT000832_back,right,left,False
FRCLTEXT000832_right,front,right,False
FRCLTEXT000833_front,front,front,True
FRCLTEXT000833_left,left,left,True
FRCLTEXT000833_back,back,back,True
FRCLTEXT000833_right,right,left,False
FRCLTEXT000834,front,front,True
FRCLTEXT000835_front,front,front,True
FRCLTEXT000835_left,front,right,False
FRCLTEXT000835_back,front,back,False
FRCLTEXT000835_right,front,left,False
FRCLTEXT000836_front,left,right,False
FRCLTEXT000836_left,back,right,False
FRCLTEXT000836_back,right,left,False
FRCLTEXT000836_right,front,right,False
FRCLTEXT000837,front,front,True
FRCLTEXT000838_front,left,right,False
FRCLTEXT000838_left,back,right,False
FRCLTEXT000838_back,right,left,False
FRCLTEXT000838_right,front,right,False
FRCLTEXT000839_front,front,front,True
FRCLTEXT000839_left,front,front,True
FRCLTEXT000839_back,front,back,False
FRCLTEXT000839_right,front,right,False
FRCLTEXT000840,back,back,True
FRCLTEXT000841_front,left,right,False
FRCLTEXT000841_left,back,right,False
FRCLTEXT000841_back,right,left,False
FRCLTEXT000841_right,front,right,False
FRCLTEXT000842_front,front,front,True
FRCLTEXT000842_left,front,front,True
FRCLTEXT000842_back,front,back,False
FRCLTEXT000842_right,front,front,True
FRCLTEXT000843_front,back,back,True
FRCLTEXT000843_left,right,right,True
FRCLTEXT000843_back,front,front,True
FRCLTEXT000843_right,left,left,True
FRCLTEXT000844_front,left,left,True
FRCLTEXT000844_left,left,right,False
FRCLTEXT000844_back,left,left,True
FRCLTEXT000844_right,left,left,True
FRCLTEXT000845_front,front,front,True
FRCLTEXT000845_left,left,right,False
FRCLTEXT000845_back,back,back,True
FRCLTEXT000845_right,right,left,False
FRCLTEXT000846_front,left,right,False
FRCLTEXT000846_left,back,right,False
FRCLTEXT000846_back,right,left,False
FRCLTEXT000846_right,front,right,False
FRCLTEXT000847_front,left,left,True
FRCLTEXT000847_left,left,right,False
FRCLTEXT000847_back,left,right,False
FRCLTEXT000847_right,left,left,True
FRCLTEXT000848_front,left,right,False
FRCLTEXT000848_left,back,right,False
FRCLTEXT000848_back,right,left,False
FRCLTEXT000848_right,front,right,False
FRCLTEXT000849_front,back,back,True
FRCLTEXT000849_left,right,right,True
FRCLTEXT000849_back,front,front,True
FRCLTEXT000849_right,left,left,True
FRCLTEXT000850_front,right,left,False
FRCLTEXT000850_left,front,front,True
FRCLTEXT000850_back,left,right,False
FRCLTEXT000850_right,back,left,False
FRCLTEXT000851_front,front,front,True
FRCLTEXT000851_left,front,left,False
FRCLTEXT000851_back,front,back,False
FRCLTEXT000851_right,front,left,False
FRCLTEXT000852_front,right,left,False
FRCLTEXT000852_left,front,left,False
FRCLTEXT000852_back,left,right,False
FRCLTEXT000852_right,back,left,False
FRCLTEXT000853_front,back,back,True
FRCLTEXT000853_left,right,right,True
FRCLTEXT000853_back,front,front,True
FRCLTEXT000853_right,left,left,True
FRCLTEXT000854_front,front,front,True
FRCLTEXT000854_left,front,right,False
FRCLTEXT000854_back,front,back,False
FRCLTEXT000854_right,front,left,False
FRCLTEXT000855_front,front,front,True
FRCLTEXT000855_left,front,front,True
FRCLTEXT000855_back,front,back,False
FRCLTEXT000855_right,front,front,True
FRCLTEXT000856_front,back,back,True
FRCLTEXT000856_left,back,back,True
FRCLTEXT000856_back,back,front,False
FRCLTEXT000856_right,back,left,False
FRCLTEXT000857_front,back,back,True
FRCLTEXT000857_left,back,back,True
FRCLTEXT000857_back,back,back,True
FRCLTEXT000857_right,back,back,True
FRCLTEXT000858,front,front,True
FRCLTEXT000859_front,left,left,True
FRCLTEXT000859_left,left,front,False
FRCLTEXT000859_back,left,right,False
FRCLTEXT000859_right,left,left,True
FRCLTEXT000860_front,back,back,True
FRCLTEXT000860_left,back,right,False
FRCLTEXT000860_back,back,front,False
FRCLTEXT000860_right,back,left,False
FRCLTEXT000861_front,right,left,False
FRCLTEXT000861_left,front,left,False
FRCLTEXT000861_back,left,right,False
FRCLTEXT000861_right,back,left,False
FRCLTEXT000862,front,front,True
FRCLTEXT000863_front,back,back,True
FRCLTEXT000863_left,right,right,True
FRCLTEXT000863_back,front,front,True
FRCLTEXT000863_right,left,left,True
FRCLTEXT000864_front,back,back,True
FRCLTEXT000864_left,right,right,True
FRCLTEXT000864_back,front,front,True
FRCLTEXT000864_right,left,left,True
FRCLTEXT000865_front,left,right,False
FRCLTEXT000865_left,left,front,False
FRCLTEXT000865_back,left,right,False
FRCLTEXT000865_right,left,left,True
FRCLTEXT000866_front,left,left,True
FRCLTEXT000866_left,left,front,False
FRCLTEXT000866_back,left,left,True
FRCLTEXT000866_right,left,left,True
FRCLTEXT000867_front,front,front,True
FRCLTEXT000867_left,left,right,False
FRCLTEXT000867_back,back,back,True
FRCLTEXT000867_right,right,left,False
FRCLTEXT000868,front,front,True
FRCLTEXT000869_front,front,front,True
FRCLTEXT000869_left,left,right,False
FRCLTEXT000869_back,back,back,True
FRCLTEXT000869_right,right,left,False
FRCLTEXT000870_front,back,back,True
FRCLTEXT000870_left,right,right,True
FRCLTEXT000870_back,front,front,True
FRCLTEXT000870_right,left,left,True
FRCLTEXT000871_front,right,left,False
FRCLTEXT000871_left,front,front,True
FRCLTEXT000871_back,left,right,False
FRCLTEXT000871_right,back,left,False
FRCLTEXT000872_front,front,front,True
FRCLTEXT000872_left,front,front,True
FRCLTEXT000872_back,front,back,False
FRCLTEXT000872_right,front,left,False
FRCLTEXT000873_front,back,back,True
FRCLTEXT000873_left,back,back,True
FRCLTEXT000873_back,back,front,False
FRCLTEXT000873_right,back,left,False
FRCLTEXT000874_front,back,back,True
FRCLTEXT000874_left,back,right,False
FRCLTEXT000874_back,back,front,False
FRCLTEXT000874_right,back,left,False
FRCLTEXT000875_front,right,right,True
FRCLTEXT000875_left,right,right,True
FRCLTEXT000875_back,right,right,True
FRCLTEXT000875_right,right,right,True
FRCLTEXT000876_front,front,front,True
FRCLTEXT000876_left,front,front,True
FRCLTEXT000876_back,front,back,False
FRCLTEXT000876_right,front,front,True
FRCLTEXT000877_front,left,right,False
FRCLTEXT000877_left,back,right,False
FRCLTEXT000877_back,right,left,False
FRCLTEXT000877_right,front,right,False
FRCLTEXT000878_front,front,front,True
FRCLTEXT000878_left,left,right,False
FRCLTEXT000878_back,back,back,True
FRCLTEXT000878_right,right,left,False
FRCLTEXT000879_front,left,left,True
FRCLTEXT000879_left,left,front,False
FRCLTEXT000879_back,left,left,True
FRCLTEXT000879_right,left,left,True
FRCLTEXT000880_front,right,right,True
FRCLTEXT000880_left,right,right,True
FRCLTEXT000880_back,right,right,True
FRCLTEXT000880_right,right,right,True
FRCLTEXT000881,front,front,True
FRCLTEXT000882_front,right,left,False
FRCLTEXT000882_left,front,left,False
FRCLTEXT000882_back,left,right,False
FRCLTEXT000882_right,back,left,False
FRCLTEXT000883,left,left,True
FRCLTEXT000884_front,front,back,False
FRCLTEXT000884_left,front,front,True
FRCLTEXT000884_back,front,back,False
FRCLTEXT000884_right,front,front,True
FRCLTEXT000885_front,front,front,True
FRCLTEXT000885_left,front,right,False
FRCLTEXT000885_back,front,front,True
FRCLTEXT000885_right,front,front,True
FRCLTEXT000886_front,front,front,True
FRCLTEXT000886_left,left,right,False
FRCLTEXT000886_back,back,back,True
FRCLTEXT000886_right,right,left,False
FRCLTEXT000887_front,front,front,True
FRCLTEXT000887_left,front,right,False
FRCLTEXT000887_back,front,back,False
FRCLTEXT000887_right,front,left,False
FRCLTEXT000888,front,front,True
FRCLTEXT000889_front,back,back,True
FRCLTEXT000889_left,back,back,True
FRCLTEXT000889_back,back,front,False
FRCLTEXT000889_right,back,left,False
FRCLTEXT000890_front,back,back,True
FRCLTEXT000890_left,right,right,True
FRCLTEXT000890_back,front,front,True
FRCLTEXT000890_right,left,left,True
FRCLTEXT000891,right,right,True
FRCLTEXT000892_front,left,left,True
FRCLTEXT000892_left,left,front,False
FRCLTEXT000892_back,left,right,False
FRCLTEXT000892_right,left,left,True
FRCLTEXT000893_front,back,back,True
FRCLTEXT000893_left,back,right,False
FRCLTEXT000893_back,back,front,False
FRCLTEXT000893_right,back,back,True
FRCLTEXT000894_front,back,back,True
FRCLTEXT000894_left,right,right,True
FRCLTEXT000894_back,front,front,True
FRCLTEXT000894_right,left,left,True
FRCLTEXT000895_front,back,back,True
FRCLTEXT000895_left,back,back,True
FRCLTEXT000895_back,back,front,False
FRCLTEXT000895_right,back,left,False
FRCLTEXT000896_front,right,left,False
FRCLTEXT000896_left,front,front,True
FRCLTEXT000896_back,left,right,False
FRCLTEXT000896_right,back,left,False
FRCLTEXT000897_front,front,front,True
FRCLTEXT000897_left,left,right,False
FRCLTEXT000897_back,back,back,True
FRCLTEXT000897_right,right,left,False
FRCLTEXT000898_front,front,front,True
FRCLTEXT000898_left,left,right,False
FRCLTEXT000898_back,back,back,True
FRCLTEXT000898_right,right,left,False
FRCLTEXT000899_front,left,left,True
FRCLTEXT000899_left,left,front,False
FRCLTEXT000899_back,left,left,True
FRCLTEXT000899_right,left,left,True
FRCLTEXT000900_front,right,right,True
FRCLTEXT000900_left,right,back,False
FRCLTEXT000900_back,right,right,True
FRCLTEXT000900_right,right,front,False
FRCLTEXT000901,front,front,True
FRCLTEXT000902,right,right,True
FRCLTEXT000903_front,right,left,False
FRCLTEXT000903_left,front,front,True
FRCLTEXT000903_back,left,right,False
FRCLTEXT000903_right,back,front,False
FRCLTEXT000904,back,back,True
FRCLTEXT000905_front,left,right,False
FRCLTEXT000905_left,back,right,False
FRCLTEXT000905_back,right,left,False
FRCLTEXT000905_right,front,right,False
FRCLTEXT000906,left,left,True
FRCLTEXT000907,front,front,True
FRCLTEXT000908_front,left,left,True
FRCLTEXT000908_left,left,back,False
FRCLTEXT000908_back,left,left,True
FRCLTEXT000908_right,left,left,True
FRCLTEXT000909_front,right,left,False
FRCLTEXT000909_left,front,left,False
FRCLTEXT000909_back,left,right,False
FRCLTEXT000909_right,back,left,False
FRCLTEXT000910,left,left,True
FRCLTEXT000911,right,right,True
FRCLTEXT000912_front,right,left,False
FRCLTEXT000912_left,front,front,True
FRCLTEXT000912_back,left,right,False
FRCLTEXT000912_right,back,front,False
FRCLTEXT000913_front,back,front,False
FRCLTEXT000913_left,back,right,False
FRCLTEXT000913_back,back,back,True
FRCLTEXT000913_right,back,left,False
FRCLTEXT000914_front,front,front,True
FRCLTEXT000914_left,left,right,False
FRCLTEXT000914_back,back,back,True
FRCLTEXT000914_right,right,left,False
FRCLTEXT000915_front,back,back,True
FRCLTEXT000915_left,back,back,True
FRCLTEXT000915_back,back,back,True
FRCLTEXT000915_right,back,back,True
FRCLTEXT000916_front,back,back,True
FRCLTEXT000916_left,right,right,True
FRCLTEXT000916_back,front,front,True
FRCLTEXT000916_right,left,left,True
FRCLTEXT000917,right,right,True
FRCLTEXT000918_front,back,back,True
FRCLTEXT000918_left,back,back,True
FRCLTEXT000918_back,back,back,True
FRCLTEXT000918_right,back,left,False
FRCLTEXT000919_front,front,back,False
FRCLTEXT000919_left,front,front,True
FRCLTEXT000919_back,front,back,False
FRCLTEXT000919_right,front,left,False
FRCLTEXT000920,back,back,True
FRCLTEXT000921_front,right,right,True
FRCLTEXT000921_left,right,right,True
FRCLTEXT000921_back,right,back,False
FRCLTEXT000921_right,right,front,False
FRCLTEXT000922_front,left,left,True
FRCLTEXT000922_left,left,front,False
FRCLTEXT000922_back,left,left,True
FRCLTEXT000922_right,left,left,True
FRCLTEXT000923,left,right,False
FRCLTEXT000924_front,back,back,True
FRCLTEXT000924_left,right,right,True
FRCLTEXT000924_back,front,front,True
FRCLTEXT000924_right,left,left,True
FRCLTEXT000925,right,right,True
FRCLTEXT000926_front,front,front,True
FRCLTEXT000926_left,left,right,False
FRCLTEXT000926_back,back,back,True
FRCLTEXT000926_right,right,left,False
FRCLTEXT000927,back,back,True
FRCLTEXT000928_front,left,right,False
FRCLTEXT000928_left,back,right,False
FRCLTEXT000928_back,right,left,False
FRCLTEXT000928_right,front,right,False
FRCLTEXT000929,left,left,True
FRCLTEXT000930_front,back,back,True
FRCLTEXT000930_left,right,right,True
FRCLTEXT000930_back,front,front,True
FRCLTEXT000930_right,left,left,True
FRCLTEXT000931_front,right,right,True
FRCLTEXT000931_left,right,right,True
FRCLTEXT000931_back,right,right,True
FRCLTEXT000931_right,right,front,False
FRCLTEXT000932_front,left,left,True
FRCLTEXT000932_left,left,front,False
FRCLTEXT000932_back,left,left,True
FRCLTEXT000932_right,left,left,True
FRCLTEXT000933_front,front,front,True
FRCLTEXT000933_left,left,right,False
FRCLTEXT000933_back,back,back,True
FRCLTEXT000933_right,right,left,False
FRCLTEXT000934_front,back,back,True
FRCLTEXT000934_left,right,right,True
FRCLTEXT000934_back,front,front,True
FRCLTEXT000934_right,left,left,True
FRCLTEXT000935_front,back,back,True
FRCLTEXT000935_left,back,right,False
FRCLTEXT000935_back,back,front,False
FRCLTEXT000935_right,back,left,False
FRCLTEXT000936_front,left,right,False
FRCLTEXT000936_left,back,right,False
FRCLTEXT000936_back,right,left,False
FRCLTEXT000936_right,front,right,False
FRCLTEXT000937_front,back,back,True
FRCLTEXT000937_left,back,back,True
FRCLTEXT000937_back,back,front,False
FRCLTEXT000937_right,back,left,False
FRCLTEXT000938,left,left,True
FRCLTEXT000939_front,right,left,False
FRCLTEXT000939_left,front,left,False
FRCLTEXT000939_back,left,right,False
FRCLTEXT000939_right,back,left,False
FRCLTEXT000940_front,back,front,False
FRCLTEXT000940_left,back,right,False
FRCLTEXT000940_back,back,front,False
FRCLTEXT000940_right,back,left,False
FRCLTEXT000941,front,front,True
FRCLTEXT000942_front,right,left,False
FRCLTEXT000942_left,front,front,True
FRCLTEXT000942_back,left,right,False
FRCLTEXT000942_right,back,front,False
FRCLTEXT000943_front,back,back,True
FRCLTEXT000943_left,right,right,True
FRCLTEXT000943_back,front,front,True
FRCLTEXT000943_right,left,left,True
FRCLTEXT000944,left,left,True
FRCLTEXT000945_front,right,left,False
FRCLTEXT000945_left,front,left,False
FRCLTEXT000945_back,left,right,False
FRCLTEXT000945_right,back,front,False
FRCLTEXT000946_front,right,right,True
FRCLTEXT000946_left,right,right,True
FRCLTEXT000946_back,right,right,True
FRCLTEXT000946_right,right,front,False
FRCLTEXT000947,front,right,False
FRCLTEXT000948_front,right,left,False
FRCLTEXT000948_left,front,front,True
FRCLTEXT000948_back,left,right,False
FRCLTEXT000948_right,back,left,False
FRCLTEXT000949,front,front,True
FRCLTEXT000950,left,left,True
FRCLTEXT000951_front,left,right,False
FRCLTEXT000951_left,left,right,False
FRCLTEXT000951_back,left,left,True
FRCLTEXT000951_right,left,left,True
FRCLTEXT000952_front,front,front,True
FRCLTEXT000952_left,left,left,True
FRCLTEXT000952_back,back,back,True
FRCLTEXT000952_right,right,left,False
FRCLTEXT000953_front,right,right,True
FRCLTEXT000953_left,right,right,True
FRCLTEXT000953_back,right,back,False
FRCLTEXT000953_right,right,right,True
FRCLTEXT000954_front,right,right,True
FRCLTEXT000954_left,right,back,False
FRCLTEXT000954_back,right,right,True
FRCLTEXT000954_right,right,front,False
FRCLTEXT000955_front,front,front,True
FRCLTEXT000955_left,front,front,True
FRCLTEXT000955_back,front,back,False
FRCLTEXT000955_right,front,front,True
FRCLTEXT000956_front,back,back,True
FRCLTEXT000956_left,back,back,True
FRCLTEXT000956_back,back,front,False
FRCLTEXT000956_right,back,back,True
FRCLTEXT000957_front,front,front,True
FRCLTEXT000957_left,left,left,True
FRCLTEXT000957_back,back,back,True
FRCLTEXT000957_right,right,left,False
FRCLTEXT000958,back,back,True
FRCLTEXT000959,back,back,True
FRCLTEXT000960,front,front,True
FRCLTEXT000961_front,back,back,True
FRCLTEXT000961_left,back,right,False
FRCLTEXT000961_back,back,back,True
FRCLTEXT000961_right,back,left,False
FRCLTEXT000962_front,front,front,True
FRCLTEXT000962_left,front,left,False
FRCLTEXT000962_back,front,back,False
FRCLTEXT000962_right,front,front,True
FRCLTEXT000963_front,right,left,False
FRCLTEXT000963_left,front,right,False
FRCLTEXT000963_back,left,right,False
FRCLTEXT000963_right,back,left,False
FRCLTEXT000964,right,right,True
FRCLTEXT000965,right,right,True
FRCLTEXT000966_front,left,right,False
FRCLTEXT000966_left,back,right,False
FRCLTEXT000966_back,right,left,False
FRCLTEXT000966_right,front,right,False
FRCLTEXT000967,back,back,True
FRCLTEXT000968_front,left,left,True
FRCLTEXT000968_left,left,front,False
FRCLTEXT000968_back,left,right,False
FRCLTEXT000968_right,left,left,True
FRCLTEXT000969_front,right,right,True
FRCLTEXT000969_left,right,right,True
FRCLTEXT000969_back,right,left,False
FRCLTEXT000969_right,right,front,False
FRCLTEXT000970,back,back,True
FRCLTEXT000971_front,back,back,True
FRCLTEXT000971_left,back,back,True
FRCLTEXT000971_back,back,back,True
FRCLTEXT000971_right,back,back,True
FRCLTEXT000972_front,right,left,False
FRCLTEXT000972_left,front,left,False
FRCLTEXT000972_back,left,right,False
FRCLTEXT000972_right,back,left,False
FRCLTEXT000973_front,back,back,True
FRCLTEXT000973_left,right,right,True
FRCLTEXT000973_back,front,front,True
FRCLTEXT000973_right,left,left,True
FRCLTEXT000974_front,front,front,True
FRCLTEXT000974_left,front,front,True
FRCLTEXT000974_back,front,back,False
FRCLTEXT000974_right,front,left,False
FRCLTEXT000975,back,back,True
FRCLTEXT000976_front,back,back,True
FRCLTEXT000976_left,right,right,True
FRCLTEXT000976_back,front,front,True
FRCLTEXT000976_right,left,left,True
FRCLTEXT000977_front,right,right,True
FRCLTEXT000977_left,right,right,True
FRCLTEXT000977_back,right,back,False
FRCLTEXT000977_right,right,front,False
FRCLTEXT000978_front,front,front,True
FRCLTEXT000978_left,left,left,True
FRCLTEXT000978_back,back,back,True
FRCLTEXT000978_right,right,left,False
FRCLTEXT000979_front,back,back,True
FRCLTEXT000979_left,right,right,True
FRCLTEXT000979_back,front,front,True
FRCLTEXT000979_right,left,left,True
FRCLTEXT000980_front,right,left,False
FRCLTEXT000980_left,front,front,True
FRCLTEXT000980_back,left,right,False
FRCLTEXT000980_right,back,left,False
FRCLTEXT000981_front,right,left,False
FRCLTEXT000981_left,front,front,True
FRCLTEXT000981_back,left,right,False
FRCLTEXT000981_right,back,front,False
FRCLTEXT000982_front,front,front,True
FRCLTEXT000982_left,left,right,False
FRCLTEXT000982_back,back,back,True
FRCLTEXT000982_right,right,left,False
FRCLTEXT000983,right,right,True
FRCLTEXT000984_front,right,left,False
FRCLTEXT000984_left,front,front,True
FRCLTEXT000984_back,left,right,False
FRCLTEXT000984_right,back,front,False
FRCLTEXT000985_front,left,right,False
FRCLTEXT000985_left,back,right,False
FRCLTEXT000985_back,right,left,False
FRCLTEXT000985_right,front,right,False
FRCLTEXT000986_front,front,front,True
FRCLTEXT000986_left,front,front,True
FRCLTEXT000986_back,front,back,False
FRCLTEXT000986_right,front,front,True
FRCLTEXT000987_front,back,back,True
FRCLTEXT000987_left,back,back,True
FRCLTEXT000987_back,back,back,True
FRCLTEXT000987_right,back,left,False
FRCLTEXT000988,front,front,True
FRCLTEXT000989_front,front,front,True
FRCLTEXT000989_left,left,right,False
FRCLTEXT000989_back,back,back,True
FRCLTEXT000989_right,right,left,False
FRCLTEXT000990_front,back,back,True
FRCLTEXT000990_left,right,right,True
FRCLTEXT000990_back,front,front,True
FRCLTEXT000990_right,left,left,True
FRCLTEXT000991,left,left,True
FRCLTEXT000992_front,left,right,False
FRCLTEXT000992_left,back,right,False
FRCLTEXT000992_back,right,front,False
FRCLTEXT000992_right,front,right,False
FRCLTEXT000993,left,left,True
FRCLTEXT000994,back,back,True
FRCLTEXT000995,left,left,True
FRCLTEXT000996_front,right,left,False
FRCLTEXT000996_left,front,front,True
FRCLTEXT000996_back,left,right,False
FRCLTEXT000996_right,back,front,False
FRCLTEXT000997,right,right,True
FRCLTEXT000998_front,back,back,True
FRCLTEXT000998_left,back,right,False
FRCLTEXT000998_back,back,front,False
FRCLTEXT000998_right,back,left,False
FRCLTEXT000999_front,back,back,True
FRCLTEXT000999_left,back,right,False
FRCLTEXT000999_back,back,front,False
FRCLTEXT000999_right,back,left,False
FRCLTEXT001000_front,back,back,True
FRCLTEXT001000_left,right,right,True
FRCLTEXT001000_back,front,front,True
FRCLTEXT001000_right,left,left,True
FRCLTEXT001001_front,front,front,True
FRCLTEXT001001_left,left,right,False
FRCLTEXT001001_back,back,back,True
FRCLTEXT001001_right,right,left,False
FRCLTEXT001002_front,front,front,True
FRCLTEXT001002_left,front,front,True
FRCLTEXT001002_back,front,front,True
FRCLTEXT001002_right,front,front,True
FRCLTEXT001003_front,right,right,True
FRCLTEXT001003_left,right,back,False
FRCLTEXT001003_back,right,right,True
FRCLTEXT001003_right,right,right,True
FRCLTEXT001004_front,back,back,True
FRCLTEXT001004_left,right,right,True
FRCLTEXT001004_back,front,front,True
FRCLTEXT001004_right,left,left,True
FRCLTEXT001005_front,right,left,False
FRCLTEXT001005_left,front,front,True
FRCLTEXT001005_back,left,right,False
FRCLTEXT001005_right,back,left,False
FRCLTEXT001006_front,left,left,True
FRCLTEXT001006_left,left,front,False
FRCLTEXT001006_back,left,left,True
FRCLTEXT001006_right,left,left,True
FRCLTEXT001007_front,right,left,False
FRCLTEXT001007_left,front,front,True
FRCLTEXT001007_back,left,right,False
FRCLTEXT001007_right,back,left,False
FRCLTEXT001008,front,front,True
FRCLTEXT001009_front,left,right,False
FRCLTEXT001009_left,back,right,False
FRCLTEXT001009_back,right,left,False
FRCLTEXT001009_right,front,right,False
FRCLTEXT001010_front,front,front,True
FRCLTEXT001010_left,left,right,False
FRCLTEXT001010_back,back,back,True
FRCLTEXT001010_right,right,left,False
FRCLTEXT001011_front,left,left,True
FRCLTEXT001011_left,left,front,False
FRCLTEXT001011_back,left,left,True
FRCLTEXT001011_right,left,left,True
FRCLTEXT001012_front,back,back,True
FRCLTEXT001012_left,right,right,True
FRCLTEXT001012_back,front,front,True
FRCLTEXT001012_right,left,left,True
FRCLTEXT001013_front,left,right,False
FRCLTEXT001013_left,back,right,False
FRCLTEXT001013_back,right,left,False
FRCLTEXT001013_right,front,right,False
FRCLTEXT001014_front,left,left,True
FRCLTEXT001014_left,left,front,False
FRCLTEXT001014_back,left,left,True
FRCLTEXT001014_right,left,left,True
FRCLTEXT001015,front,front,True
FRCLTEXT001016_front,right,right,True
FRCLTEXT001016_left,right,right,True
FRCLTEXT001016_back,right,right,True
FRCLTEXT001016_right,right,front,False
FRCLTEXT001017_front,left,right,False
FRCLTEXT001017_left,back,left,False
FRCLTEXT001017_back,right,left,False
FRCLTEXT001017_right,front,right,False
FRCLTEXT001018_front,back,back,True
FRCLTEXT001018_left,right,right,True
FRCLTEXT001018_back,front,front,True
FRCLTEXT001018_right,left,left,True
FRCLTEXT001019_front,back,back,True
FRCLTEXT001019_left,right,right,True
FRCLTEXT001019_back,front,front,True
FRCLTEXT001019_right,left,left,True
FRCLTEXT001020_front,left,left,True
FRCLTEXT001020_left,left,front,False
FRCLTEXT001020_back,left,right,False
FRCLTEXT001020_right,left,left,True
FRCLTEXT001021_front,front,front,True
FRCLTEXT001021_left,left,right,False
FRCLTEXT001021_back,back,back,True
FRCLTEXT001021_right,right,left,False
FRCLTEXT001022,left,left,True
FRCLTEXT001023_front,left,right,False
FRCLTEXT001023_left,back,right,False
FRCLTEXT001023_back,right,left,False
FRCLTEXT001023_right,front,right,False
FRCLTEXT001024,left,left,True
FRCLTEXT001025_front,right,left,False
FRCLTEXT001025_left,front,front,True
FRCLTEXT001025_back,left,right,False
FRCLTEXT001025_right,back,left,False
FRCLTEXT001026,left,left,True
FRCLTEXT001027,right,right,True
FRCLTEXT001028_front,front,front,True
FRCLTEXT001028_left,front,front,True
FRCLTEXT001028_back,front,front,True
FRCLTEXT001028_right,front,front,True
FRCLTEXT001029_front,right,left,False
FRCLTEXT001029_left,front,front,True
FRCLTEXT001029_back,left,right,False
FRCLTEXT001029_right,back,left,False
FRCLTEXT001030_front,front,front,True
FRCLTEXT001030_left,front,front,True
FRCLTEXT001030_back,front,front,True
FRCLTEXT001030_right,front,front,True
FRCLTEXT001031_front,left,right,False
FRCLTEXT001031_left,back,right,False
FRCLTEXT001031_back,right,left,False
FRCLTEXT001031_right,front,right,False
FRCLTEXT001032_front,back,back,True
FRCLTEXT001032_left,back,right,False
FRCLTEXT001032_back,back,front,False
FRCLTEXT001032_right,back,left,False
FRCLTEXT001033,front,front,True
FRCLTEXT001034_front,front,front,True
FRCLTEXT001034_left,front,front,True
FRCLTEXT001034_back,front,back,False
FRCLTEXT001034_right,front,left,False
FRCLTEXT001035_front,left,left,True
FRCLTEXT001035_left,left,front,False
FRCLTEXT001035_back,left,right,False
FRCLTEXT001035_right,left,left,True
FRCLTEXT001036_front,right,right,True
FRCLTEXT001036_left,right,right,True
FRCLTEXT001036_back,right,right,True
FRCLTEXT001036_right,right,back,False
FRCLTEXT001037_front,right,left,False
FRCLTEXT001037_left,front,front,True
FRCLTEXT001037_back,left,right,False
FRCLTEXT001037_right,back,front,False
FRCLTEXT001038,left,left,True
FRCLTEXT001039,right,right,True
FRCLTEXT001040,front,right,False
FRCLTEXT001041_front,front,front,True
FRCLTEXT001041_left,left,left,True
FRCLTEXT001041_back,back,back,True
FRCLTEXT001041_right,right,left,False
FRCLTEXT001042_front,left,left,True
FRCLTEXT001042_left,left,right,False
FRCLTEXT001042_back,left,left,True
FRCLTEXT001042_right,left,left,True
FRCLTEXT001043_front,right,right,True
FRCLTEXT001043_left,right,back,False
FRCLTEXT001043_back,right,right,True
FRCLTEXT001043_right,right,front,False
FRCLTEXT001044_front,back,back,True
FRCLTEXT001044_left,right,right,True
FRCLTEXT001044_back,front,front,True
FRCLTEXT001044_right,left,left,True
FRCLTEXT001045_front,left,right,False
FRCLTEXT001045_left,back,right,False
FRCLTEXT001045_back,right,left,False
FRCLTEXT001045_right,front,right,False
FRCLTEXT001046,left,left,True
FRCLTEXT001047_front,right,left,False
FRCLTEXT001047_left,front,front,True
FRCLTEXT001047_back,left,right,False
FRCLTEXT001047_right,back,front,False
FRCLTEXT001048_front,front,front,True
FRCLTEXT001048_left,left,left,True
FRCLTEXT001048_back,back,back,True
FRCLTEXT001048_right,right,left,False
FRCLTEXT001049_front,left,left,True
FRCLTEXT001049_left,left,front,False
FRCLTEXT001049_back,left,left,True
FRCLTEXT001049_right,left,left,True
FRCLTEXT001050,right,right,True
FRCLTEXT001051_front,back,back,True
FRCLTEXT001051_left,back,right,False
FRCLTEXT001051_back,back,back,True
FRCLTEXT001051_right,back,left,False
FRCLTEXT001052,right,right,True
FRCLTEXT001053_front,right,right,True
FRCLTEXT001053_left,right,right,True
FRCLTEXT001053_back,right,right,True
FRCLTEXT001053_right,right,right,True
FRCLTEXT001054_front,back,back,True
FRCLTEXT001054_left,right,right,True
FRCLTEXT001054_back,front,front,True
FRCLTEXT001054_right,left,left,True
FRCLTEXT001055_front,left,left,True
FRCLTEXT001055_left,left,front,False
FRCLTEXT001055_back,left,left,True
FRCLTEXT001055_right,left,left,True
FRCLTEXT001056_front,left,left,True
FRCLTEXT001056_left,left,front,False
FRCLTEXT001056_back,left,right,False
FRCLTEXT001056_right,left,left,True
FRCLTEXT001057_front,back,back,True
FRCLTEXT001057_left,right,right,True
FRCLTEXT001057_back,front,front,True
FRCLTEXT001057_right,left,left,True
FRCLTEXT001058_front,left,right,False
FRCLTEXT001058_left,back,right,False
FRCLTEXT001058_back,right,left,False
FRCLTEXT001058_right,front,right,False
FRCLTEXT001059_front,left,right,False
FRCLTEXT001059_left,back,right,False
FRCLTEXT001059_back,right,left,False
FRCLTEXT001059_right,front,right,False
FRCLTEXT001060,back,back,True
FRCLTEXT001061_front,right,left,False
FRCLTEXT001061_left,front,left,False
FRCLTEXT001061_back,left,right,False
FRCLTEXT001061_right,back,left,False
FRCLTEXT001062_front,left,left,True
FRCLTEXT001062_left,left,front,False
FRCLTEXT001062_back,left,right,False
FRCLTEXT001062_right,left,left,True
FRCLTEXT001063_front,front,front,True
FRCLTEXT001063_left,left,right,False
FRCLTEXT001063_back,back,back,True
FRCLTEXT001063_right,right,left,False
FRCLTEXT001064,back,back,True
FRCLTEXT001065_front,back,back,True
FRCLTEXT001065_left,back,back,True
FRCLTEXT001065_back,back,front,False
FRCLTEXT001065_right,back,left,False
FRCLTEXT001066_front,back,back,True
FRCLTEXT001066_left,back,right,False
FRCLTEXT001066_back,back,back,True
FRCLTEXT001066_right,back,left,False
FRCLTEXT001067_front,front,front,True
FRCLTEXT001067_left,left,left,True
FRCLTEXT001067_back,back,back,True
FRCLTEXT001067_right,right,left,False
FRCLTEXT001068_front,back,back,True
FRCLTEXT001068_left,back,right,False
FRCLTEXT001068_back,back,back,True
FRCLTEXT001068_right,back,left,False
FRCLTEXT001069_front,front,front,True
FRCLTEXT001069_left,left,right,False
FRCLTEXT001069_back,back,back,True
FRCLTEXT001069_right,right,left,False
FRCLTEXT001070_front,left,right,False
FRCLTEXT001070_left,back,right,False
FRCLTEXT001070_back,right,back,False
FRCLTEXT001070_right,front,right,False
FRCLTEXT001071_front,front,front,True
FRCLTEXT001071_left,left,right,False
FRCLTEXT001071_back,back,back,True
FRCLTEXT001071_right,right,left,False
FRCLTEXT001072,left,left,True
FRCLTEXT001073_front,back,back,True
FRCLTEXT001073_left,right,right,True
FRCLTEXT001073_back,front,front,True
FRCLTEXT001073_right,left,left,True
FRCLTEXT001074_front,right,left,False
FRCLTEXT001074_left,front,left,False
FRCLTEXT001074_back,left,right,False
FRCLTEXT001074_right,back,front,False
FRCLTEXT001075_front,back,back,True
FRCLTEXT001075_left,right,right,True
FRCLTEXT001075_back,front,front,True
FRCLTEXT001075_right,left,left,True
FRCLTEXT001076_front,front,front,True
FRCLTEXT001076_left,left,left,True
FRCLTEXT001076_back,back,back,True
FRCLTEXT001076_right,right,left,False
FRCLTEXT001077_front,right,left,False
FRCLTEXT001077_left,front,left,False
FRCLTEXT001077_back,left,right,False
FRCLTEXT001077_right,back,left,False
FRCLTEXT001078_front,right,left,False
FRCLTEXT001078_left,front,right,False
FRCLTEXT001078_back,left,right,False
FRCLTEXT001078_right,back,left,False
FRCLTEXT001079_front,back,back,True
FRCLTEXT001079_left,right,right,True
FRCLTEXT001079_back,front,front,True
FRCLTEXT001079_right,left,left,True
FRCLTEXT001080_front,front,front,True
FRCLTEXT001080_left,left,left,True
FRCLTEXT001080_back,back,back,True
FRCLTEXT001080_right,right,left,False
FRCLTEXT001081_front,left,left,True
FRCLTEXT001081_left,left,front,False
FRCLTEXT001081_back,left,left,True
FRCLTEXT001081_right,left,left,True
FRCLTEXT001082_front,back,back,True
FRCLTEXT001082_left,right,right,True
FRCLTEXT001082_back,front,front,True
FRCLTEXT001082_right,left,left,True
FRCLTEXT001083,front,front,True
FRCLTEXT001084_front,front,front,True
FRCLTEXT001084_left,left,right,False
FRCLTEXT001084_back,back,back,True
FRCLTEXT001084_right,right,left,False
FRCLTEXT001085_front,back,back,True
FRCLTEXT001085_left,right,right,True
FRCLTEXT001085_back,front,front,True
FRCLTEXT001085_right,left,left,True
FRCLTEXT001086,back,back,True
FRCLTEXT001087_front,front,front,True
FRCLTEXT001087_left,left,right,False
FRCLTEXT001087_back,back,back,True
FRCLTEXT001087_right,right,left,False
FRCLTEXT001088,front,front,True
FRCLTEXT001089_front,front,front,True
FRCLTEXT001089_left,left,left,True
FRCLTEXT001089_back,back,back,True
FRCLTEXT001089_right,right,right,True
FRCLTEXT001090_front,right,left,False
FRCLTEXT001090_left,front,front,True
FRCLTEXT001090_back,left,right,False
FRCLTEXT001090_right,back,left,False
FRCLTEXT001091,left,left,True
FRCLTEXT001092_front,back,back,True
FRCLTEXT001092_left,back,back,True
FRCLTEXT001092_back,back,front,False
FRCLTEXT001092_right,back,left,False
FRCLTEXT001093_front,front,back,False
FRCLTEXT001093_left,front,left,False
FRCLTEXT001093_back,front,back,False
FRCLTEXT001093_right,front,left,False
FRCLTEXT001094_front,front,front,True
FRCLTEXT001094_left,front,front,True
FRCLTEXT001094_back,front,front,True
FRCLTEXT001094_right,front,front,True
FRCLTEXT001095_front,back,back,True
FRCLTEXT001095_left,back,right,False
FRCLTEXT001095_back,back,back,True
FRCLTEXT001095_right,back,left,False
FRCLTEXT001096_front,back,back,True
FRCLTEXT001096_left,right,right,True
FRCLTEXT001096_back,front,front,True
FRCLTEXT001096_right,left,left,True
FRCLTEXT001097_front,right,left,False
FRCLTEXT001097_left,front,front,True
FRCLTEXT001097_back,left,right,False
FRCLTEXT001097_right,back,left,False
FRCLTEXT001098,right,right,True
FRCLTEXT001099_front,back,back,True
FRCLTEXT001099_left,right,right,True
FRCLTEXT001099_back,front,front,True
FRCLTEXT001099_right,left,left,True
FRCLTEXT001100_front,front,front,True
FRCLTEXT001100_left,front,front,True
FRCLTEXT001100_back,front,back,False
FRCLTEXT001100_right,front,right,False
FRCLTEXT001101_front,back,back,True
FRCLTEXT001101_left,back,back,True
FRCLTEXT001101_back,back,front,False
FRCLTEXT001101_right,back,left,False
FRCLTEXT001102,left,left,True
FRCLTEXT001103_front,back,front,False
FRCLTEXT001103_left,back,right,False
FRCLTEXT001103_back,back,front,False
FRCLTEXT001103_right,back,left,False
FRCLTEXT001104,back,back,True
FRCLTEXT001105_front,right,right,True
FRCLTEXT001105_left,right,right,True
FRCLTEXT001105_back,right,right,True
FRCLTEXT001105_right,right,front,False
FRCLTEXT001106,front,front,True
FRCLTEXT001107_front,front,front,True
FRCLTEXT001107_left,front,front,True
FRCLTEXT001107_back,front,back,False
FRCLTEXT001107_right,front,left,False
FRCLTEXT001108_front,left,left,True
FRCLTEXT001108_left,left,right,False
FRCLTEXT001108_back,left,left,True
FRCLTEXT001108_right,left,left,True
FRCLTEXT001109,back,back,True
FRCLTEXT001110_front,right,right,True
FRCLTEXT001110_left,right,back,False
FRCLTEXT001110_back,right,right,True
FRCLTEXT001110_right,right,back,False
FRCLTEXT001111_front,back,back,True
FRCLTEXT001111_left,back,right,False
FRCLTEXT001111_back,back,back,True
FRCLTEXT001111_right,back,left,False
FRCLTEXT001112_front,back,back,True
FRCLTEXT001112_left,right,right,True
FRCLTEXT001112_back,front,front,True
FRCLTEXT001112_right,left,left,True
FRCLTEXT001113_front,front,front,True
FRCLTEXT001113_left,left,right,False
FRCLTEXT001113_back,back,back,True
FRCLTEXT001113_right,right,left,False
FRCLTEXT001114_front,left,right,False
FRCLTEXT001114_left,back,right,False
FRCLTEXT001114_back,right,left,False
FRCLTEXT001114_right,front,right,False
FRCLTEXT001115_front,right,left,False
FRCLTEXT001115_left,front,front,True
FRCLTEXT001115_back,left,right,False
FRCLTEXT001115_right,back,left,False
FRCLTEXT001116_front,front,front,True
FRCLTEXT001116_left,left,right,False
FRCLTEXT001116_back,back,back,True
FRCLTEXT001116_right,right,left,False
FRCLTEXT001117_front,back,back,True
FRCLTEXT001117_left,back,right,False
FRCLTEXT001117_back,back,front,False
FRCLTEXT001117_right,back,left,False
FRCLTEXT001118_front,left,left,True
FRCLTEXT001118_left,left,front,False
FRCLTEXT001118_back,left,right,False
FRCLTEXT001118_right,left,left,True
FRCLTEXT001119,front,front,True
FRCLTEXT001120_front,left,left,True
FRCLTEXT001120_left,left,left,True
FRCLTEXT001120_back,left,left,True
FRCLTEXT001120_right,left,left,True
FRCLTEXT001121,back,back,True
FRCLTEXT001122_front,left,right,False
FRCLTEXT001122_left,back,right,False
FRCLTEXT001122_back,right,left,False
FRCLTEXT001122_right,front,right,False
FRCLTEXT001123_front,back,back,True
FRCLTEXT001123_left,back,right,False
FRCLTEXT001123_back,back,front,False
FRCLTEXT001123_right,back,left,False
FRCLTEXT001124_front,left,right,False
FRCLTEXT001124_left,back,right,False
FRCLTEXT001124_back,right,left,False
FRCLTEXT001124_right,front,right,False
FRCLTEXT001125_front,front,front,True
FRCLTEXT001125_left,left,right,False
FRCLTEXT001125_back,back,back,True
FRCLTEXT001125_right,right,left,False
FRCLTEXT001126,left,left,True
FRCLTEXT001127_front,left,right,False
FRCLTEXT001127_left,back,left,False
FRCLTEXT001127_back,right,left,False
FRCLTEXT001127_right,front,right,False
FRCLTEXT001128,right,right,True
FRCLTEXT001129_front,right,left,False
FRCLTEXT001129_left,front,front,True
FRCLTEXT001129_back,left,front,False
FRCLTEXT001129_right,back,left,False
FRCLTEXT001130_front,left,left,True
FRCLTEXT001130_left,left,front,False
FRCLTEXT001130_back,left,left,True
FRCLTEXT001130_right,left,left,True
FRCLTEXT001131_front,front,front,True
FRCLTEXT001131_left,left,right,False
FRCLTEXT001131_back,back,back,True
FRCLTEXT001131_right,right,left,False
FRCLTEXT001132_front,front,front,True
FRCLTEXT001132_left,left,right,False
FRCLTEXT001132_back,back,back,True
FRCLTEXT001132_right,right,left,False
FRCLTEXT001133,right,right,True
FRCLTEXT001134_front,left,right,False
FRCLTEXT001134_left,back,right,False
FRCLTEXT001134_back,right,left,False
FRCLTEXT001134_right,front,right,False
FRCLTEXT001135,back,back,True
FRCLTEXT001136,right,right,True
FRCLTEXT001137_front,back,back,True
FRCLTEXT001137_left,right,right,True
FRCLTEXT001137_back,front,front,True
FRCLTEXT001137_right,left,left,True
FRCLTEXT001138_front,right,right,True
FRCLTEXT001138_left,right,right,True
FRCLTEXT001138_back,right,left,False
FRCLTEXT001138_right,right,right,True
FRCLTEXT001139_front,left,left,True
FRCLTEXT001139_left,left,front,False
FRCLTEXT001139_back,left,left,True
FRCLTEXT001139_right,left,left,True
FRCLTEXT001140_front,left,right,False
FRCLTEXT001140_left,back,right,False
FRCLTEXT001140_back,right,left,False
FRCLTEXT001140_right,front,right,False
FRCLTEXT001141_front,front,front,True
FRCLTEXT001141_left,left,right,False
FRCLTEXT001141_back,back,back,True
FRCLTEXT001141_right,right,left,False
FRCLTEXT001142,front,front,True
FRCLTEXT001143,back,back,True
FRCLTEXT001144,front,back,False
FRCLTEXT001145_front,right,left,False
FRCLTEXT001145_left,front,front,True
FRCLTEXT001145_back,left,right,False
FRCLTEXT001145_right,back,front,False
FRCLTEXT001146_front,front,back,False
FRCLTEXT001146_left,front,right,False
FRCLTEXT001146_back,front,back,False
FRCLTEXT001146_right,front,left,False
FRCLTEXT001147_front,back,back,True
FRCLTEXT001147_left,right,right,True
FRCLTEXT001147_back,front,front,True
FRCLTEXT001147_right,left,left,True
FRCLTEXT001148,left,left,True
FRCLTEXT001149_front,front,front,True
FRCLTEXT001149_left,left,left,True
FRCLTEXT001149_back,back,back,True
FRCLTEXT001149_right,right,left,False
FRCLTEXT001150_front,front,front,True
FRCLTEXT001150_left,left,right,False
FRCLTEXT001150_back,back,back,True
FRCLTEXT001150_right,right,left,False
FRCLTEXT001151_front,back,front,False
FRCLTEXT001151_left,back,right,False
FRCLTEXT001151_back,back,front,False
FRCLTEXT001151_right,back,left,False
FRCLTEXT001152,front,front,True
FRCLTEXT001153_front,back,back,True
FRCLTEXT001153_left,right,right,True
FRCLTEXT001153_back,front,front,True
FRCLTEXT001153_right,left,left,True
FRCLTEXT001154_front,back,back,True
FRCLTEXT001154_left,right,right,True
FRCLTEXT001154_back,front,front,True
FRCLTEXT001154_right,left,left,True
FRCLTEXT001155,back,back,True
FRCLTEXT001156_front,left,right,False
FRCLTEXT001156_left,back,right,False
FRCLTEXT001156_back,right,left,False
FRCLTEXT001156_right,front,right,False
FRCLTEXT001157_front,back,back,True
FRCLTEXT001157_left,right,right,True
FRCLTEXT001157_back,front,front,True
FRCLTEXT001157_right,left,left,True
FRCLTEXT001158_front,right,right,True
FRCLTEXT001158_left,right,right,True
FRCLTEXT001158_back,right,right,True
FRCLTEXT001158_right,right,front,False
FRCLTEXT001159_front,left,right,False
FRCLTEXT001159_left,back,left,False
FRCLTEXT001159_back,right,left,False
FRCLTEXT001159_right,front,front,True
FRCLTEXT001160_front,right,left,False
FRCLTEXT001160_left,front,front,True
FRCLTEXT001160_back,left,right,False
FRCLTEXT001160_right,back,front,False
FRCLTEXT001161,back,back,True
FRCLTEXT001162_front,back,back,True
FRCLTEXT001162_left,back,back,True
FRCLTEXT001162_back,back,back,True
FRCLTEXT001162_right,back,left,False
FRCLTEXT001163_front,back,back,True
FRCLTEXT001163_left,right,right,True
FRCLTEXT001163_back,front,front,True
FRCLTEXT001163_right,left,left,True
FRCLTEXT001164_front,left,left,True
FRCLTEXT001164_left,left,front,False
FRCLTEXT001164_back,left,back,False
FRCLTEXT001164_right,left,left,True
FRCLTEXT001165,left,left,True
FRCLTEXT001166,front,front,True
FRCLTEXT001167,right,right,True
FRCLTEXT001168_front,right,right,True
FRCLTEXT001168_left,right,back,False
FRCLTEXT001168_back,right,right,True
FRCLTEXT001168_right,right,front,False
FRCLTEXT001169_front,right,left,False
FRCLTEXT001169_left,front,front,True
FRCLTEXT001169_back,left,right,False
FRCLTEXT001169_right,back,left,False
FRCLTEXT001170_front,left,left,True
FRCLTEXT001170_left,left,front,False
FRCLTEXT001170_back,left,left,True
FRCLTEXT001170_right,left,left,True
FRCLTEXT001171_front,right,right,True
FRCLTEXT001171_left,right,right,True
FRCLTEXT001171_back,right,back,False
FRCLTEXT001171_right,right,front,False
FRCLTEXT001172_front,left,right,False
FRCLTEXT001172_left,back,left,False
FRCLTEXT001172_back,right,front,False
FRCLTEXT001172_right,front,right,False
FRCLTEXT001173_front,back,back,True
FRCLTEXT001173_left,back,back,True
FRCLTEXT001173_back,back,front,False
FRCLTEXT001173_right,back,back,True
FRCLTEXT001174_front,left,right,False
FRCLTEXT001174_left,back,left,False
FRCLTEXT001174_back,right,left,False
FRCLTEXT001174_right,front,right,False
FRCLTEXT001175_front,back,back,True
FRCLTEXT001175_left,right,right,True
FRCLTEXT001175_back,front,front,True
FRCLTEXT001175_right,left,left,True
FRCLTEXT001176_front,front,front,True
FRCLTEXT001176_left,front,right,False
FRCLTEXT001176_back,front,back,False
FRCLTEXT001176_right,front,front,True
FRCLTEXT001177_front,left,right,False
FRCLTEXT001177_left,back,right,False
FRCLTEXT001177_back,right,left,False
FRCLTEXT001177_right,front,right,False
FRCLTEXT001178_front,front,front,True
FRCLTEXT001178_left,front,right,False
FRCLTEXT001178_back,front,front,True
FRCLTEXT001178_right,front,left,False
FRCLTEXT001179_front,front,front,True
FRCLTEXT001179_left,front,front,True
FRCLTEXT001179_back,front,back,False
FRCLTEXT001179_right,front,left,False
FRCLTEXT001180_front,back,back,True
FRCLTEXT001180_left,back,back,True
FRCLTEXT001180_back,back,front,False
FRCLTEXT001180_right,back,back,True
FRCLTEXT001181_front,back,back,True
FRCLTEXT001181_left,back,right,False
FRCLTEXT001181_back,back,front,False
FRCLTEXT001181_right,back,left,False
FRCLTEXT001182_front,front,front,True
FRCLTEXT001182_left,left,right,False
FRCLTEXT001182_back,back,back,True
FRCLTEXT001182_right,right,left,False
FRCLTEXT001183_front,front,front,True
FRCLTEXT001183_left,left,right,False
FRCLTEXT001183_back,back,back,True
FRCLTEXT001183_right,right,left,False
FRCLTEXT001184_front,front,front,True
FRCLTEXT001184_left,left,right,False
FRCLTEXT001184_back,back,back,True
FRCLTEXT001184_right,right,left,False
FRCLTEXT001185,right,right,True
FRCLTEXT001186_front,left,right,False
FRCLTEXT001186_left,back,left,False
FRCLTEXT001186_back,right,left,False
FRCLTEXT001186_right,front,right,False
FRCLTEXT001187,front,front,True
FRCLTEXT001188,back,back,True
FRCLTEXT001189_front,left,right,False
FRCLTEXT001189_left,back,right,False
FRCLTEXT001189_back,right,left,False
FRCLTEXT001189_right,front,right,False
FRCLTEXT001190_front,right,left,False
FRCLTEXT001190_left,front,front,True
FRCLTEXT001190_back,left,right,False
FRCLTEXT001190_right,back,left,False
FRCLTEXT001191_front,left,right,False
FRCLTEXT001191_left,back,right,False
FRCLTEXT001191_back,right,left,False
FRCLTEXT001191_right,front,right,False
FRCLTEXT001192_front,right,right,True
FRCLTEXT001192_left,right,right,True
FRCLTEXT001192_back,right,front,False
FRCLTEXT001192_right,right,right,True
FRCLTEXT001193,back,back,True
FRCLTEXT001194_front,back,back,True
FRCLTEXT001194_left,right,right,True
FRCLTEXT001194_back,front,front,True
FRCLTEXT001194_right,left,left,True
FRCLTEXT001195_front,back,back,True
FRCLTEXT001195_left,right,right,True
FRCLTEXT001195_back,front,front,True
FRCLTEXT001195_right,left,left,True
FRCLTEXT001196_front,left,left,True
FRCLTEXT001196_left,left,front,False
FRCLTEXT001196_back,left,left,True
FRCLTEXT001196_right,left,left,True
FRCLTEXT001197,left,left,True
FRCLTEXT001198_front,front,front,True
FRCLTEXT001198_left,front,front,True
FRCLTEXT001198_back,front,back,False
FRCLTEXT001198_right,front,left,False
FRCLTEXT001199_front,front,front,True
FRCLTEXT001199_left,left,right,False
FRCLTEXT001199_back,back,back,True
FRCLTEXT001199_right,right,left,False
FRCLTEXT001200_front,right,left,False
FRCLTEXT001200_left,front,left,False
FRCLTEXT001200_back,left,right,False
FRCLTEXT001200_right,back,left,False
FRCLTEXT001201,front,front,True
FRCLTEXT001202_front,back,back,True
FRCLTEXT001202_left,right,right,True
FRCLTEXT001202_back,front,front,True
FRCLTEXT001202_right,left,left,True
FRCLTEXT001203_front,front,front,True
FRCLTEXT001203_left,front,left,False
FRCLTEXT001203_back,front,back,False
FRCLTEXT001203_right,front,right,False
FRCLTEXT001204,left,left,True
FRCLTEXT001205_front,back,back,True
FRCLTEXT001205_left,right,right,True
FRCLTEXT001205_back,front,front,True
FRCLTEXT001205_right,left,left,True
FRCLTEXT001206_front,back,back,True
FRCLTEXT001206_left,right,right,True
FRCLTEXT001206_back,front,front,True
FRCLTEXT001206_right,left,left,True
FRCLTEXT001207_front,back,back,True
FRCLTEXT001207_left,back,right,False
FRCLTEXT001207_back,back,front,False
FRCLTEXT001207_right,back,left,False
FRCLTEXT001208_front,left,left,True
FRCLTEXT001208_left,left,front,False
FRCLTEXT001208_back,left,right,False
FRCLTEXT001208_right,left,left,True
FRCLTEXT001209_front,right,left,False
FRCLTEXT001209_left,front,front,True
FRCLTEXT001209_back,left,right,False
FRCLTEXT001209_right,back,left,False
FRCLTEXT001210_front,back,back,True
FRCLTEXT001210_left,back,right,False
FRCLTEXT001210_back,back,front,False
FRCLTEXT001210_right,back,left,False
FRCLTEXT001211_front,front,front,True
FRCLTEXT001211_left,front,front,True
FRCLTEXT001211_back,front,back,False
FRCLTEXT001211_right,front,front,True
FRCLTEXT001212_front,front,front,True
FRCLTEXT001212_left,left,right,False
FRCLTEXT001212_back,back,back,True
FRCLTEXT001212_right,right,left,False
FRCLTEXT001213_front,left,right,False
FRCLTEXT001213_left,back,right,False
FRCLTEXT001213_back,right,left,False
FRCLTEXT001213_right,front,front,True
FRCLTEXT001214,left,left,True
FRCLTEXT001215_front,back,back,True
FRCLTEXT001215_left,right,right,True
FRCLTEXT001215_back,front,front,True
FRCLTEXT001215_right,left,left,True
FRCLTEXT001216,back,back,True
FRCLTEXT001217_front,left,right,False
FRCLTEXT001217_left,back,right,False
FRCLTEXT001217_back,right,left,False
FRCLTEXT001217_right,front,right,False
FRCLTEXT001218,back,back,True
FRCLTEXT001219_front,front,front,True
FRCLTEXT001219_left,front,front,True
FRCLTEXT001219_back,front,back,False
FRCLTEXT001219_right,front,front,True
FRCLTEXT001220_front,left,left,True
FRCLTEXT001220_left,left,front,False
FRCLTEXT001220_back,left,right,False
FRCLTEXT001220_right,left,left,True
FRCLTEXT001221_front,right,left,False
FRCLTEXT001221_left,front,left,False
FRCLTEXT001221_back,left,right,False
FRCLTEXT001221_right,back,left,False
FRCLTEXT001222_front,right,left,False
FRCLTEXT001222_left,front,front,True
FRCLTEXT001222_back,left,right,False
FRCLTEXT001222_right,back,left,False
FRCLTEXT001223,front,front,True
FRCLTEXT001224_front,right,right,True
FRCLTEXT001224_left,right,back,False
FRCLTEXT001224_back,right,right,True
FRCLTEXT001224_right,right,front,False
FRCLTEXT001225_front,front,front,True
FRCLTEXT001225_left,front,front,True
FRCLTEXT001225_back,front,back,False
FRCLTEXT001225_right,front,left,False
FRCLTEXT001226,right,right,True
FRCLTEXT001227,front,front,True
FRCLTEXT001228_front,back,back,True
FRCLTEXT001228_left,right,right,True
FRCLTEXT001228_back,front,front,True
FRCLTEXT001228_right,left,left,True
FRCLTEXT001229_front,right,right,True
FRCLTEXT001229_left,right,right,True
FRCLTEXT001229_back,right,left,False
FRCLTEXT001229_right,right,front,False
FRCLTEXT001230_front,back,back,True
FRCLTEXT001230_left,right,right,True
FRCLTEXT001230_back,front,front,True
FRCLTEXT001230_right,left,left,True
FRCLTEXT001231_front,left,right,False
FRCLTEXT001231_left,back,right,False
FRCLTEXT001231_back,right,left,False
FRCLTEXT001231_right,front,right,False
FRCLTEXT001232_front,left,left,True
FRCLTEXT001232_left,left,front,False
FRCLTEXT001232_back,left,left,True
FRCLTEXT001232_right,left,left,True
FRCLTEXT001233,front,front,True
FRCLTEXT001234_front,left,right,False
FRCLTEXT001234_left,back,right,False
FRCLTEXT001234_back,right,front,False
FRCLTEXT001234_right,front,right,False
FRCLTEXT001235_front,front,front,True
FRCLTEXT001235_left,front,right,False
FRCLTEXT001235_back,front,back,False
FRCLTEXT001235_right,front,left,False
FRCLTEXT001236_front,front,front,True
FRCLTEXT001236_left,front,front,True
FRCLTEXT001236_back,front,back,False
FRCLTEXT001236_right,front,front,True
FRCLTEXT001237_front,right,right,True
FRCLTEXT001237_left,right,right,True
FRCLTEXT001237_back,right,left,False
FRCLTEXT001237_right,right,back,False
FRCLTEXT001238_front,front,front,True
FRCLTEXT001238_left,front,front,True
FRCLTEXT001238_back,front,back,False
FRCLTEXT001238_right,front,left,False
FRCLTEXT001239,back,back,True
FRCLTEXT001240_front,back,back,True
FRCLTEXT001240_left,right,right,True
FRCLTEXT001240_back,front,front,True
FRCLTEXT001240_right,left,left,True
FRCLTEXT001241_front,left,right,False
FRCLTEXT001241_left,back,right,False
FRCLTEXT001241_back,right,back,False
FRCLTEXT001241_right,front,right,False
FRCLTEXT001242_front,front,front,True
FRCLTEXT001242_left,left,right,False
FRCLTEXT001242_back,back,back,True
FRCLTEXT001242_right,right,left,False
FRCLTEXT001243,left,left,True
FRCLTEXT001244_front,right,left,False
FRCLTEXT001244_left,front,left,False
FRCLTEXT001244_back,left,right,False
FRCLTEXT001244_right,back,front,False
FRCLTEXT001245_front,right,left,False
FRCLTEXT001245_left,front,front,True
FRCLTEXT001245_back,left,right,False
FRCLTEXT001245_right,back,left,False
FRCLTEXT001246_front,right,left,False
FRCLTEXT001246_left,front,left,False
FRCLTEXT001246_back,left,right,False
FRCLTEXT001246_right,back,left,False
FRCLTEXT001247_front,back,back,True
FRCLTEXT001247_left,right,right,True
FRCLTEXT001247_back,front,front,True
FRCLTEXT001247_right,left,left,True
FRCLTEXT001248_front,right,left,False
FRCLTEXT001248_left,front,front,True
FRCLTEXT001248_back,left,right,False
FRCLTEXT001248_right,back,front,False
FRCLTEXT001249_front,right,left,False
FRCLTEXT001249_left,front,front,True
FRCLTEXT001249_back,left,right,False
FRCLTEXT001249_right,back,left,False
FRCLTEXT001250,back,back,True
FRCLTEXT001251_front,front,front,True
FRCLTEXT001251_left,left,right,False
FRCLTEXT001251_back,back,back,True
FRCLTEXT001251_right,right,left,False
FRCLTEXT001252,back,back,True
FRCLTEXT001253_front,front,front,True
FRCLTEXT001253_left,left,right,False
FRCLTEXT001253_back,back,back,True
FRCLTEXT001253_right,right,left,False
FRCLTEXT001254,front,front,True
FRCLTEXT001255_front,front,front,True
FRCLTEXT001255_left,front,front,True
FRCLTEXT001255_back,front,back,False
FRCLTEXT001255_right,front,left,False
FRCLTEXT001256_front,left,left,True
FRCLTEXT001256_left,left,front,False
FRCLTEXT001256_back,left,left,True
FRCLTEXT001256_right,left,left,True
FRCLTEXT001257,front,front,True
FRCLTEXT001258,right,right,True
FRCLTEXT001259_front,right,right,True
FRCLTEXT001259_left,right,front,False
FRCLTEXT001259_back,right,back,False
FRCLTEXT001259_right,right,front,False
FRCLTEXT001260,back,back,True
FRCLTEXT001261_front,left,left,True
FRCLTEXT001261_left,left,front,False
FRCLTEXT001261_back,left,right,False
FRCLTEXT001261_right,left,left,True
FRCLTEXT001262_front,back,back,True
FRCLTEXT001262_left,right,right,True
FRCLTEXT001262_back,front,front,True
FRCLTEXT001262_right,left,left,True
FRCLTEXT001263,left,left,True
FRCLTEXT001264_front,left,right,False
FRCLTEXT001264_left,back,right,False
FRCLTEXT001264_back,right,left,False
FRCLTEXT001264_right,front,front,True
FRCLTEXT001265_front,left,right,False
FRCLTEXT001265_left,back,right,False
FRCLTEXT001265_back,right,left,False
FRCLTEXT001265_right,front,front,True
FRCLTEXT001266,left,left,True
FRCLTEXT001267_front,right,left,False
FRCLTEXT001267_left,front,front,True
FRCLTEXT001267_back,left,right,False
FRCLTEXT001267_right,back,left,False
FRCLTEXT001268_front,left,left,True
FRCLTEXT001268_left,left,front,False
FRCLTEXT001268_back,left,left,True
FRCLTEXT001268_right,left,left,True
FRCLTEXT001269,back,back,True
FRCLTEXT001270_front,front,front,True
FRCLTEXT001270_left,front,right,False
FRCLTEXT001270_back,front,back,False
FRCLTEXT001270_right,front,front,True
FRCLTEXT001271_front,front,front,True
FRCLTEXT001271_left,front,front,True
FRCLTEXT001271_back,front,back,False
FRCLTEXT001271_right,front,front,True
FRCLTEXT001272_front,right,left,False
FRCLTEXT001272_left,front,front,True
FRCLTEXT001272_back,left,right,False
FRCLTEXT001272_right,back,left,False
FRCLTEXT001273_front,back,back,True
FRCLTEXT001273_left,back,right,False
FRCLTEXT001273_back,back,front,False
FRCLTEXT001273_right,back,left,False
FRCLTEXT001274_front,back,back,True
FRCLTEXT001274_left,right,right,True
FRCLTEXT001274_back,front,front,True
FRCLTEXT001274_right,left,left,True
FRCLTEXT001275_front,back,back,True
FRCLTEXT001275_left,right,right,True
FRCLTEXT001275_back,front,front,True
FRCLTEXT001275_right,left,left,True
FRCLTEXT001276_front,right,right,True
FRCLTEXT001276_left,right,right,True
FRCLTEXT001276_back,right,back,False
FRCLTEXT001276_right,right,front,False
FRCLTEXT001277,right,right,True
FRCLTEXT001278_front,left,right,False
FRCLTEXT001278_left,back,left,False
FRCLTEXT001278_back,right,left,False
FRCLTEXT001278_right,front,right,False
FRCLTEXT001279_front,back,back,True
FRCLTEXT001279_left,right,right,True
FRCLTEXT001279_back,front,front,True
FRCLTEXT001279_right,left,left,True
FRCLTEXT001280_front,left,right,False
FRCLTEXT001280_left,back,right,False
FRCLTEXT001280_back,right,left,False
FRCLTEXT001280_right,front,right,False
FRCLTEXT001281_front,right,left,False
FRCLTEXT001281_left,front,front,True
FRCLTEXT001281_back,left,front,False
FRCLTEXT001281_right,back,left,False
FRCLTEXT001282,back,back,True
FRCLTEXT001283_front,left,right,False
FRCLTEXT001283_left,back,right,False
FRCLTEXT001283_back,right,front,False
FRCLTEXT001283_right,front,right,False
FRCLTEXT001284_front,front,back,False
FRCLTEXT001284_left,front,left,False
FRCLTEXT001284_back,front,back,False
FRCLTEXT001284_right,front,left,False
FRCLTEXT001285_front,back,back,True
FRCLTEXT001285_left,back,back,True
FRCLTEXT001285_back,back,back,True
FRCLTEXT001285_right,back,left,False
FRCLTEXT001286_front,right,right,True
FRCLTEXT001286_left,right,back,False
FRCLTEXT001286_back,right,right,True
FRCLTEXT001286_right,right,right,True
FRCLTEXT001287_front,left,left,True
FRCLTEXT001287_left,left,front,False
FRCLTEXT001287_back,left,left,True
FRCLTEXT001287_right,left,left,True
FRCLTEXT001288,back,back,True
FRCLTEXT001289,left,left,True
FRCLTEXT001290_front,front,front,True
FRCLTEXT001290_left,left,right,False
FRCLTEXT001290_back,back,back,True
FRCLTEXT001290_right,right,left,False
FRCLTEXT001291_front,front,front,True
FRCLTEXT001291_left,left,right,False
FRCLTEXT001291_back,back,back,True
FRCLTEXT001291_right,right,left,False
FRCLTEXT001292_front,front,front,True
FRCLTEXT001292_left,front,front,True
FRCLTEXT001292_back,front,back,False
FRCLTEXT001292_right,front,front,True
FRCLTEXT001293,left,left,True
FRCLTEXT001294_front,back,front,False
FRCLTEXT001294_left,back,right,False
FRCLTEXT001294_back,back,front,False
FRCLTEXT001294_right,back,left,False
FRCLTEXT001295_front,back,back,True
FRCLTEXT001295_left,right,right,True
FRCLTEXT001295_back,front,front,True
FRCLTEXT001295_right,left,left,True
FRCLTEXT001296_front,front,front,True
FRCLTEXT001296_left,left,left,True
FRCLTEXT001296_back,back,back,True
FRCLTEXT001296_right,right,left,False
FRCLTEXT001297_front,back,back,True
FRCLTEXT001297_left,right,right,True
FRCLTEXT001297_back,front,front,True
FRCLTEXT001297_right,left,left,True
FRCLTEXT001298_front,back,back,True
FRCLTEXT001298_left,back,back,True
FRCLTEXT001298_back,back,front,False
FRCLTEXT001298_right,back,left,False
FRCLTEXT001299_front,front,front,True
FRCLTEXT001299_left,front,front,True
FRCLTEXT001299_back,front,back,False
FRCLTEXT001299_right,front,left,False
FRCLTEXT001300_front,left,right,False
FRCLTEXT001300_left,back,right,False
FRCLTEXT001300_back,right,left,False
FRCLTEXT001300_right,front,right,False
FRCLTEXT001301,right,right,True
FRCLTEXT001302,right,right,True
FRCLTEXT001303_front,left,left,True
FRCLTEXT001303_left,left,front,False
FRCLTEXT001303_back,left,left,True
FRCLTEXT001303_right,left,left,True
FRCLTEXT001304_front,back,back,True
FRCLTEXT001304_left,right,right,True
FRCLTEXT001304_back,front,front,True
FRCLTEXT001304_right,left,left,True
FRCLTEXT001305,back,back,True
FRCLTEXT001306_front,left,left,True
FRCLTEXT001306_left,left,front,False
FRCLTEXT001306_back,left,right,False
FRCLTEXT001306_right,left,back,False
FRCLTEXT001307_front,left,right,False
FRCLTEXT001307_left,back,right,False
FRCLTEXT001307_back,right,left,False
FRCLTEXT001307_right,front,right,False
FRCLTEXT001308_front,back,back,True
FRCLTEXT001308_left,right,right,True
FRCLTEXT001308_back,front,front,True
FRCLTEXT001308_right,left,left,True
FRCLTEXT001309,back,back,True
FRCLTEXT001310_front,right,left,False
FRCLTEXT001310_left,front,left,False
FRCLTEXT001310_back,left,right,False
FRCLTEXT001310_right,back,left,False
FRCLTEXT001311_front,back,back,True
FRCLTEXT001311_left,back,back,True
FRCLTEXT001311_back,back,back,True
FRCLTEXT001311_right,back,left,False
FRCLTEXT001312,front,front,True
FRCLTEXT001313,back,back,True
FRCLTEXT001314_front,front,back,False
FRCLTEXT001314_left,front,front,True
FRCLTEXT001314_back,front,back,False
FRCLTEXT001314_right,front,front,True
FRCLTEXT001315,back,back,True
FRCLTEXT001316,right,right,True
FRCLTEXT001317_front,front,front,True
FRCLTEXT001317_left,left,left,True
FRCLTEXT001317_back,back,back,True
FRCLTEXT001317_right,right,left,False
FRCLTEXT001318_front,back,back,True
FRCLTEXT001318_left,back,right,False
FRCLTEXT001318_back,back,front,False
FRCLTEXT001318_right,back,left,False
FRCLTEXT001319,left,left,True
FRCLTEXT001320_front,front,front,True
FRCLTEXT001320_left,left,right,False
FRCLTEXT001320_back,back,back,True
FRCLTEXT001320_right,right,left,False
FRCLTEXT001321_front,left,left,True
FRCLTEXT001321_left,left,front,False
FRCLTEXT001321_back,left,right,False
FRCLTEXT001321_right,left,left,True
FRCLTEXT001322_front,front,front,True
FRCLTEXT001322_left,left,right,False
FRCLTEXT001322_back,back,back,True
FRCLTEXT001322_right,right,left,False
FRCLTEXT001323_front,front,back,False
FRCLTEXT001323_left,front,right,False
FRCLTEXT001323_back,front,back,False
FRCLTEXT001323_right,front,right,False
FRCLTEXT001324_front,left,left,True
FRCLTEXT001324_left,left,front,False
FRCLTEXT001324_back,left,right,False
FRCLTEXT001324_right,left,left,True
FRCLTEXT001325_front,right,left,False
FRCLTEXT001325_left,front,front,True
FRCLTEXT001325_back,left,right,False
FRCLTEXT001325_right,back,left,False
FRCLTEXT001326_front,right,left,False
FRCLTEXT001326_left,front,front,True
FRCLTEXT001326_back,left,right,False
FRCLTEXT001326_right,back,left,False
FRCLTEXT001327_front,front,front,True
FRCLTEXT001327_left,left,right,False
FRCLTEXT001327_back,back,back,True
FRCLTEXT001327_right,right,left,False
FRCLTEXT001328_front,right,right,True
FRCLTEXT001328_left,right,back,False
FRCLTEXT001328_back,right,right,True
FRCLTEXT001328_right,right,front,False
FRCLTEXT001329_front,front,front,True
FRCLTEXT001329_left,front,right,False
FRCLTEXT001329_back,front,back,False
FRCLTEXT001329_right,front,left,False
FRCLTEXT001330_front,back,back,True
FRCLTEXT001330_left,right,right,True
FRCLTEXT001330_back,front,front,True
FRCLTEXT001330_right,left,left,True
FRCLTEXT001331,right,right,True
FRCLTEXT001332_front,back,back,True
FRCLTEXT001332_left,right,right,True
FRCLTEXT001332_back,front,front,True
FRCLTEXT001332_right,left,left,True
FRCLTEXT001333_front,right,right,True
FRCLTEXT001333_left,right,right,True
FRCLTEXT001333_back,right,right,True
FRCLTEXT001333_right,right,right,True
FRCLTEXT001334_front,front,front,True
FRCLTEXT001334_left,front,front,True
FRCLTEXT001334_back,front,back,False
FRCLTEXT001334_right,front,front,True
FRCLTEXT001335_front,right,left,False
FRCLTEXT001335_left,front,front,True
FRCLTEXT001335_back,left,right,False
FRCLTEXT001335_right,back,left,False
FRCLTEXT001336_front,back,back,True
FRCLTEXT001336_left,back,right,False
FRCLTEXT001336_back,back,front,False
FRCLTEXT001336_right,back,left,False
FRCLTEXT001337_front,back,back,True
FRCLTEXT001337_left,right,right,True
FRCLTEXT001337_back,front,front,True
FRCLTEXT001337_right,left,left,True
FRCLTEXT001338_front,left,right,False
FRCLTEXT001338_left,back,right,False
FRCLTEXT001338_back,right,left,False
FRCLTEXT001338_right,front,right,False
FRCLTEXT001339_front,back,back,True
FRCLTEXT001339_left,back,right,False
FRCLTEXT001339_back,back,back,True
FRCLTEXT001339_right,back,left,False
FRCLTEXT001340_front,left,right,False
FRCLTEXT001340_left,back,left,False
FRCLTEXT001340_back,right,left,False
FRCLTEXT001340_right,front,right,False
FRCLTEXT001341_front,front,front,True
FRCLTEXT001341_left,front,right,False
FRCLTEXT001341_back,front,back,False
FRCLTEXT001341_right,front,left,False
FRCLTEXT001342_front,right,right,True
FRCLTEXT001342_left,right,right,True
FRCLTEXT001342_back,right,front,False
FRCLTEXT001342_right,right,right,True
FRCLTEXT001343_front,front,front,True
FRCLTEXT001343_left,left,right,False
FRCLTEXT001343_back,back,back,True
FRCLTEXT001343_right,right,left,False
FRCLTEXT001344_front,front,front,True
FRCLTEXT001344_left,front,front,True
FRCLTEXT001344_back,front,back,False
FRCLTEXT001344_right,front,left,False
FRCLTEXT001345_front,back,back,True
FRCLTEXT001345_left,right,right,True
FRCLTEXT001345_back,front,front,True
FRCLTEXT001345_right,left,left,True
FRCLTEXT001346_front,left,left,True
FRCLTEXT001346_left,left,front,False
FRCLTEXT001346_back,left,right,False
FRCLTEXT001346_right,left,left,True
FRCLTEXT001347_front,right,right,True
FRCLTEXT001347_left,right,back,False
FRCLTEXT001347_back,right,right,True
FRCLTEXT001347_right,right,back,False
FRCLTEXT001348,front,front,True
FRCLTEXT001349_front,back,back,True
FRCLTEXT001349_left,right,right,True
FRCLTEXT001349_back,front,front,True
FRCLTEXT001349_right,left,left,True
FRCLTEXT001350_front,left,left,True
FRCLTEXT001350_left,left,front,False
FRCLTEXT001350_back,left,left,True
FRCLTEXT001350_right,left,left,True
FRCLTEXT001351,right,right,True
FRCLTEXT001352_front,right,left,False
FRCLTEXT001352_left,right,back,False
FRCLTEXT001352_back,right,left,False
FRCLTEXT001352_right,right,front,False
FRCLTEXT001353,back,back,True
FRCLTEXT001354,back,back,True
FRCLTEXT001355_front,front,front,True
FRCLTEXT001355_left,front,front,True
FRCLTEXT001355_back,front,front,True
FRCLTEXT001355_right,front,left,False
FRCLTEXT001356,right,right,True
FRCLTEXT001357_front,left,left,True
FRCLTEXT001357_left,left,front,False
FRCLTEXT001357_back,left,left,True
FRCLTEXT001357_right,left,left,True
FRCLTEXT001358_front,left,left,True
FRCLTEXT001358_left,left,front,False
FRCLTEXT001358_back,left,left,True
FRCLTEXT001358_right,left,left,True
FRCLTEXT001359_front,front,front,True
FRCLTEXT001359_left,front,front,True
FRCLTEXT001359_back,front,front,True
FRCLTEXT001359_right,front,right,False
FRCLTEXT001360_front,back,back,True
FRCLTEXT001360_left,back,back,True
FRCLTEXT001360_back,back,back,True
FRCLTEXT001360_right,back,left,False
FRCLTEXT001361_front,right,right,True
FRCLTEXT001361_left,right,right,True
FRCLTEXT001361_back,right,left,False
FRCLTEXT001361_right,right,front,False
FRCLTEXT001362_front,back,back,True
FRCLTEXT001362_left,right,right,True
FRCLTEXT001362_back,front,front,True
FRCLTEXT001362_right,left,left,True
FRCLTEXT001363,left,left,True
FRCLTEXT001364,back,back,True
FRCLTEXT001365,right,right,True
FRCLTEXT001366,right,right,True
FRCLTEXT001367_front,front,front,True
FRCLTEXT001367_left,front,front,True
FRCLTEXT001367_back,front,back,False
FRCLTEXT001367_right,front,left,False
FRCLTEXT001368_front,back,back,True
FRCLTEXT001368_left,back,right,False
FRCLTEXT001368_back,back,back,True
FRCLTEXT001368_right,back,left,False
FRCLTEXT001369_front,back,back,True
FRCLTEXT001369_left,right,right,True
FRCLTEXT001369_back,front,front,True
FRCLTEXT001369_right,left,left,True
FRCLTEXT001370_front,front,front,True
FRCLTEXT001370_left,front,left,False
FRCLTEXT001370_back,front,back,False
FRCLTEXT001370_right,front,right,False
FRCLTEXT001371_front,back,back,True
FRCLTEXT001371_left,back,right,False
FRCLTEXT001371_back,back,front,False
FRCLTEXT001371_right,back,left,False
FRCLTEXT001372,left,left,True
FRCLTEXT001373_front,right,right,True
FRCLTEXT001373_left,right,right,True
FRCLTEXT001373_back,right,back,False
FRCLTEXT001373_right,right,right,True
FRCLTEXT001374_front,right,right,True
FRCLTEXT001374_left,right,right,True
FRCLTEXT001374_back,right,left,False
FRCLTEXT001374_right,right,right,True
FRCLTEXT001375_front,back,back,True
FRCLTEXT001375_left,back,right,False
FRCLTEXT001375_back,back,back,True
FRCLTEXT001375_right,back,left,False
FRCLTEXT001376_front,back,back,True
FRCLTEXT001376_left,right,right,True
FRCLTEXT001376_back,front,front,True
FRCLTEXT001376_right,left,left,True
FRCLTEXT001377,front,front,True
FRCLTEXT001378,back,back,True
FRCLTEXT001379_front,back,back,True
FRCLTEXT001379_left,right,right,True
FRCLTEXT001379_back,front,front,True
FRCLTEXT001379_right,left,left,True
FRCLTEXT001380,right,right,True
FRCLTEXT001381_front,right,left,False
FRCLTEXT001381_left,front,front,True
FRCLTEXT001381_back,left,right,False
FRCLTEXT001381_right,back,left,False
FRCLTEXT001382_front,right,left,False
FRCLTEXT001382_left,front,front,True
FRCLTEXT001382_back,left,right,False
FRCLTEXT001382_right,back,left,False
FRCLTEXT001383_front,back,back,True
FRCLTEXT001383_left,right,right,True
FRCLTEXT001383_back,front,front,True
FRCLTEXT001383_right,left,left,True
FRCLTEXT001384_front,back,back,True
FRCLTEXT001384_left,right,right,True
FRCLTEXT001384_back,front,front,True
FRCLTEXT001384_right,left,left,True
FRCLTEXT001385_front,left,left,True
FRCLTEXT001385_left,left,front,False
FRCLTEXT001385_back,left,right,False
FRCLTEXT001385_right,left,left,True
FRCLTEXT001386_front,right,left,False
FRCLTEXT001386_left,front,front,True
FRCLTEXT001386_back,left,right,False
FRCLTEXT001386_right,back,front,False
FRCLTEXT001387_front,left,right,False
FRCLTEXT001387_left,back,right,False
FRCLTEXT001387_back,right,left,False
FRCLTEXT001387_right,front,right,False
FRCLTEXT001388_front,right,left,False
FRCLTEXT001388_left,front,front,True
FRCLTEXT001388_back,left,right,False
FRCLTEXT001388_right,back,left,False
FRCLTEXT001389,right,right,True
FRCLTEXT001390,back,back,True
FRCLTEXT001391,back,back,True
FRCLTEXT001392_front,front,front,True
FRCLTEXT001392_left,front,right,False
FRCLTEXT001392_back,front,front,True
FRCLTEXT001392_right,front,front,True
FRCLTEXT001393_front,left,right,False
FRCLTEXT001393_left,back,right,False
FRCLTEXT001393_back,right,front,False
FRCLTEXT001393_right,front,right,False
FRCLTEXT001394,front,front,True
FRCLTEXT001395,right,right,True
FRCLTEXT001396,back,back,True
FRCLTEXT001397,left,left,True
FRCLTEXT001398_front,front,front,True
FRCLTEXT001398_left,left,left,True
FRCLTEXT001398_back,back,back,True
FRCLTEXT001398_right,right,left,False
FRCLTEXT001399_front,front,front,True
FRCLTEXT001399_left,front,left,False
FRCLTEXT001399_back,front,back,False
FRCLTEXT001399_right,front,left,False
FRCLTEXT001400_front,back,back,True
FRCLTEXT001400_left,right,right,True
FRCLTEXT001400_back,front,front,True
FRCLTEXT001400_right,left,left,True
FRCLTEXT001401_front,front,front,True
FRCLTEXT001401_left,left,right,False
FRCLTEXT001401_back,back,back,True
FRCLTEXT001401_right,right,left,False
FRCLTEXT001402_front,left,right,False
FRCLTEXT001402_left,back,left,False
FRCLTEXT001402_back,right,left,False
FRCLTEXT001402_right,front,right,False
FRCLTEXT001403,right,right,True
FRCLTEXT001404,front,front,True
FRCLTEXT001405_front,left,right,False
FRCLTEXT001405_left,back,right,False
FRCLTEXT001405_back,right,left,False
FRCLTEXT001405_right,front,right,False
FRCLTEXT001406_front,back,back,True
FRCLTEXT001406_left,back,right,False
FRCLTEXT001406_back,back,front,False
FRCLTEXT001406_right,back,left,False
FRCLTEXT001407_front,right,right,True
FRCLTEXT001407_left,right,back,False
FRCLTEXT001407_back,right,back,False
FRCLTEXT001407_right,right,back,False
FRCLTEXT001408_front,left,right,False
FRCLTEXT001408_left,back,right,False
FRCLTEXT001408_back,right,left,False
FRCLTEXT001408_right,front,right,False
FRCLTEXT001409_front,right,right,True
FRCLTEXT001409_left,right,right,True
FRCLTEXT001409_back,right,back,False
FRCLTEXT001409_right,right,front,False
FRCLTEXT001410,back,back,True
FRCLTEXT001411_front,right,right,True
FRCLTEXT001411_left,right,right,True
FRCLTEXT001411_back,right,right,True
FRCLTEXT001411_right,right,front,False
FRCLTEXT001412_front,right,left,False
FRCLTEXT001412_left,front,front,True
FRCLTEXT001412_back,left,right,False
FRCLTEXT001412_right,back,front,False
FRCLTEXT001413,right,right,True
FRCLTEXT001414_front,front,front,True
FRCLTEXT001414_left,front,left,False
FRCLTEXT001414_back,front,back,False
FRCLTEXT001414_right,front,left,False
FRCLTEXT001415_front,right,right,True
FRCLTEXT001415_left,right,right,True
FRCLTEXT001415_back,right,back,False
FRCLTEXT001415_right,right,front,False
FRCLTEXT001416,back,back,True
FRCLTEXT001417,left,left,True
FRCLTEXT001418_front,left,left,True
FRCLTEXT001418_left,left,front,False
FRCLTEXT001418_back,left,left,True
FRCLTEXT001418_right,left,left,True
FRCLTEXT001419,front,front,True
FRCLTEXT001420,left,right,False
FRCLTEXT001421_front,right,left,False
FRCLTEXT001421_left,front,front,True
FRCLTEXT001421_back,left,right,False
FRCLTEXT001421_right,back,left,False
FRCLTEXT001422,left,left,True
FRCLTEXT001423_front,back,back,True
FRCLTEXT001423_left,right,right,True
FRCLTEXT001423_back,front,front,True
FRCLTEXT001423_right,left,left,True
FRCLTEXT001424,left,left,True
FRCLTEXT001425_front,back,back,True
FRCLTEXT001425_left,back,right,False
FRCLTEXT001425_back,back,front,False
FRCLTEXT001425_right,back,back,True
FRCLTEXT001426,right,right,True
FRCLTEXT001427_front,left,right,False
FRCLTEXT001427_left,back,right,False
FRCLTEXT001427_back,right,left,False
FRCLTEXT001427_right,front,right,False
FRCLTEXT001428_front,front,front,True
FRCLTEXT001428_left,front,left,False
FRCLTEXT001428_back,front,back,False
FRCLTEXT001428_right,front,front,True
FRCLTEXT001429_front,left,left,True
FRCLTEXT001429_left,left,front,False
FRCLTEXT001429_back,left,left,True
FRCLTEXT001429_right,left,left,True
FRCLTEXT001430,front,front,True
FRCLTEXT001431,right,right,True
FRCLTEXT001432_front,back,back,True
FRCLTEXT001432_left,right,right,True
FRCLTEXT001432_back,front,front,True
FRCLTEXT001432_right,left,left,True
FRCLTEXT001433,front,front,True
FRCLTEXT001434_front,front,front,True
FRCLTEXT001434_left,left,right,False
FRCLTEXT001434_back,back,back,True
FRCLTEXT001434_right,right,left,False
FRCLTEXT001435_front,left,left,True
FRCLTEXT001435_left,left,front,False
FRCLTEXT001435_back,left,left,True
FRCLTEXT001435_right,left,left,True
FRCLTEXT001436,left,left,True
FRCLTEXT001437_front,back,back,True
FRCLTEXT001437_left,back,right,False
FRCLTEXT001437_back,back,front,False
FRCLTEXT001437_right,back,left,False
FRCLTEXT001438_front,front,front,True
FRCLTEXT001438_left,front,right,False
FRCLTEXT001438_back,front,back,False
FRCLTEXT001438_right,front,left,False
FRCLTEXT001439,right,right,True
FRCLTEXT001440_front,front,back,False
FRCLTEXT001440_left,left,left,True
FRCLTEXT001440_back,back,back,True
FRCLTEXT001440_right,right,left,False
FRCLTEXT001441_front,back,back,True
FRCLTEXT001441_left,back,right,False
FRCLTEXT001441_back,back,front,False
FRCLTEXT001441_right,back,left,False
FRCLTEXT001442_front,right,right,True
FRCLTEXT001442_left,right,right,True
FRCLTEXT001442_back,right,back,False
FRCLTEXT001442_right,right,back,False
FRCLTEXT001443_front,back,back,True
FRCLTEXT001443_left,right,right,True
FRCLTEXT001443_back,front,front,True
FRCLTEXT001443_right,left,left,True
FRCLTEXT001444_front,left,left,True
FRCLTEXT001444_left,left,front,False
FRCLTEXT001444_back,left,right,False
FRCLTEXT001444_right,left,left,True
FRCLTEXT001445_front,front,front,True
FRCLTEXT001445_left,front,front,True
FRCLTEXT001445_back,front,back,False
FRCLTEXT001445_right,front,front,True
FRCLTEXT001446_front,right,left,False
FRCLTEXT001446_left,front,front,True
FRCLTEXT001446_back,left,right,False
FRCLTEXT001446_right,back,left,False
FRCLTEXT001447,back,back,True
FRCLTEXT001448,right,right,True
FRCLTEXT001449,front,front,True
FRCLTEXT001450_front,front,front,True
FRCLTEXT001450_left,left,right,False
FRCLTEXT001450_back,back,back,True
FRCLTEXT001450_right,right,left,False
FRCLTEXT001451_front,front,front,True
FRCLTEXT001451_left,left,right,False
FRCLTEXT001451_back,back,back,True
FRCLTEXT001451_right,right,left,False
FRCLTEXT001452_front,front,front,True
FRCLTEXT001452_left,left,left,True
FRCLTEXT001452_back,back,back,True
FRCLTEXT001452_right,right,left,False
FRCLTEXT001453,right,right,True
FRCLTEXT001454_front,left,left,True
FRCLTEXT001454_left,left,front,False
FRCLTEXT001454_back,left,left,True
FRCLTEXT001454_right,left,left,True
FRCLTEXT001455_front,front,front,True
FRCLTEXT001455_left,left,left,True
FRCLTEXT001455_back,back,back,True
FRCLTEXT001455_right,right,left,False
FRCLTEXT001456_front,back,back,True
FRCLTEXT001456_left,back,right,False
FRCLTEXT001456_back,back,back,True
FRCLTEXT001456_right,back,left,False
FRCLTEXT001457_front,right,right,True
FRCLTEXT001457_left,right,right,True
FRCLTEXT001457_back,right,right,True
FRCLTEXT001457_right,right,front,False
FRCLTEXT001458,right,right,True
FRCLTEXT001459,back,back,True
FRCLTEXT001460_front,back,back,True
FRCLTEXT001460_left,right,right,True
FRCLTEXT001460_back,front,front,True
FRCLTEXT001460_right,left,left,True
FRCLTEXT001461_front,left,right,False
FRCLTEXT001461_left,back,right,False
FRCLTEXT001461_back,right,front,False
FRCLTEXT001461_right,front,right,False
FRCLTEXT001462_front,left,right,False
FRCLTEXT001462_left,back,right,False
FRCLTEXT001462_back,right,left,False
FRCLTEXT001462_right,front,right,False
FRCLTEXT001463_front,right,left,False
FRCLTEXT001463_left,front,front,True
FRCLTEXT001463_back,left,right,False
FRCLTEXT001463_right,back,left,False
FRCLTEXT001464,front,front,True
FRCLTEXT001465_front,right,left,False
FRCLTEXT001465_left,front,front,True
FRCLTEXT001465_back,left,front,False
FRCLTEXT001465_right,back,left,False
FRCLTEXT001466,back,back,True
FRCLTEXT001467_front,right,left,False
FRCLTEXT001467_left,front,front,True
FRCLTEXT001467_back,left,right,False
FRCLTEXT001467_right,back,left,False
FRCLTEXT001468_front,front,front,True
FRCLTEXT001468_left,left,right,False
FRCLTEXT001468_back,back,back,True
FRCLTEXT001468_right,right,left,False
FRCLTEXT001469_front,front,front,True
FRCLTEXT001469_left,left,right,False
FRCLTEXT001469_back,back,back,True
FRCLTEXT001469_right,right,left,False
FRCLTEXT001470_front,front,front,True
FRCLTEXT001470_left,front,right,False
FRCLTEXT001470_back,front,front,True
FRCLTEXT001470_right,front,front,True
FRCLTEXT001471_front,front,front,True
FRCLTEXT001471_left,left,right,False
FRCLTEXT001471_back,back,back,True
FRCLTEXT001471_right,right,left,False
FRCLTEXT001472_front,front,front,True
FRCLTEXT001472_left,left,right,False
FRCLTEXT001472_back,back,back,True
FRCLTEXT001472_right,right,left,False
FRCLTEXT001473_front,left,right,False
FRCLTEXT001473_left,back,right,False
FRCLTEXT001473_back,right,left,False
FRCLTEXT001473_right,front,right,False
FRCLTEXT001474_front,front,front,True
FRCLTEXT001474_left,front,left,False
FRCLTEXT001474_back,front,back,False
FRCLTEXT001474_right,front,front,True
FRCLTEXT001475,back,back,True
FRCLTEXT001476,right,right,True
FRCLTEXT001477_front,back,back,True
FRCLTEXT001477_left,back,back,True
FRCLTEXT001477_back,back,back,True
FRCLTEXT001477_right,back,left,False
FRCLTEXT001478_front,left,right,False
FRCLTEXT001478_left,back,right,False
FRCLTEXT001478_back,right,left,False
FRCLTEXT001478_right,front,right,False
FRCLTEXT001479_front,front,front,True
FRCLTEXT001479_left,left,right,False
FRCLTEXT001479_back,back,back,True
FRCLTEXT001479_right,right,left,False
FRCLTEXT001480,front,front,True
FRCLTEXT001481_front,left,right,False
FRCLTEXT001481_left,back,left,False
FRCLTEXT001481_back,right,left,False
FRCLTEXT001481_right,front,right,False
FRCLTEXT001482_front,right,left,False
FRCLTEXT001482_left,front,left,False
FRCLTEXT001482_back,left,right,False
FRCLTEXT001482_right,back,left,False
FRCLTEXT001483,right,right,True
FRCLTEXT001484_front,right,left,False
FRCLTEXT001484_left,front,left,False
FRCLTEXT001484_back,left,right,False
FRCLTEXT001484_right,back,left,False
FRCLTEXT001485,front,right,False
FRCLTEXT001486_front,right,right,True
FRCLTEXT001486_left,right,left,False
FRCLTEXT001486_back,right,right,True
FRCLTEXT001486_right,right,front,False
FRCLTEXT001487_front,left,left,True
FRCLTEXT001487_left,left,front,False
FRCLTEXT001487_back,left,right,False
FRCLTEXT001487_right,left,left,True
FRCLTEXT001488,left,left,True
FRCLTEXT001489_front,back,back,True
FRCLTEXT001489_left,back,right,False
FRCLTEXT001489_back,back,front,False
FRCLTEXT001489_right,back,left,False
FRCLTEXT001490,left,left,True
FRCLTEXT001491_front,right,left,False
FRCLTEXT001491_left,front,front,True
FRCLTEXT001491_back,left,right,False
FRCLTEXT001491_right,back,left,False
FRCLTEXT001492_front,back,back,True
FRCLTEXT001492_left,back,back,True
FRCLTEXT001492_back,back,front,False
FRCLTEXT001492_right,back,left,False
FRCLTEXT001493_front,right,right,True
FRCLTEXT001493_left,right,right,True
FRCLTEXT001493_back,right,right,True
FRCLTEXT001493_right,right,front,False
FRCLTEXT001494_front,back,back,True
FRCLTEXT001494_left,back,back,True
FRCLTEXT001494_back,back,front,False
FRCLTEXT001494_right,back,back,True
FRCLTEXT001495,left,left,True
FRCLTEXT001496_front,back,back,True
FRCLTEXT001496_left,right,right,True
FRCLTEXT001496_back,front,front,True
FRCLTEXT001496_right,left,left,True
FRCLTEXT001497_front,left,left,True
FRCLTEXT001497_left,left,front,False
FRCLTEXT001497_back,left,left,True
FRCLTEXT001497_right,left,left,True
FRCLTEXT001498_front,right,left,False
FRCLTEXT001498_left,front,front,True
FRCLTEXT001498_back,left,right,False
FRCLTEXT001498_right,back,left,False
FRCLTEXT001499,right,right,True
FRCLTEXT001500_front,front,front,True
FRCLTEXT001500_left,front,right,False
FRCLTEXT001500_back,front,back,False
FRCLTEXT001500_right,front,front,True
FRCLTEXT001501_front,front,front,True
FRCLTEXT001501_left,front,front,True
FRCLTEXT001501_back,front,back,False
FRCLTEXT001501_right,front,front,True
FRCLTEXT001502_front,back,back,True
FRCLTEXT001502_left,back,back,True
FRCLTEXT001502_back,back,front,False
FRCLTEXT001502_right,back,left,False
FRCLTEXT001503,right,right,True
FRCLTEXT001504_front,back,back,True
FRCLTEXT001504_left,back,right,False
FRCLTEXT001504_back,back,front,False
FRCLTEXT001504_right,back,left,False
FRCLTEXT001505_front,right,left,False
FRCLTEXT001505_left,front,left,False
FRCLTEXT001505_back,left,right,False
FRCLTEXT001505_right,back,left,False
FRCLTEXT001506_front,front,front,True
FRCLTEXT001506_left,left,left,True
FRCLTEXT001506_back,back,back,True
FRCLTEXT001506_right,right,left,False
FRCLTEXT001507,left,right,False
FRCLTEXT001508_front,right,left,False
FRCLTEXT001508_left,front,left,False
FRCLTEXT001508_back,left,front,False
FRCLTEXT001508_right,back,left,False
FRCLTEXT001509_front,front,front,True
FRCLTEXT001509_left,front,right,False
FRCLTEXT001509_back,front,back,False
FRCLTEXT001509_right,front,front,True
FRCLTEXT001510,front,front,True
FRCLTEXT001511,back,back,True
FRCLTEXT001512_front,right,right,True
FRCLTEXT001512_left,right,right,True
FRCLTEXT001512_back,right,right,True
FRCLTEXT001512_right,right,front,False
FRCLTEXT001513_front,left,left,True
FRCLTEXT001513_left,left,front,False
FRCLTEXT001513_back,left,right,False
FRCLTEXT001513_right,left,back,False
FRCLTEXT001514,right,right,True
FRCLTEXT001515_front,front,front,True
FRCLTEXT001515_left,front,right,False
FRCLTEXT001515_back,front,back,False
FRCLTEXT001515_right,front,right,False
FRCLTEXT001516_front,right,left,False
FRCLTEXT001516_left,front,front,True
FRCLTEXT001516_back,left,right,False
FRCLTEXT001516_right,back,left,False
FRCLTEXT001517,front,front,True
FRCLTEXT001518,front,front,True
FRCLTEXT001519_front,front,front,True
FRCLTEXT001519_left,front,front,True
FRCLTEXT001519_back,front,back,False
FRCLTEXT001519_right,front,front,True
FRCLTEXT001520_front,front,front,True
FRCLTEXT001520_left,front,front,True
FRCLTEXT001520_back,front,back,False
FRCLTEXT001520_right,front,front,True
FRCLTEXT001521,front,front,True
FRCLTEXT001522_front,right,left,False
FRCLTEXT001522_left,front,front,True
FRCLTEXT001522_back,left,right,False
FRCLTEXT001522_right,back,left,False
FRCLTEXT001523_front,back,back,True
FRCLTEXT001523_left,right,right,True
FRCLTEXT001523_back,front,front,True
FRCLTEXT001523_right,left,left,True
FRCLTEXT001524,back,back,True
FRCLTEXT001525_front,front,front,True
FRCLTEXT001525_left,front,right,False
FRCLTEXT001525_back,front,back,False
FRCLTEXT001525_right,front,left,False
FRCLTEXT001526,left,left,True
FRCLTEXT001527,right,right,True
FRCLTEXT001528_front,left,right,False
FRCLTEXT001528_left,back,right,False
FRCLTEXT001528_back,right,left,False
FRCLTEXT001528_right,front,right,False
FRCLTEXT001529_front,right,left,False
FRCLTEXT001529_left,front,left,False
FRCLTEXT001529_back,left,right,False
FRCLTEXT001529_right,back,left,False
FRCLTEXT001530,front,front,True
FRCLTEXT001531_front,front,front,True
FRCLTEXT001531_left,left,right,False
FRCLTEXT001531_back,back,back,True
FRCLTEXT001531_right,right,left,False
FRCLTEXT001532,right,right,True
FRCLTEXT001533_front,back,back,True
FRCLTEXT001533_left,back,back,True
FRCLTEXT001533_back,back,front,False
FRCLTEXT001533_right,back,left,False
FRCLTEXT001534_front,front,front,True
FRCLTEXT001534_left,left,left,True
FRCLTEXT001534_back,back,back,True
FRCLTEXT001534_right,right,left,False
FRCLTEXT001535_front,right,left,False
FRCLTEXT001535_left,front,front,True
FRCLTEXT001535_back,left,right,False
FRCLTEXT001535_right,back,left,False
FRCLTEXT001536_front,right,left,False
FRCLTEXT001536_left,front,left,False
FRCLTEXT001536_back,left,right,False
FRCLTEXT001536_right,back,left,False
FRCLTEXT001537_front,back,back,True
FRCLTEXT001537_left,right,right,True
FRCLTEXT001537_back,front,back,False
FRCLTEXT001537_right,left,left,True
FRCLTEXT001538_front,left,right,False
FRCLTEXT001538_left,back,right,False
FRCLTEXT001538_back,right,left,False
FRCLTEXT001538_right,front,right,False
FRCLTEXT001539_front,front,front,True
FRCLTEXT001539_left,left,right,False
FRCLTEXT001539_back,back,back,True
FRCLTEXT001539_right,right,left,False
FRCLTEXT001540_front,left,left,True
FRCLTEXT001540_left,left,front,False
FRCLTEXT001540_back,left,right,False
FRCLTEXT001540_right,left,left,True
FRCLTEXT001541_front,right,left,False
FRCLTEXT001541_left,front,front,True
FRCLTEXT001541_back,left,right,False
FRCLTEXT001541_right,back,left,False
FRCLTEXT001542_front,front,front,True
FRCLTEXT001542_left,front,front,True
FRCLTEXT001542_back,front,back,False
FRCLTEXT001542_right,front,right,False
FRCLTEXT001543_front,front,front,True
FRCLTEXT001543_left,left,right,False
FRCLTEXT001543_back,back,back,True
FRCLTEXT001543_right,right,left,False
FRCLTEXT001544_front,front,front,True
FRCLTEXT001544_left,front,left,False
FRCLTEXT001544_back,front,back,False
FRCLTEXT001544_right,front,right,False
FRCLTEXT001545_front,back,back,True
FRCLTEXT001545_left,back,right,False
FRCLTEXT001545_back,back,back,True
FRCLTEXT001545_right,back,back,True
FRCLTEXT001546_front,right,left,False
FRCLTEXT001546_left,front,front,True
FRCLTEXT001546_back,left,front,False
FRCLTEXT001546_right,back,left,False
FRCLTEXT001547_front,right,left,False
FRCLTEXT001547_left,front,front,True
FRCLTEXT001547_back,left,right,False
FRCLTEXT001547_right,back,left,False
FRCLTEXT001548_front,right,right,True
FRCLTEXT001548_left,right,right,True
FRCLTEXT001548_back,right,right,True
FRCLTEXT001548_right,right,back,False
FRCLTEXT001549,left,left,True
FRCLTEXT001550_front,back,back,True
FRCLTEXT001550_left,back,right,False
FRCLTEXT001550_back,back,front,False
FRCLTEXT001550_right,back,left,False
FRCLTEXT001551_front,back,back,True
FRCLTEXT001551_left,right,right,True
FRCLTEXT001551_back,front,front,True
FRCLTEXT001551_right,left,left,True
FRCLTEXT001552_front,right,right,True
FRCLTEXT001552_left,right,right,True
FRCLTEXT001552_back,right,front,False
FRCLTEXT001552_right,right,front,False
FRCLTEXT001553,front,front,True
FRCLTEXT001554_front,right,left,False
FRCLTEXT001554_left,front,front,True
FRCLTEXT001554_back,left,right,False
FRCLTEXT001554_right,back,left,False
FRCLTEXT001555_front,left,right,False
FRCLTEXT001555_left,back,right,False
FRCLTEXT001555_back,right,front,False
FRCLTEXT001555_right,front,right,False
FRCLTEXT001556_front,front,front,True
FRCLTEXT001556_left,left,right,False
FRCLTEXT001556_back,back,back,True
FRCLTEXT001556_right,right,left,False
FRCLTEXT001557_front,left,left,True
FRCLTEXT001557_left,left,front,False
FRCLTEXT001557_back,left,left,True
FRCLTEXT001557_right,left,left,True
FRCLTEXT001558_front,left,left,True
FRCLTEXT001558_left,left,front,False
FRCLTEXT001558_back,left,left,True
FRCLTEXT001558_right,left,left,True
FRCLTEXT001559,right,right,True
FRCLTEXT001560_front,right,right,True
FRCLTEXT001560_left,right,back,False
FRCLTEXT001560_back,right,left,False
FRCLTEXT001560_right,right,back,False
FRCLTEXT001561,front,front,True
FRCLTEXT001562_front,left,right,False
FRCLTEXT001562_left,back,right,False
FRCLTEXT001562_back,right,left,False
FRCLTEXT001562_right,front,right,False
FRCLTEXT001563_front,back,back,True
FRCLTEXT001563_left,right,right,True
FRCLTEXT001563_back,front,front,True
FRCLTEXT001563_right,left,left,True
FRCLTEXT001564_front,right,left,False
FRCLTEXT001564_left,front,left,False
FRCLTEXT001564_back,left,right,False
FRCLTEXT001564_right,back,left,False
FRCLTEXT001565,right,right,True
FRCLTEXT001566_front,back,back,True
FRCLTEXT001566_left,right,right,True
FRCLTEXT001566_back,front,front,True
FRCLTEXT001566_right,left,left,True
FRCLTEXT001567_front,left,left,True
FRCLTEXT001567_left,left,front,False
FRCLTEXT001567_back,left,left,True
FRCLTEXT001567_right,left,back,False
FRCLTEXT001568_front,left,right,False
FRCLTEXT001568_left,back,left,False
FRCLTEXT001568_back,right,left,False
FRCLTEXT001568_right,front,front,True
FRCLTEXT001569_front,right,right,True
FRCLTEXT001569_left,right,right,True
FRCLTEXT001569_back,right,right,True
FRCLTEXT001569_right,right,front,False
FRCLTEXT001570,back,back,True
FRCLTEXT001571,front,front,True
FRCLTEXT001572_front,front,front,True
FRCLTEXT001572_left,left,right,False
FRCLTEXT001572_back,back,back,True
FRCLTEXT001572_right,right,left,False
FRCLTEXT001573,front,back,False
FRCLTEXT001574_front,right,right,True
FRCLTEXT001574_left,right,back,False
FRCLTEXT001574_back,right,right,True
FRCLTEXT001574_right,right,right,True
FRCLTEXT001575_front,left,right,False
FRCLTEXT001575_left,back,right,False
FRCLTEXT001575_back,right,left,False
FRCLTEXT001575_right,front,front,True
FRCLTEXT001576_front,right,left,False
FRCLTEXT001576_left,front,right,False
FRCLTEXT001576_back,left,right,False
FRCLTEXT001576_right,back,left,False
FRCLTEXT001577_front,back,back,True
FRCLTEXT001577_left,back,back,True
FRCLTEXT001577_back,back,front,False
FRCLTEXT001577_right,back,left,False
FRCLTEXT001578_front,right,right,True
FRCLTEXT001578_left,right,back,False
FRCLTEXT001578_back,right,back,False
FRCLTEXT001578_right,right,front,False
FRCLTEXT001579,front,front,True
FRCLTEXT001580_front,right,right,True
FRCLTEXT001580_left,right,right,True
FRCLTEXT001580_back,right,right,True
FRCLTEXT001580_right,right,front,False
FRCLTEXT001581,back,back,True
FRCLTEXT001582,right,right,True
FRCLTEXT001583_front,right,right,True
FRCLTEXT001583_left,right,back,False
FRCLTEXT001583_back,right,right,True
FRCLTEXT001583_right,right,front,False
FRCLTEXT001584,back,back,True
FRCLTEXT001585,right,right,True
FRCLTEXT001586_front,right,right,True
FRCLTEXT001586_left,right,back,False
FRCLTEXT001586_back,right,right,True
FRCLTEXT001586_right,right,back,False
FRCLTEXT001587_front,back,back,True
FRCLTEXT001587_left,back,right,False
FRCLTEXT001587_back,back,front,False
FRCLTEXT001587_right,back,left,False
FRCLTEXT001588_front,left,left,True
FRCLTEXT001588_left,left,front,False
FRCLTEXT001588_back,left,right,False
FRCLTEXT001588_right,left,left,True
FRCLTEXT001589_front,front,front,True
FRCLTEXT001589_left,front,right,False
FRCLTEXT001589_back,front,back,False
FRCLTEXT001589_right,front,left,False
FRCLTEXT001590,left,left,True
FRCLTEXT001591_front,left,left,True
FRCLTEXT001591_left,left,front,False
FRCLTEXT001591_back,left,left,True
FRCLTEXT001591_right,left,left,True
FRCLTEXT001592_front,right,left,False
FRCLTEXT001592_left,front,left,False
FRCLTEXT001592_back,left,front,False
FRCLTEXT001592_right,back,left,False
FRCLTEXT001593,back,back,True
FRCLTEXT001594_front,right,left,False
FRCLTEXT001594_left,front,left,False
FRCLTEXT001594_back,left,right,False
FRCLTEXT001594_right,back,left,False
FRCLTEXT001595_front,left,right,False
FRCLTEXT001595_left,back,right,False
FRCLTEXT001595_back,right,left,False
FRCLTEXT001595_right,front,right,False
FRCLTEXT001596,front,front,True
FRCLTEXT001597_front,right,right,True
FRCLTEXT001597_left,right,right,True
FRCLTEXT001597_back,right,back,False
FRCLTEXT001597_right,right,right,True
FRCLTEXT001598,back,back,True
FRCLTEXT001599_front,front,front,True
FRCLTEXT001599_left,left,right,False
FRCLTEXT001599_back,back,back,True
FRCLTEXT001599_right,right,left,False
FRCLTEXT001600_front,front,front,True
FRCLTEXT001600_left,left,right,False
FRCLTEXT001600_back,back,back,True
FRCLTEXT001600_right,right,left,False
FRCLTEXT001601_front,right,right,True
FRCLTEXT001601_left,right,right,True
FRCLTEXT001601_back,right,back,False
FRCLTEXT001601_right,right,front,False
FRCLTEXT001602_front,back,back,True
FRCLTEXT001602_left,right,right,True
FRCLTEXT001602_back,front,front,True
FRCLTEXT001602_right,left,left,True
FRCLTEXT001603_front,left,right,False
FRCLTEXT001603_left,back,right,False
FRCLTEXT001603_back,right,left,False
FRCLTEXT001603_right,front,right,False
FRCLTEXT001604_front,back,back,True
FRCLTEXT001604_left,back,right,False
FRCLTEXT001604_back,back,back,True
FRCLTEXT001604_right,back,back,True
FRCLTEXT001605,right,right,True
FRCLTEXT001606_front,left,left,True
FRCLTEXT001606_left,left,front,False
FRCLTEXT001606_back,left,right,False
FRCLTEXT001606_right,left,left,True
FRCLTEXT001607,right,right,True
FRCLTEXT001608_front,front,front,True
FRCLTEXT001608_left,left,right,False
FRCLTEXT001608_back,back,back,True
FRCLTEXT001608_right,right,left,False
FRCLTEXT001609_front,front,front,True
FRCLTEXT001609_left,left,left,True
FRCLTEXT001609_back,back,back,True
FRCLTEXT001609_right,right,left,False
FRCLTEXT001610,left,left,True
FRCLTEXT001611,right,right,True
FRCLTEXT001612,left,left,True
FRCLTEXT001613_front,left,right,False
FRCLTEXT001613_left,back,right,False
FRCLTEXT001613_back,right,left,False
FRCLTEXT001613_right,front,right,False
FRCLTEXT001614_front,left,left,True
FRCLTEXT001614_left,left,right,False
FRCLTEXT001614_back,left,left,True
FRCLTEXT001614_right,left,left,True
FRCLTEXT001615,front,front,True
FRCLTEXT001616_front,left,left,True
FRCLTEXT001616_left,left,front,False
FRCLTEXT001616_back,left,right,False
FRCLTEXT001616_right,left,left,True
FRCLTEXT001617_front,left,right,False
FRCLTEXT001617_left,back,right,False
FRCLTEXT001617_back,right,front,False
FRCLTEXT001617_right,front,right,False
FRCLTEXT001618_front,back,back,True
FRCLTEXT001618_left,back,back,True
FRCLTEXT001618_back,back,front,False
FRCLTEXT001618_right,back,left,False
FRCLTEXT001619,front,front,True
FRCLTEXT001620_front,back,back,True
FRCLTEXT001620_left,right,right,True
FRCLTEXT001620_back,front,front,True
FRCLTEXT001620_right,left,left,True
FRCLTEXT001621_front,left,left,True
FRCLTEXT001621_left,left,front,False
FRCLTEXT001621_back,left,right,False
FRCLTEXT001621_right,left,left,True
FRCLTEXT001622_front,back,back,True
FRCLTEXT001622_left,back,right,False
FRCLTEXT001622_back,back,front,False
FRCLTEXT001622_right,back,left,False
FRCLTEXT001623_front,front,front,True
FRCLTEXT001623_left,left,right,False
FRCLTEXT001623_back,back,back,True
FRCLTEXT001623_right,right,left,False
FRCLTEXT001624_front,right,right,True
FRCLTEXT001624_left,right,right,True
FRCLTEXT001624_back,right,right,True
FRCLTEXT001624_right,right,back,False
FRCLTEXT001625,right,right,True
FRCLTEXT001626_front,left,right,False
FRCLTEXT001626_left,back,right,False
FRCLTEXT001626_back,right,left,False
FRCLTEXT001626_right,front,right,False
FRCLTEXT001627_front,back,back,True
FRCLTEXT001627_left,back,back,True
FRCLTEXT001627_back,back,front,False
FRCLTEXT001627_right,back,left,False
FRCLTEXT001628_front,left,left,True
FRCLTEXT001628_left,left,front,False
FRCLTEXT001628_back,left,left,True
FRCLTEXT001628_right,left,back,False
FRCLTEXT001629,left,left,True
FRCLTEXT001630_front,back,back,True
FRCLTEXT001630_left,back,right,False
FRCLTEXT001630_back,back,front,False
FRCLTEXT001630_right,back,left,False
FRCLTEXT001631_front,front,front,True
FRCLTEXT001631_left,left,right,False
FRCLTEXT001631_back,back,back,True
FRCLTEXT001631_right,right,left,False
FRCLTEXT001632_front,back,back,True
FRCLTEXT001632_left,right,right,True
FRCLTEXT001632_back,front,front,True
FRCLTEXT001632_right,left,left,True
FRCLTEXT001633_front,back,back,True
FRCLTEXT001633_left,back,right,False
FRCLTEXT001633_back,back,front,False
FRCLTEXT001633_right,back,left,False
FRCLTEXT001634_front,left,right,False
FRCLTEXT001634_left,back,left,False
FRCLTEXT001634_back,right,left,False
FRCLTEXT001634_right,front,right,False
FRCLTEXT001635_front,left,left,True
FRCLTEXT001635_left,left,front,False
FRCLTEXT001635_back,left,right,False
FRCLTEXT001635_right,left,left,True
FRCLTEXT001636_front,front,front,True
FRCLTEXT001636_left,front,right,False
FRCLTEXT001636_back,front,back,False
FRCLTEXT001636_right,front,left,False
FRCLTEXT001637_front,front,front,True
FRCLTEXT001637_left,left,right,False
FRCLTEXT001637_back,back,back,True
FRCLTEXT001637_right,right,left,False
FRCLTEXT001638_front,front,front,True
FRCLTEXT001638_left,front,left,False
FRCLTEXT001638_back,front,back,False
FRCLTEXT001638_right,front,left,False
FRCLTEXT001639_front,front,front,True
FRCLTEXT001639_left,front,right,False
FRCLTEXT001639_back,front,back,False
FRCLTEXT001639_right,front,front,True
FRCLTEXT001640,right,right,True
FRCLTEXT001641_front,back,back,True
FRCLTEXT001641_left,back,back,True
FRCLTEXT001641_back,back,back,True
FRCLTEXT001641_right,back,back,True
FRCLTEXT001642_front,right,right,True
FRCLTEXT001642_left,right,back,False
FRCLTEXT001642_back,right,back,False
FRCLTEXT001642_right,right,front,False
FRCLTEXT001643_front,back,back,True
FRCLTEXT001643_left,right,right,True
FRCLTEXT001643_back,front,front,True
FRCLTEXT001643_right,left,left,True
FRCLTEXT001644_front,left,right,False
FRCLTEXT001644_left,back,right,False
FRCLTEXT001644_back,right,left,False
FRCLTEXT001644_right,front,right,False
FRCLTEXT001645_front,front,front,True
FRCLTEXT001645_left,front,left,False
FRCLTEXT001645_back,front,back,False
FRCLTEXT001645_right,front,right,False
FRCLTEXT001646,front,front,True
FRCLTEXT001647_front,front,front,True
FRCLTEXT001647_left,left,left,True
FRCLTEXT001647_back,back,back,True
FRCLTEXT001647_right,right,left,False
FRCLTEXT001648_front,front,front,True
FRCLTEXT001648_left,front,front,True
FRCLTEXT001648_back,front,back,False
FRCLTEXT001648_right,front,right,False
FRCLTEXT001649_front,left,right,False
FRCLTEXT001649_left,back,right,False
FRCLTEXT001649_back,right,left,False
FRCLTEXT001649_right,front,right,False
FRCLTEXT001650_front,right,left,False
FRCLTEXT001650_left,front,front,True
FRCLTEXT001650_back,left,right,False
FRCLTEXT001650_right,back,front,False
FRCLTEXT001651,left,right,False
FRCLTEXT001652,right,right,True
FRCLTEXT001653_front,left,left,True
FRCLTEXT001653_left,left,front,False
FRCLTEXT001653_back,left,right,False
FRCLTEXT001653_right,left,left,True
FRCLTEXT001654_front,front,front,True
FRCLTEXT001654_left,front,right,False
FRCLTEXT001654_back,front,back,False
FRCLTEXT001654_right,front,left,False
FRCLTEXT001655_front,left,left,True
FRCLTEXT001655_left,left,front,False
FRCLTEXT001655_back,left,left,True
FRCLTEXT001655_right,left,left,True
FRCLTEXT001656,back,back,True
FRCLTEXT001657_front,back,back,True
FRCLTEXT001657_left,back,back,True
FRCLTEXT001657_back,back,back,True
FRCLTEXT001657_right,back,back,True
FRCLTEXT001658,left,left,True
FRCLTEXT001659,left,left,True
FRCLTEXT001660_front,left,left,True
FRCLTEXT001660_left,left,front,False
FRCLTEXT001660_back,left,right,False
FRCLTEXT001660_right,left,left,True
FRCLTEXT001661_front,right,right,True
FRCLTEXT001661_left,right,right,True
FRCLTEXT001661_back,right,left,False
FRCLTEXT001661_right,right,front,False
FRCLTEXT001662_front,left,right,False
FRCLTEXT001662_left,back,right,False
FRCLTEXT001662_back,right,left,False
FRCLTEXT001662_right,front,right,False
FRCLTEXT001663_front,left,right,False
FRCLTEXT001663_left,back,right,False
FRCLTEXT001663_back,right,left,False
FRCLTEXT001663_right,front,right,False
FRCLTEXT001664,front,front,True
FRCLTEXT001665_front,back,back,True
FRCLTEXT001665_left,right,right,True
FRCLTEXT001665_back,front,front,True
FRCLTEXT001665_right,left,left,True
FRCLTEXT001666,right,right,True
FRCLTEXT001667,right,right,True
FRCLTEXT001668_front,front,front,True
FRCLTEXT001668_left,left,right,False
FRCLTEXT001668_back,back,back,True
FRCLTEXT001668_right,right,left,False
FRCLTEXT001669_front,left,left,True
FRCLTEXT001669_left,left,front,False
FRCLTEXT001669_back,left,right,False
FRCLTEXT001669_right,left,left,True
FRCLTEXT001670_front,front,back,False
FRCLTEXT001670_left,front,front,True
FRCLTEXT001670_back,front,back,False
FRCLTEXT001670_right,front,left,False
FRCLTEXT001671_front,front,back,False
FRCLTEXT001671_left,front,front,True
FRCLTEXT001671_back,front,back,False
FRCLTEXT001671_right,front,left,False
FRCLTEXT001672_front,back,back,True
FRCLTEXT001672_left,back,right,False
FRCLTEXT001672_back,back,front,False
FRCLTEXT001672_right,back,left,False
FRCLTEXT001673_front,front,front,True
FRCLTEXT001673_left,front,front,True
FRCLTEXT001673_back,front,back,False
FRCLTEXT001673_right,front,front,True
FRCLTEXT001674_front,front,back,False
FRCLTEXT001674_left,front,front,True
FRCLTEXT001674_back,front,back,False
FRCLTEXT001674_right,front,left,False
FRCLTEXT001675,right,right,True
FRCLTEXT001676,front,front,True
FRCLTEXT001677,left,left,True
FRCLTEXT001678_front,back,back,True
FRCLTEXT001678_left,back,back,True
FRCLTEXT001678_back,back,front,False
FRCLTEXT001678_right,back,left,False
FRCLTEXT001679,back,back,True
FRCLTEXT001680,left,left,True
FRCLTEXT001681_front,right,left,False
FRCLTEXT001681_left,front,front,True
FRCLTEXT001681_back,left,right,False
FRCLTEXT001681_right,back,left,False
FRCLTEXT001682_front,right,right,True
FRCLTEXT001682_left,right,right,True
FRCLTEXT001682_back,right,right,True
FRCLTEXT001682_right,right,back,False
FRCLTEXT001683_front,front,front,True
FRCLTEXT001683_left,front,front,True
FRCLTEXT001683_back,front,back,False
FRCLTEXT001683_right,front,front,True
FRCLTEXT001684,right,right,True
FRCLTEXT001685_front,back,back,True
FRCLTEXT001685_left,right,right,True
FRCLTEXT001685_back,front,front,True
FRCLTEXT001685_right,left,left,True
FRCLTEXT001686,right,right,True
FRCLTEXT001687,right,right,True
FRCLTEXT001688,back,back,True
FRCLTEXT001689_front,back,back,True
FRCLTEXT001689_left,back,right,False
FRCLTEXT001689_back,back,front,False
FRCLTEXT001689_right,back,left,False
FRCLTEXT001690_front,back,back,True
FRCLTEXT001690_left,right,right,True
FRCLTEXT001690_back,front,front,True
FRCLTEXT001690_right,left,left,True
FRCLTEXT001691_front,back,back,True
FRCLTEXT001691_left,back,back,True
FRCLTEXT001691_back,back,front,False
FRCLTEXT001691_right,back,left,False
FRCLTEXT001692_front,right,left,False
FRCLTEXT001692_left,front,left,False
FRCLTEXT001692_back,left,right,False
FRCLTEXT001692_right,back,left,False
FRCLTEXT001693_front,back,back,True
FRCLTEXT001693_left,back,back,True
FRCLTEXT001693_back,back,front,False
FRCLTEXT001693_right,back,left,False
FRCLTEXT001694_front,right,right,True
FRCLTEXT001694_left,right,right,True
FRCLTEXT001694_back,right,back,False
FRCLTEXT001694_right,right,back,False
FRCLTEXT001695_front,right,right,True
FRCLTEXT001695_left,right,right,True
FRCLTEXT001695_back,right,right,True
FRCLTEXT001695_right,right,front,False
FRCLTEXT001696_front,back,back,True
FRCLTEXT001696_left,back,back,True
FRCLTEXT001696_back,back,front,False
FRCLTEXT001696_right,back,left,False
FRCLTEXT001697_front,left,right,False
FRCLTEXT001697_left,back,right,False
FRCLTEXT001697_back,right,left,False
FRCLTEXT001697_right,front,right,False
FRCLTEXT001698_front,right,left,False
FRCLTEXT001698_left,front,left,False
FRCLTEXT001698_back,left,right,False
FRCLTEXT001698_right,back,left,False
FRCLTEXT001699_front,right,left,False
FRCLTEXT001699_left,front,front,True
FRCLTEXT001699_back,left,right,False
FRCLTEXT001699_right,back,front,False
FRCLTEXT001700_front,right,left,False
FRCLTEXT001700_left,front,front,True
FRCLTEXT001700_back,left,right,False
FRCLTEXT001700_right,back,left,False
FRCLTEXT001701_front,front,front,True
FRCLTEXT001701_left,left,right,False
FRCLTEXT001701_back,back,back,True
FRCLTEXT001701_right,right,left,False
FRCLTEXT001702_front,left,left,True
FRCLTEXT001702_left,left,front,False
FRCLTEXT001702_back,left,right,False
FRCLTEXT001702_right,left,left,True
FRCLTEXT001703_front,left,right,False
FRCLTEXT001703_left,back,left,False
FRCLTEXT001703_back,right,left,False
FRCLTEXT001703_right,front,right,False
FRCLTEXT001704_front,front,front,True
FRCLTEXT001704_left,front,front,True
FRCLTEXT001704_back,front,back,False
FRCLTEXT001704_right,front,left,False
FRCLTEXT001705_front,back,back,True
FRCLTEXT001705_left,right,right,True
FRCLTEXT001705_back,front,front,True
FRCLTEXT001705_right,left,left,True
FRCLTEXT001706_front,left,left,True
FRCLTEXT001706_left,left,front,False
FRCLTEXT001706_back,left,left,True
FRCLTEXT001706_right,left,left,True
FRCLTEXT001707_front,front,front,True
FRCLTEXT001707_left,left,left,True
FRCLTEXT001707_back,back,back,True
FRCLTEXT001707_right,right,left,False
FRCLTEXT001708_front,left,right,False
FRCLTEXT001708_left,back,right,False
FRCLTEXT001708_back,right,left,False
FRCLTEXT001708_right,front,right,False
FRCLTEXT001709_front,back,back,True
FRCLTEXT001709_left,back,right,False
FRCLTEXT001709_back,back,back,True
FRCLTEXT001709_right,back,back,True
FRCLTEXT001710_front,front,front,True
FRCLTEXT001710_left,front,right,False
FRCLTEXT001710_back,front,back,False
FRCLTEXT001710_right,front,front,True
FRCLTEXT001711_front,right,left,False
FRCLTEXT001711_left,front,front,True
FRCLTEXT001711_back,left,right,False
FRCLTEXT001711_right,back,left,False
FRCLTEXT001712_front,right,left,False
FRCLTEXT001712_left,front,front,True
FRCLTEXT001712_back,left,right,False
FRCLTEXT001712_right,back,left,False
FRCLTEXT001713,right,right,True
FRCLTEXT001714_front,right,left,False
FRCLTEXT001714_left,front,left,False
FRCLTEXT001714_back,left,right,False
FRCLTEXT001714_right,back,left,False
FRCLTEXT001715_front,right,right,True
FRCLTEXT001715_left,right,back,False
FRCLTEXT001715_back,right,back,False
FRCLTEXT001715_right,right,right,True
FRCLTEXT001716_front,front,back,False
FRCLTEXT001716_left,front,front,True
FRCLTEXT001716_back,front,back,False
FRCLTEXT001716_right,front,front,True
FRCLTEXT001717,right,right,True
FRCLTEXT001718_front,left,left,True
FRCLTEXT001718_left,left,front,False
FRCLTEXT001718_back,left,left,True
FRCLTEXT001718_right,left,left,True
FRCLTEXT001719_front,front,front,True
FRCLTEXT001719_left,left,right,False
FRCLTEXT001719_back,back,back,True
FRCLTEXT001719_right,right,left,False
FRCLTEXT001720_front,left,right,False
FRCLTEXT001720_left,back,right,False
FRCLTEXT001720_back,right,front,False
FRCLTEXT001720_right,front,right,False
FRCLTEXT001721_front,front,front,True
FRCLTEXT001721_left,front,left,False
FRCLTEXT001721_back,front,back,False
FRCLTEXT001721_right,front,left,False
FRCLTEXT001722_front,left,right,False
FRCLTEXT001722_left,back,left,False
FRCLTEXT001722_back,right,left,False
FRCLTEXT001722_right,front,right,False
FRCLTEXT001723_front,left,right,False
FRCLTEXT001723_left,back,right,False
FRCLTEXT001723_back,right,left,False
FRCLTEXT001723_right,front,right,False
FRCLTEXT001724,left,left,True
FRCLTEXT001725,right,right,True
FRCLTEXT001726_front,back,back,True
FRCLTEXT001726_left,back,back,True
FRCLTEXT001726_back,back,front,False
FRCLTEXT001726_right,back,back,True
FRCLTEXT001727_front,front,front,True
FRCLTEXT001727_left,front,right,False
FRCLTEXT001727_back,front,back,False
FRCLTEXT001727_right,front,left,False
FRCLTEXT001728_front,back,back,True
FRCLTEXT001728_left,back,right,False
FRCLTEXT001728_back,back,front,False
FRCLTEXT001728_right,back,left,False
FRCLTEXT001729,front,right,False
FRCLTEXT001730_front,front,back,False
FRCLTEXT001730_left,front,right,False
FRCLTEXT001730_back,front,back,False
FRCLTEXT001730_right,front,left,False
FRCLTEXT001731_front,front,front,True
FRCLTEXT001731_left,left,left,True
FRCLTEXT001731_back,back,back,True
FRCLTEXT001731_right,right,left,False
FRCLTEXT001732_front,right,left,False
FRCLTEXT001732_left,front,front,True
FRCLTEXT001732_back,left,right,False
FRCLTEXT001732_right,back,left,False
FRCLTEXT001733_front,back,back,True
FRCLTEXT001733_left,right,right,True
FRCLTEXT001733_back,front,front,True
FRCLTEXT001733_right,left,left,True
FRCLTEXT001734_front,back,back,True
FRCLTEXT001734_left,back,back,True
FRCLTEXT001734_back,back,front,False
FRCLTEXT001734_right,back,back,True
FRCLTEXT001735_front,right,left,False
FRCLTEXT001735_left,front,left,False
FRCLTEXT001735_back,left,right,False
FRCLTEXT001735_right,back,left,False
FRCLTEXT001736,left,left,True
FRCLTEXT001737_front,front,front,True
FRCLTEXT001737_left,left,left,True
FRCLTEXT001737_back,back,back,True
FRCLTEXT001737_right,right,left,False
FRCLTEXT001738,left,left,True
FRCLTEXT001739_front,back,back,True
FRCLTEXT001739_left,back,back,True
FRCLTEXT001739_back,back,front,False
FRCLTEXT001739_right,back,back,True
FRCLTEXT001740_front,left,left,True
FRCLTEXT001740_left,left,front,False
FRCLTEXT001740_back,left,right,False
FRCLTEXT001740_right,left,left,True
FRCLTEXT001741_front,left,left,True
FRCLTEXT001741_left,left,front,False
FRCLTEXT001741_back,left,left,True
FRCLTEXT001741_right,left,back,False
FRCLTEXT001742_front,left,right,False
FRCLTEXT001742_left,back,left,False
FRCLTEXT001742_back,right,left,False
FRCLTEXT001742_right,front,right,False
FRCLTEXT001743,right,right,True
FRCLTEXT001744,back,back,True
FRCLTEXT001745,front,front,True
FRCLTEXT001746,back,back,True
FRCLTEXT001747_front,back,back,True
FRCLTEXT001747_left,back,back,True
FRCLTEXT001747_back,back,front,False
FRCLTEXT001747_right,back,left,False
FRCLTEXT001748,front,front,True
FRCLTEXT001749,front,front,True
FRCLTEXT001750_front,back,back,True
FRCLTEXT001750_left,back,right,False
FRCLTEXT001750_back,back,front,False
FRCLTEXT001750_right,back,left,False
FRCLTEXT001751_front,front,front,True
FRCLTEXT001751_left,front,left,False
FRCLTEXT001751_back,front,back,False
FRCLTEXT001751_right,front,front,True
FRCLTEXT001752_front,back,back,True
FRCLTEXT001752_left,right,right,True
FRCLTEXT001752_back,front,front,True
FRCLTEXT001752_right,left,left,True
FRCLTEXT001753_front,right,right,True
FRCLTEXT001753_left,right,right,True
FRCLTEXT001753_back,right,left,False
FRCLTEXT001753_right,right,right,True
FRCLTEXT001754_front,back,back,True
FRCLTEXT001754_left,back,back,True
FRCLTEXT001754_back,back,front,False
FRCLTEXT001754_right,back,left,False
FRCLTEXT001755_front,back,back,True
FRCLTEXT001755_left,back,back,True
FRCLTEXT001755_back,back,back,True
FRCLTEXT001755_right,back,back,True
FRCLTEXT001756,right,right,True
FRCLTEXT001757_front,front,front,True
FRCLTEXT001757_left,left,right,False
FRCLTEXT001757_back,back,back,True
FRCLTEXT001757_right,right,left,False
FRCLTEXT001758,front,front,True
FRCLTEXT001759_front,back,back,True
FRCLTEXT001759_left,right,right,True
FRCLTEXT001759_back,front,front,True
FRCLTEXT001759_right,left,left,True
FRCLTEXT001760_front,left,right,False
FRCLTEXT001760_left,back,right,False
FRCLTEXT001760_back,right,left,False
FRCLTEXT001760_right,front,right,False
FRCLTEXT001761_front,left,left,True
FRCLTEXT001761_left,left,front,False
FRCLTEXT001761_back,left,front,False
FRCLTEXT001761_right,left,left,True
FRCLTEXT001762_front,back,back,True
FRCLTEXT001762_left,right,right,True
FRCLTEXT001762_back,front,front,True
FRCLTEXT001762_right,left,left,True
FRCLTEXT001763,right,right,True
FRCLTEXT001764,front,front,True
FRCLTEXT001765_front,back,back,True
FRCLTEXT001765_left,right,right,True
FRCLTEXT001765_back,front,front,True
FRCLTEXT001765_right,left,left,True
FRCLTEXT001766,left,left,True
FRCLTEXT001767,left,left,True
FRCLTEXT001768,right,right,True
FRCLTEXT001769_front,right,right,True
FRCLTEXT001769_left,right,right,True
FRCLTEXT001769_back,right,right,True
FRCLTEXT001769_right,right,back,False
FRCLTEXT001770_front,back,back,True
FRCLTEXT001770_left,right,right,True
FRCLTEXT001770_back,front,front,True
FRCLTEXT001770_right,left,left,True
FRCLTEXT001771,back,back,True
FRCLTEXT001772_front,front,front,True
FRCLTEXT001772_left,left,right,False
FRCLTEXT001772_back,back,back,True
FRCLTEXT001772_right,right,left,False
FRCLTEXT001773_front,back,back,True
FRCLTEXT001773_left,back,back,True
FRCLTEXT001773_back,back,back,True
FRCLTEXT001773_right,back,left,False
FRCLTEXT001774,left,left,True
FRCLTEXT001775_front,front,front,True
FRCLTEXT001775_left,left,right,False
FRCLTEXT001775_back,back,back,True
FRCLTEXT001775_right,right,left,False
FRCLTEXT001776_front,front,front,True
FRCLTEXT001776_left,front,front,True
FRCLTEXT001776_back,front,back,False
FRCLTEXT001776_right,front,left,False
FRCLTEXT001777_front,left,left,True
FRCLTEXT001777_left,left,front,False
FRCLTEXT001777_back,left,left,True
FRCLTEXT001777_right,left,left,True
FRCLTEXT001778_front,back,back,True
FRCLTEXT001778_left,right,right,True
FRCLTEXT001778_back,front,front,True
FRCLTEXT001778_right,left,left,True
FRCLTEXT001779_front,front,front,True
FRCLTEXT001779_left,left,left,True
FRCLTEXT001779_back,back,back,True
FRCLTEXT001779_right,right,left,False
FRCLTEXT001780_front,back,back,True
FRCLTEXT001780_left,right,right,True
FRCLTEXT001780_back,front,front,True
FRCLTEXT001780_right,left,left,True
FRCLTEXT001781_front,left,right,False
FRCLTEXT001781_left,back,right,False
FRCLTEXT001781_back,right,left,False
FRCLTEXT001781_right,front,front,True
FRCLTEXT001782,back,back,True
FRCLTEXT001783_front,right,left,False
FRCLTEXT001783_left,front,left,False
FRCLTEXT001783_back,left,right,False
FRCLTEXT001783_right,back,left,False
FRCLTEXT001784_front,left,right,False
FRCLTEXT001784_left,back,right,False
FRCLTEXT001784_back,right,left,False
FRCLTEXT001784_right,front,front,True
FRCLTEXT001785_front,right,left,False
FRCLTEXT001785_left,front,front,True
FRCLTEXT001785_back,left,right,False
FRCLTEXT001785_right,back,left,False
FRCLTEXT001786_front,left,right,False
FRCLTEXT001786_left,back,left,False
FRCLTEXT001786_back,right,left,False
FRCLTEXT001786_right,front,right,False
FRCLTEXT001787_front,right,right,True
FRCLTEXT001787_left,right,back,False
FRCLTEXT001787_back,right,back,False
FRCLTEXT001787_right,right,front,False
FRCLTEXT001788_front,front,front,True
FRCLTEXT001788_left,front,right,False
FRCLTEXT001788_back,front,back,False
FRCLTEXT001788_right,front,front,True
FRCLTEXT001789_front,back,front,False
FRCLTEXT001789_left,back,right,False
FRCLTEXT001789_back,back,front,False
FRCLTEXT001789_right,back,left,False
FRCLTEXT001790_front,back,back,True
FRCLTEXT001790_left,right,right,True
FRCLTEXT001790_back,front,front,True
FRCLTEXT001790_right,left,left,True
FRCLTEXT001791_front,left,right,False
FRCLTEXT001791_left,back,right,False
FRCLTEXT001791_back,right,left,False
FRCLTEXT001791_right,front,front,True
FRCLTEXT001792,back,back,True
FRCLTEXT001793_front,back,back,True
FRCLTEXT001793_left,right,right,True
FRCLTEXT001793_back,front,front,True
FRCLTEXT001793_right,left,left,True
FRCLTEXT001794_front,left,right,False
FRCLTEXT001794_left,back,left,False
FRCLTEXT001794_back,right,left,False
FRCLTEXT001794_right,front,right,False
FRCLTEXT001795,left,left,True
FRCLTEXT001796,right,right,True
FRCLTEXT001797_front,left,right,False
FRCLTEXT001797_left,back,right,False
FRCLTEXT001797_back,right,left,False
FRCLTEXT001797_right,front,right,False
FRCLTEXT001798_front,back,back,True
FRCLTEXT001798_left,back,back,True
FRCLTEXT001798_back,back,back,True
FRCLTEXT001798_right,back,left,False
FRCLTEXT001799_front,left,left,True
FRCLTEXT001799_left,left,front,False
FRCLTEXT001799_back,left,right,False
FRCLTEXT001799_right,left,left,True
FRCLTEXT001800,front,front,True
FRCLTEXT001801_front,front,front,True
FRCLTEXT001801_left,front,front,True
FRCLTEXT001801_back,front,back,False
FRCLTEXT001801_right,front,front,True
FRCLTEXT001802_front,left,left,True
FRCLTEXT001802_left,left,front,False
FRCLTEXT001802_back,left,left,True
FRCLTEXT001802_right,left,left,True
FRCLTEXT001803_front,back,back,True
FRCLTEXT001803_left,back,back,True
FRCLTEXT001803_back,back,back,True
FRCLTEXT001803_right,back,back,True
FRCLTEXT001804_front,right,right,True
FRCLTEXT001804_left,right,front,False
FRCLTEXT001804_back,right,left,False
FRCLTEXT001804_right,right,front,False
FRCLTEXT001805,back,back,True
FRCLTEXT001806,back,back,True
FRCLTEXT001807_front,front,front,True
FRCLTEXT001807_left,left,right,False
FRCLTEXT001807_back,back,back,True
FRCLTEXT001807_right,right,left,False
FRCLTEXT001808_front,right,left,False
FRCLTEXT001808_left,front,front,True
FRCLTEXT001808_back,left,right,False
FRCLTEXT001808_right,back,left,False
FRCLTEXT001809,back,back,True
FRCLTEXT001810_front,back,front,False
FRCLTEXT001810_left,back,right,False
FRCLTEXT001810_back,back,front,False
FRCLTEXT001810_right,back,left,False
FRCLTEXT001811_front,back,back,True
FRCLTEXT001811_left,back,back,True
FRCLTEXT001811_back,back,front,False
FRCLTEXT001811_right,back,left,False
FRCLTEXT001812_front,front,front,True
FRCLTEXT001812_left,front,left,False
FRCLTEXT001812_back,front,back,False
FRCLTEXT001812_right,front,right,False
FRCLTEXT001813_front,front,front,True
FRCLTEXT001813_left,left,right,False
FRCLTEXT001813_back,back,back,True
FRCLTEXT001813_right,right,left,False
FRCLTEXT001814_front,front,front,True
FRCLTEXT001814_left,front,right,False
FRCLTEXT001814_back,front,back,False
FRCLTEXT001814_right,front,left,False
FRCLTEXT001815_front,back,back,True
FRCLTEXT001815_left,right,right,True
FRCLTEXT001815_back,front,front,True
FRCLTEXT001815_right,left,left,True
FRCLTEXT001816_front,right,left,False
FRCLTEXT001816_left,front,front,True
FRCLTEXT001816_back,left,right,False
FRCLTEXT001816_right,back,left,False
FRCLTEXT001817_front,front,front,True
FRCLTEXT001817_left,left,right,False
FRCLTEXT001817_back,back,back,True
FRCLTEXT001817_right,right,left,False
FRCLTEXT001818,front,front,True
FRCLTEXT001819,front,front,True
FRCLTEXT001820,right,right,True
FRCLTEXT001821_front,back,back,True
FRCLTEXT001821_left,back,right,False
FRCLTEXT001821_back,back,front,False
FRCLTEXT001821_right,back,left,False
FRCLTEXT001822_front,back,back,True
FRCLTEXT001822_left,back,right,False
FRCLTEXT001822_back,back,front,False
FRCLTEXT001822_right,back,left,False
FRCLTEXT001823_front,back,back,True
FRCLTEXT001823_left,back,back,True
FRCLTEXT001823_back,back,back,True
FRCLTEXT001823_right,back,back,True
FRCLTEXT001824_front,right,right,True
FRCLTEXT001824_left,right,back,False
FRCLTEXT001824_back,right,left,False
FRCLTEXT001824_right,right,back,False
FRCLTEXT001825_front,right,right,True
FRCLTEXT001825_left,right,right,True
FRCLTEXT001825_back,right,left,False
FRCLTEXT001825_right,right,back,False
FRCLTEXT001826_front,back,back,True
FRCLTEXT001826_left,back,right,False
FRCLTEXT001826_back,back,front,False
FRCLTEXT001826_right,back,left,False
FRCLTEXT001827_front,back,front,False
FRCLTEXT001827_left,right,right,True
FRCLTEXT001827_back,front,front,True
FRCLTEXT001827_right,left,left,True
FRCLTEXT001828,front,front,True
FRCLTEXT001829_front,left,left,True
FRCLTEXT001829_left,left,front,False
FRCLTEXT001829_back,left,left,True
FRCLTEXT001829_right,left,left,True
FRCLTEXT001830_front,right,right,True
FRCLTEXT001830_left,right,right,True
FRCLTEXT001830_back,right,back,False
FRCLTEXT001830_right,right,front,False
FRCLTEXT001831_front,left,left,True
FRCLTEXT001831_left,left,front,False
FRCLTEXT001831_back,left,left,True
FRCLTEXT001831_right,left,left,True
FRCLTEXT001832,left,left,True
FRCLTEXT001833_front,right,right,True
FRCLTEXT001833_left,right,right,True
FRCLTEXT001833_back,right,right,True
FRCLTEXT001833_right,right,right,True
FRCLTEXT001834_front,left,left,True
FRCLTEXT001834_left,left,right,False
FRCLTEXT001834_back,left,left,True
FRCLTEXT001834_right,left,left,True
FRCLTEXT001835_front,left,right,False
FRCLTEXT001835_left,back,left,False
FRCLTEXT001835_back,right,left,False
FRCLTEXT001835_right,front,right,False
FRCLTEXT001836_front,right,left,False
FRCLTEXT001836_left,front,left,False
FRCLTEXT001836_back,left,right,False
FRCLTEXT001836_right,back,left,False
FRCLTEXT001837_front,left,right,False
FRCLTEXT001837_left,back,left,False
FRCLTEXT001837_back,right,left,False
FRCLTEXT001837_right,front,right,False
FRCLTEXT001838_front,front,front,True
FRCLTEXT001838_left,front,front,True
FRCLTEXT001838_back,front,back,False
FRCLTEXT001838_right,front,left,False
FRCLTEXT001839_front,back,back,True
FRCLTEXT001839_left,back,back,True
FRCLTEXT001839_back,back,back,True
FRCLTEXT001839_right,back,back,True
FRCLTEXT001840_front,left,right,False
FRCLTEXT001840_left,back,right,False
FRCLTEXT001840_back,right,left,False
FRCLTEXT001840_right,front,right,False
FRCLTEXT001841_front,left,left,True
FRCLTEXT001841_left,left,front,False
FRCLTEXT001841_back,left,right,False
FRCLTEXT001841_right,left,left,True
FRCLTEXT001842_front,right,left,False
FRCLTEXT001842_left,front,front,True
FRCLTEXT001842_back,left,right,False
FRCLTEXT001842_right,back,left,False
FRCLTEXT001843_front,back,back,True
FRCLTEXT001843_left,back,right,False
FRCLTEXT001843_back,back,front,False
FRCLTEXT001843_right,back,back,True
FRCLTEXT001844_front,front,front,True
FRCLTEXT001844_left,front,left,False
FRCLTEXT001844_back,front,back,False
FRCLTEXT001844_right,front,front,True
FRCLTEXT001845_front,left,right,False
FRCLTEXT001845_left,back,left,False
FRCLTEXT001845_back,right,left,False
FRCLTEXT001845_right,front,right,False
FRCLTEXT001846_front,left,left,True
FRCLTEXT001846_left,left,front,False
FRCLTEXT001846_back,left,right,False
FRCLTEXT001846_right,left,left,True
FRCLTEXT001847_front,right,right,True
FRCLTEXT001847_left,right,right,True
FRCLTEXT001847_back,right,front,False
FRCLTEXT001847_right,right,right,True
FRCLTEXT001848_front,front,front,True
FRCLTEXT001848_left,left,right,False
FRCLTEXT001848_back,back,back,True
FRCLTEXT001848_right,right,left,False
FRCLTEXT001849_front,right,right,True
FRCLTEXT001849_left,right,back,False
FRCLTEXT001849_back,right,right,True
FRCLTEXT001849_right,right,back,False
FRCLTEXT001850,right,right,True
FRCLTEXT001851_front,left,left,True
FRCLTEXT001851_left,left,left,True
FRCLTEXT001851_back,left,left,True
FRCLTEXT001851_right,left,left,True
FRCLTEXT001852_front,back,back,True
FRCLTEXT001852_left,right,right,True
FRCLTEXT001852_back,front,front,True
FRCLTEXT001852_right,left,left,True
FRCLTEXT001853_front,right,left,False
FRCLTEXT001853_left,front,front,True
FRCLTEXT001853_back,left,front,False
FRCLTEXT001853_right,back,left,False
FRCLTEXT001854_front,front,front,True
FRCLTEXT001854_left,left,right,False
FRCLTEXT001854_back,back,back,True
FRCLTEXT001854_right,right,left,False
FRCLTEXT001855_front,front,front,True
FRCLTEXT001855_left,left,right,False
FRCLTEXT001855_back,back,back,True
FRCLTEXT001855_right,right,left,False
FRCLTEXT001856_front,back,back,True
FRCLTEXT001856_left,back,right,False
FRCLTEXT001856_back,back,front,False
FRCLTEXT001856_right,back,left,False
FRCLTEXT001857_front,front,front,True
FRCLTEXT001857_left,left,right,False
FRCLTEXT001857_back,back,back,True
FRCLTEXT001857_right,right,left,False
FRCLTEXT001858_front,back,back,True
FRCLTEXT001858_left,right,right,True
FRCLTEXT001858_back,front,front,True
FRCLTEXT001858_right,left,left,True
FRCLTEXT001859_front,right,left,False
FRCLTEXT001859_left,front,left,False
FRCLTEXT001859_back,left,right,False
FRCLTEXT001859_right,back,left,False
FRCLTEXT001860_front,left,right,False
FRCLTEXT001860_left,back,right,False
FRCLTEXT001860_back,right,left,False
FRCLTEXT001860_right,front,right,False
FRCLTEXT001861_front,back,back,True
FRCLTEXT001861_left,back,right,False
FRCLTEXT001861_back,back,front,False
FRCLTEXT001861_right,back,back,True
FRCLTEXT001862_front,right,right,True
FRCLTEXT001862_left,right,right,True
FRCLTEXT001862_back,right,back,False
FRCLTEXT001862_right,right,front,False
FRCLTEXT001863_front,front,front,True
FRCLTEXT001863_left,left,right,False
FRCLTEXT001863_back,back,back,True
FRCLTEXT001863_right,right,left,False
FRCLTEXT001864_front,front,front,True
FRCLTEXT001864_left,front,front,True
FRCLTEXT001864_back,front,back,False
FRCLTEXT001864_right,front,front,True
FRCLTEXT001865_front,left,left,True
FRCLTEXT001865_left,left,front,False
FRCLTEXT001865_back,left,right,False
FRCLTEXT001865_right,left,left,True
FRCLTEXT001866_front,back,back,True
FRCLTEXT001866_left,right,right,True
FRCLTEXT001866_back,front,front,True
FRCLTEXT001866_right,left,left,True
FRCLTEXT001867_front,left,right,False
FRCLTEXT001867_left,back,right,False
FRCLTEXT001867_back,right,left,False
FRCLTEXT001867_right,front,right,False
FRCLTEXT001868_front,right,right,True
FRCLTEXT001868_left,right,back,False
FRCLTEXT001868_back,right,left,False
FRCLTEXT001868_right,right,front,False
FRCLTEXT001869,left,left,True
FRCLTEXT001870,front,front,True
FRCLTEXT001871_front,right,left,False
FRCLTEXT001871_left,front,front,True
FRCLTEXT001871_back,left,right,False
FRCLTEXT001871_right,back,front,False
FRCLTEXT001872_front,right,left,False
FRCLTEXT001872_left,front,front,True
FRCLTEXT001872_back,left,right,False
FRCLTEXT001872_right,back,left,False
FRCLTEXT001873_front,back,back,True
FRCLTEXT001873_left,right,right,True
FRCLTEXT001873_back,front,front,True
FRCLTEXT001873_right,left,left,True
FRCLTEXT001874_front,back,back,True
FRCLTEXT001874_left,right,right,True
FRCLTEXT001874_back,front,front,True
FRCLTEXT001874_right,left,left,True
FRCLTEXT001875_front,right,left,False
FRCLTEXT001875_left,front,front,True
FRCLTEXT001875_back,left,right,False
FRCLTEXT001875_right,back,front,False
FRCLTEXT001876_front,left,right,False
FRCLTEXT001876_left,back,left,False
FRCLTEXT001876_back,right,left,False
FRCLTEXT001876_right,front,right,False
FRCLTEXT001877,right,right,True
FRCLTEXT001878_front,front,front,True
FRCLTEXT001878_left,left,right,False
FRCLTEXT001878_back,back,back,True
FRCLTEXT001878_right,right,left,False
FRCLTEXT001879_front,back,back,True
FRCLTEXT001879_left,right,right,True
FRCLTEXT001879_back,front,front,True
FRCLTEXT001879_right,left,left,True
FRCLTEXT001880_front,front,front,True
FRCLTEXT001880_left,front,left,False
FRCLTEXT001880_back,front,front,True
FRCLTEXT001880_right,front,left,False
FRCLTEXT001881_front,back,back,True
FRCLTEXT001881_left,right,right,True
FRCLTEXT001881_back,front,front,True
FRCLTEXT001881_right,left,left,True
FRCLTEXT001882,left,left,True
FRCLTEXT001883_front,left,left,True
FRCLTEXT001883_left,left,front,False
FRCLTEXT001883_back,left,left,True
FRCLTEXT001883_right,left,left,True
FRCLTEXT001884_front,right,left,False
FRCLTEXT001884_left,front,front,True
FRCLTEXT001884_back,left,right,False
FRCLTEXT001884_right,back,left,False
FRCLTEXT001885_front,right,left,False
FRCLTEXT001885_left,front,front,True
FRCLTEXT001885_back,left,right,False
FRCLTEXT001885_right,back,left,False
FRCLTEXT001886_front,left,right,False
FRCLTEXT001886_left,back,right,False
FRCLTEXT001886_back,right,front,False
FRCLTEXT001886_right,front,front,True
FRCLTEXT001887,left,left,True
FRCLTEXT001888_front,front,front,True
FRCLTEXT001888_left,left,right,False
FRCLTEXT001888_back,back,back,True
FRCLTEXT001888_right,right,left,False
FRCLTEXT001889_front,left,left,True
FRCLTEXT001889_left,left,front,False
FRCLTEXT001889_back,left,front,False
FRCLTEXT001889_right,left,left,True
FRCLTEXT001890_front,right,right,True
FRCLTEXT001890_left,right,back,False
FRCLTEXT001890_back,right,right,True
FRCLTEXT001890_right,right,front,False
FRCLTEXT001891,back,back,True
FRCLTEXT001892_front,right,left,False
FRCLTEXT001892_left,front,right,False
FRCLTEXT001892_back,left,right,False
FRCLTEXT001892_right,back,left,False
FRCLTEXT001893_front,front,front,True
FRCLTEXT001893_left,front,front,True
FRCLTEXT001893_back,front,back,False
FRCLTEXT001893_right,front,left,False
FRCLTEXT001894,left,left,True
FRCLTEXT001895_front,left,right,False
FRCLTEXT001895_left,back,right,False
FRCLTEXT001895_back,right,left,False
FRCLTEXT001895_right,front,right,False
FRCLTEXT001896_front,front,front,True
FRCLTEXT001896_left,left,right,False
FRCLTEXT001896_back,back,back,True
FRCLTEXT001896_right,right,left,False
FRCLTEXT001897_front,left,right,False
FRCLTEXT001897_left,back,right,False
FRCLTEXT001897_back,right,left,False
FRCLTEXT001897_right,front,right,False
FRCLTEXT001898_front,back,back,True
FRCLTEXT001898_left,right,right,True
FRCLTEXT001898_back,front,front,True
FRCLTEXT001898_right,left,left,True
FRCLTEXT001899_front,back,back,True
FRCLTEXT001899_left,back,right,False
FRCLTEXT001899_back,back,back,True
FRCLTEXT001899_right,back,back,True
FRCLTEXT001900_front,right,left,False
FRCLTEXT001900_left,front,front,True
FRCLTEXT001900_back,left,right,False
FRCLTEXT001900_right,back,left,False
FRCLTEXT001901,front,front,True
FRCLTEXT001902_front,front,front,True
FRCLTEXT001902_left,front,front,True
FRCLTEXT001902_back,front,back,False
FRCLTEXT001902_right,front,left,False
FRCLTEXT001903_front,left,left,True
FRCLTEXT001903_left,left,right,False
FRCLTEXT001903_back,left,right,False
FRCLTEXT001903_right,left,left,True
FRCLTEXT001904_front,left,left,True
FRCLTEXT001904_left,left,front,False
FRCLTEXT001904_back,left,right,False
FRCLTEXT001904_right,left,left,True
FRCLTEXT001905_front,right,left,False
FRCLTEXT001905_left,front,front,True
FRCLTEXT001905_back,left,right,False
FRCLTEXT001905_right,back,left,False
FRCLTEXT001906,right,right,True
FRCLTEXT001907_front,front,front,True
FRCLTEXT001907_left,left,right,False
FRCLTEXT001907_back,back,back,True
FRCLTEXT001907_right,right,left,False
FRCLTEXT001908,right,right,True
FRCLTEXT001909_front,right,right,True
FRCLTEXT001909_left,right,right,True
FRCLTEXT001909_back,right,front,False
FRCLTEXT001909_right,right,back,False
FRCLTEXT001910,front,front,True
FRCLTEXT001911_front,front,front,True
FRCLTEXT001911_left,front,front,True
FRCLTEXT001911_back,front,back,False
FRCLTEXT001911_right,front,left,False
FRCLTEXT001912_front,right,left,False
FRCLTEXT001912_left,front,left,False
FRCLTEXT001912_back,left,right,False
FRCLTEXT001912_right,back,left,False
FRCLTEXT001913_front,front,back,False
FRCLTEXT001913_left,front,right,False
FRCLTEXT001913_back,front,back,False
FRCLTEXT001913_right,front,left,False
FRCLTEXT001914,left,left,True
FRCLTEXT001915,right,right,True
FRCLTEXT001916_front,left,right,False
FRCLTEXT001916_left,back,right,False
FRCLTEXT001916_back,right,left,False
FRCLTEXT001916_right,front,right,False
FRCLTEXT001917,left,left,True
FRCLTEXT001918_front,back,back,True
FRCLTEXT001918_left,back,right,False
FRCLTEXT001918_back,back,front,False
FRCLTEXT001918_right,back,back,True
FRCLTEXT001919_front,front,front,True
FRCLTEXT001919_left,left,right,False
FRCLTEXT001919_back,back,back,True
FRCLTEXT001919_right,right,left,False
FRCLTEXT001920_front,back,back,True
FRCLTEXT001920_left,right,right,True
FRCLTEXT001920_back,front,front,True
FRCLTEXT001920_right,left,left,True
FRCLTEXT001921_front,left,right,False
FRCLTEXT001921_left,back,right,False
FRCLTEXT001921_back,right,left,False
FRCLTEXT001921_right,front,right,False
FRCLTEXT001922_front,left,right,False
FRCLTEXT001922_left,back,right,False
FRCLTEXT001922_back,right,left,False
FRCLTEXT001922_right,front,right,False
FRCLTEXT001923_front,right,left,False
FRCLTEXT001923_left,front,front,True
FRCLTEXT001923_back,left,right,False
FRCLTEXT001923_right,back,left,False
FRCLTEXT001924_front,right,right,True
FRCLTEXT001924_left,right,right,True
FRCLTEXT001924_back,right,left,False
FRCLTEXT001924_right,right,front,False
FRCLTEXT001925_front,front,front,True
FRCLTEXT001925_left,left,left,True
FRCLTEXT001925_back,back,back,True
FRCLTEXT001925_right,right,left,False
FRCLTEXT001926,right,right,True
FRCLTEXT001927_front,back,back,True
FRCLTEXT001927_left,back,back,True
FRCLTEXT001927_back,back,back,True
FRCLTEXT001927_right,back,back,True
FRCLTEXT001928,back,back,True
FRCLTEXT001929_front,left,right,False
FRCLTEXT001929_left,back,right,False
FRCLTEXT001929_back,right,front,False
FRCLTEXT001929_right,front,right,False
FRCLTEXT001930,left,left,True
FRCLTEXT001931_front,front,front,True
FRCLTEXT001931_left,left,left,True
FRCLTEXT001931_back,back,back,True
FRCLTEXT001931_right,right,left,False
FRCLTEXT001932,left,left,True
FRCLTEXT001933_front,back,back,True
FRCLTEXT001933_left,right,right,True
FRCLTEXT001933_back,front,front,True
FRCLTEXT001933_right,left,left,True
FRCLTEXT001934,front,front,True
FRCLTEXT001935_front,front,front,True
FRCLTEXT001935_left,left,right,False
FRCLTEXT001935_back,back,back,True
FRCLTEXT001935_right,right,left,False
FRCLTEXT001936_front,right,right,True
FRCLTEXT001936_left,right,back,False
FRCLTEXT001936_back,right,back,False
FRCLTEXT001936_right,right,right,True
FRCLTEXT001937_front,back,back,True
FRCLTEXT001937_left,right,right,True
FRCLTEXT001937_back,front,front,True
FRCLTEXT001937_right,left,left,True
FRCLTEXT001938_front,left,left,True
FRCLTEXT001938_left,left,front,False
FRCLTEXT001938_back,left,left,True
FRCLTEXT001938_right,left,left,True
FRCLTEXT001939,front,front,True
FRCLTEXT001940,back,back,True
FRCLTEXT001941_front,front,front,True
FRCLTEXT001941_left,left,right,False
FRCLTEXT001941_back,back,back,True
FRCLTEXT001941_right,right,left,False
FRCLTEXT001942_front,front,front,True
FRCLTEXT001942_left,front,front,True
FRCLTEXT001942_back,front,back,False
FRCLTEXT001942_right,front,front,True
FRCLTEXT001943_front,right,left,False
FRCLTEXT001943_left,front,right,False
FRCLTEXT001943_back,left,right,False
FRCLTEXT001943_right,back,left,False
FRCLTEXT001944_front,left,left,True
FRCLTEXT001944_left,left,right,False
FRCLTEXT001944_back,left,left,True
FRCLTEXT001944_right,left,left,True
FRCLTEXT001945,front,front,True
FRCLTEXT001946_front,left,left,True
FRCLTEXT001946_left,left,front,False
FRCLTEXT001946_back,left,left,True
FRCLTEXT001946_right,left,left,True
FRCLTEXT001947_front,left,left,True
FRCLTEXT001947_left,left,front,False
FRCLTEXT001947_back,left,left,True
FRCLTEXT001947_right,left,left,True
FRCLTEXT001948_front,back,back,True
FRCLTEXT001948_left,back,back,True
FRCLTEXT001948_back,back,back,True
FRCLTEXT001948_right,back,back,True
FRCLTEXT001949_front,right,left,False
FRCLTEXT001949_left,front,front,True
FRCLTEXT001949_back,left,right,False
FRCLTEXT001949_right,back,left,False
FRCLTEXT001950_front,left,left,True
FRCLTEXT001950_left,left,front,False
FRCLTEXT001950_back,left,right,False
FRCLTEXT001950_right,left,left,True
FRCLTEXT001951_front,front,back,False
FRCLTEXT001951_left,front,right,False
FRCLTEXT001951_back,front,back,False
FRCLTEXT001951_right,front,front,True
FRCLTEXT001952_front,left,right,False
FRCLTEXT001952_left,back,right,False
FRCLTEXT001952_back,right,back,False
FRCLTEXT001952_right,front,right,False
FRCLTEXT001953_front,back,back,True
FRCLTEXT001953_left,back,right,False
FRCLTEXT001953_back,back,front,False
FRCLTEXT001953_right,back,left,False
FRCLTEXT001954_front,front,front,True
FRCLTEXT001954_left,left,right,False
FRCLTEXT001954_back,back,back,True
FRCLTEXT001954_right,right,left,False
FRCLTEXT001955_front,right,left,False
FRCLTEXT001955_left,front,left,False
FRCLTEXT001955_back,left,right,False
FRCLTEXT001955_right,back,left,False
FRCLTEXT001956_front,back,back,True
FRCLTEXT001956_left,right,right,True
FRCLTEXT001956_back,front,front,True
FRCLTEXT001956_right,left,left,True
FRCLTEXT001957_front,right,right,True
FRCLTEXT001957_left,right,right,True
FRCLTEXT001957_back,right,back,False
FRCLTEXT001957_right,right,front,False
FRCLTEXT001958_front,right,right,True
FRCLTEXT001958_left,right,right,True
FRCLTEXT001958_back,right,back,False
FRCLTEXT001958_right,right,right,True
FRCLTEXT001959,right,right,True
FRCLTEXT001960,left,left,True
FRCLTEXT001961_front,left,right,False
FRCLTEXT001961_left,back,right,False
FRCLTEXT001961_back,right,left,False
FRCLTEXT001961_right,front,right,False
FRCLTEXT001962_front,front,front,True
FRCLTEXT001962_left,left,right,False
FRCLTEXT001962_back,back,back,True
FRCLTEXT001962_right,right,left,False
FRCLTEXT001963_front,right,left,False
FRCLTEXT001963_left,front,front,True
FRCLTEXT001963_back,left,right,False
FRCLTEXT001963_right,back,left,False
FRCLTEXT001964_front,right,left,False
FRCLTEXT001964_left,front,front,True
FRCLTEXT001964_back,left,front,False
FRCLTEXT001964_right,back,left,False
FRCLTEXT001965_front,front,front,True
FRCLTEXT001965_left,left,left,True
FRCLTEXT001965_back,back,back,True
FRCLTEXT001965_right,right,left,False
FRCLTEXT001966_front,back,back,True
FRCLTEXT001966_left,back,right,False
FRCLTEXT001966_back,back,front,False
FRCLTEXT001966_right,back,left,False
FRCLTEXT001967,left,left,True
FRCLTEXT001968_front,front,back,False
FRCLTEXT001968_left,front,left,False
FRCLTEXT001968_back,front,back,False
FRCLTEXT001968_right,front,right,False
FRCLTEXT001969_front,back,back,True
FRCLTEXT001969_left,right,right,True
FRCLTEXT001969_back,front,front,True
FRCLTEXT001969_right,left,left,True
FRCLTEXT001970_front,front,front,True
FRCLTEXT001970_left,left,right,False
FRCLTEXT001970_back,back,back,True
FRCLTEXT001970_right,right,left,False
FRCLTEXT001971_front,right,left,False
FRCLTEXT001971_left,front,front,True
FRCLTEXT001971_back,left,right,False
FRCLTEXT001971_right,back,left,False
FRCLTEXT001972_front,front,front,True
FRCLTEXT001972_left,left,left,True
FRCLTEXT001972_back,back,back,True
FRCLTEXT001972_right,right,right,True
FRCLTEXT001973_front,back,back,True
FRCLTEXT001973_left,back,back,True
FRCLTEXT001973_back,back,back,True
FRCLTEXT001973_right,back,back,True
FRCLTEXT001974_front,front,front,True
FRCLTEXT001974_left,left,right,False
FRCLTEXT001974_back,back,back,True
FRCLTEXT001974_right,right,left,False
FRCLTEXT001975,back,back,True
FRCLTEXT001976_front,back,back,True
FRCLTEXT001976_left,right,right,True
FRCLTEXT001976_back,front,front,True
FRCLTEXT001976_right,left,left,True
FRCLTEXT001977_front,back,back,True
FRCLTEXT001977_left,right,right,True
FRCLTEXT001977_back,front,front,True
FRCLTEXT001977_right,left,left,True
FRCLTEXT001978,right,right,True
FRCLTEXT001979,front,front,True
FRCLTEXT001980_front,right,right,True
FRCLTEXT001980_left,right,right,True
FRCLTEXT001980_back,right,right,True
FRCLTEXT001980_right,right,front,False
FRCLTEXT001981_front,right,right,True
FRCLTEXT001981_left,right,back,False
FRCLTEXT001981_back,right,right,True
FRCLTEXT001981_right,right,right,True
FRCLTEXT001982,front,front,True
FRCLTEXT001983_front,left,left,True
FRCLTEXT001983_left,left,front,False
FRCLTEXT001983_back,left,right,False
FRCLTEXT001983_right,left,left,True
FRCLTEXT001984_front,back,back,True
FRCLTEXT001984_left,right,right,True
FRCLTEXT001984_back,front,front,True
FRCLTEXT001984_right,left,left,True
FRCLTEXT001985_front,front,front,True
FRCLTEXT001985_left,left,right,False
FRCLTEXT001985_back,back,back,True
FRCLTEXT001985_right,right,left,False
FRCLTEXT001986_front,back,back,True
FRCLTEXT001986_left,right,right,True
FRCLTEXT001986_back,front,front,True
FRCLTEXT001986_right,left,left,True
FRCLTEXT001987_front,right,left,False
FRCLTEXT001987_left,front,front,True
FRCLTEXT001987_back,left,right,False
FRCLTEXT001987_right,back,left,False
FRCLTEXT001988_front,front,back,False
FRCLTEXT001988_left,front,front,True
FRCLTEXT001988_back,front,back,False
FRCLTEXT001988_right,front,front,True
FRCLTEXT001989_front,right,right,True
FRCLTEXT001989_left,right,right,True
FRCLTEXT001989_back,right,back,False
FRCLTEXT001989_right,right,front,False
FRCLTEXT001990_front,left,right,False
FRCLTEXT001990_left,back,right,False
FRCLTEXT001990_back,right,left,False
FRCLTEXT001990_right,front,right,False
FRCLTEXT001991_front,right,right,True
FRCLTEXT001991_left,right,back,False
FRCLTEXT001991_back,right,front,False
FRCLTEXT001991_right,right,front,False
FRCLTEXT001992_front,right,front,False
FRCLTEXT001992_left,right,front,False
FRCLTEXT001992_back,right,front,False
FRCLTEXT001992_right,right,front,False
FRCLTEXT001993,left,left,True
FRCLTEXT001994_front,back,back,True
FRCLTEXT001994_left,right,right,True
FRCLTEXT001994_back,front,front,True
FRCLTEXT001994_right,left,left,True
FRCLTEXT001995,back,right,False
FRCLTEXT001996,left,left,True
FRCLTEXT001997_front,right,right,True
FRCLTEXT001997_left,right,back,False
FRCLTEXT001997_back,right,back,False
FRCLTEXT001997_right,right,right,True
FRCLTEXT001998_front,front,front,True
FRCLTEXT001998_left,left,right,False
FRCLTEXT001998_back,back,back,True
FRCLTEXT001998_right,right,left,False
FRCLTEXT001999,back,back,True
FRCLTEXT002000_front,left,left,True
FRCLTEXT002000_left,left,front,False
FRCLTEXT002000_back,left,front,False
FRCLTEXT002000_right,left,left,True
FRCLTEXT002001,front,front,True
FRCLTEXT002002_front,left,right,False
FRCLTEXT002002_left,back,right,False
FRCLTEXT002002_back,right,left,False
FRCLTEXT002002_right,front,right,False
FRCLTEXT002003_front,front,front,True
FRCLTEXT002003_left,left,right,False
FRCLTEXT002003_back,back,back,True
FRCLTEXT002003_right,right,left,False
FRCLTEXT002004_front,right,right,True
FRCLTEXT002004_left,right,right,True
FRCLTEXT002004_back,right,left,False
FRCLTEXT002004_right,right,right,True
FRCLTEXT002005_front,left,right,False
FRCLTEXT002005_left,back,right,False
FRCLTEXT002005_back,right,left,False
FRCLTEXT002005_right,front,right,False
FRCLTEXT002006_front,left,right,False
FRCLTEXT002006_left,back,right,False
FRCLTEXT002006_back,right,left,False
FRCLTEXT002006_right,front,right,False
FRCLTEXT002007,right,right,True
FRCLTEXT002008_front,left,left,True
FRCLTEXT002008_left,left,front,False
FRCLTEXT002008_back,left,left,True
FRCLTEXT002008_right,left,left,True
FRCLTEXT002009_front,front,front,True
FRCLTEXT002009_left,front,right,False
FRCLTEXT002009_back,front,back,False
FRCLTEXT002009_right,front,left,False
FRCLTEXT002010_front,left,right,False
FRCLTEXT002010_left,back,right,False
FRCLTEXT002010_back,right,left,False
FRCLTEXT002010_right,front,right,False
FRCLTEXT002011_front,front,front,True
FRCLTEXT002011_left,front,left,False
FRCLTEXT002011_back,front,front,True
FRCLTEXT002011_right,front,left,False
FRCLTEXT002012_front,back,back,True
FRCLTEXT002012_left,right,right,True
FRCLTEXT002012_back,front,front,True
FRCLTEXT002012_right,left,left,True
FRCLTEXT002013_front,left,right,False
FRCLTEXT002013_left,back,right,False
FRCLTEXT002013_back,right,front,False
FRCLTEXT002013_right,front,right,False
FRCLTEXT002014_front,front,front,True
FRCLTEXT002014_left,left,left,True
FRCLTEXT002014_back,back,back,True
FRCLTEXT002014_right,right,left,False
FRCLTEXT002015_front,back,back,True
FRCLTEXT002015_left,back,back,True
FRCLTEXT002015_back,back,back,True
FRCLTEXT002015_right,back,back,True
FRCLTEXT002016_front,back,back,True
FRCLTEXT002016_left,right,right,True
FRCLTEXT002016_back,front,front,True
FRCLTEXT002016_right,left,left,True
FRCLTEXT002017_front,left,right,False
FRCLTEXT002017_left,back,right,False
FRCLTEXT002017_back,right,left,False
FRCLTEXT002017_right,front,right,False
FRCLTEXT002018_front,left,left,True
FRCLTEXT002018_left,left,front,False
FRCLTEXT002018_back,left,right,False
FRCLTEXT002018_right,left,left,True
FRCLTEXT002019_front,left,right,False
FRCLTEXT002019_left,back,right,False
FRCLTEXT002019_back,right,left,False
FRCLTEXT002019_right,front,right,False
FRCLTEXT002020_front,right,left,False
FRCLTEXT002020_left,front,front,True
FRCLTEXT002020_back,left,right,False
FRCLTEXT002020_right,back,front,False
FRCLTEXT002021_front,left,left,True
FRCLTEXT002021_left,left,front,False
FRCLTEXT002021_back,left,right,False
FRCLTEXT002021_right,left,left,True
FRCLTEXT002022,back,back,True
FRCLTEXT002023,front,front,True
FRCLTEXT002024_front,back,back,True
FRCLTEXT002024_left,back,right,False
FRCLTEXT002024_back,back,front,False
FRCLTEXT002024_right,back,left,False
FRCLTEXT002025,right,right,True
FRCLTEXT002026,back,back,True
FRCLTEXT002027_front,left,right,False
FRCLTEXT002027_left,back,left,False
FRCLTEXT002027_back,right,left,False
FRCLTEXT002027_right,front,right,False
FRCLTEXT002028_front,right,right,True
FRCLTEXT002028_left,right,right,True
FRCLTEXT002028_back,right,right,True
FRCLTEXT002028_right,right,back,False
FRCLTEXT002029_front,front,front,True
FRCLTEXT002029_left,front,left,False
FRCLTEXT002029_back,front,back,False
FRCLTEXT002029_right,front,left,False
FRCLTEXT002030_front,back,back,True
FRCLTEXT002030_left,right,right,True
FRCLTEXT002030_back,front,front,True
FRCLTEXT002030_right,left,left,True
FRCLTEXT002031_front,back,back,True
FRCLTEXT002031_left,right,right,True
FRCLTEXT002031_back,front,front,True
FRCLTEXT002031_right,left,left,True
FRCLTEXT002032_front,left,left,True
FRCLTEXT002032_left,left,front,False
FRCLTEXT002032_back,left,left,True
FRCLTEXT002032_right,left,left,True
FRCLTEXT002033_front,left,left,True
FRCLTEXT002033_left,left,front,False
FRCLTEXT002033_back,left,left,True
FRCLTEXT002033_right,left,left,True
FRCLTEXT002034,back,back,True
FRCLTEXT002035_front,front,front,True
FRCLTEXT002035_left,front,front,True
FRCLTEXT002035_back,front,back,False
FRCLTEXT002035_right,front,front,True
FRCLTEXT002036_front,left,right,False
FRCLTEXT002036_left,back,left,False
FRCLTEXT002036_back,right,left,False
FRCLTEXT002036_right,front,front,True
FRCLTEXT002037_front,front,front,True
FRCLTEXT002037_left,front,front,True
FRCLTEXT002037_back,front,front,True
FRCLTEXT002037_right,front,front,True
FRCLTEXT002038,front,front,True
FRCLTEXT002039_front,back,back,True
FRCLTEXT002039_left,back,back,True
FRCLTEXT002039_back,back,back,True
FRCLTEXT002039_right,back,back,True
FRCLTEXT002040_front,front,front,True
FRCLTEXT002040_left,front,left,False
FRCLTEXT002040_back,front,back,False
FRCLTEXT002040_right,front,left,False
FRCLTEXT002041_front,back,back,True
FRCLTEXT002041_left,back,right,False
FRCLTEXT002041_back,back,front,False
FRCLTEXT002041_right,back,left,False
FRCLTEXT002042,back,back,True
FRCLTEXT002043_front,left,right,False
FRCLTEXT002043_left,back,right,False
FRCLTEXT002043_back,right,left,False
FRCLTEXT002043_right,front,right,False
FRCLTEXT002044_front,front,front,True
FRCLTEXT002044_left,front,left,False
FRCLTEXT002044_back,front,back,False
FRCLTEXT002044_right,front,right,False
FRCLTEXT002045,back,back,True
FRCLTEXT002046_front,left,left,True
FRCLTEXT002046_left,left,front,False
FRCLTEXT002046_back,left,right,False
FRCLTEXT002046_right,left,left,True
FRCLTEXT002047_front,front,back,False
FRCLTEXT002047_left,front,front,True
FRCLTEXT002047_back,front,front,True
FRCLTEXT002047_right,front,front,True
FRCLTEXT002048_front,right,right,True
FRCLTEXT002048_left,right,right,True
FRCLTEXT002048_back,right,left,False
FRCLTEXT002048_right,right,back,False
FRCLTEXT002049_front,front,front,True
FRCLTEXT002049_left,front,front,True
FRCLTEXT002049_back,front,back,False
FRCLTEXT002049_right,front,front,True
FRCLTEXT002050_front,left,right,False
FRCLTEXT002050_left,back,right,False
FRCLTEXT002050_back,right,left,False
FRCLTEXT002050_right,front,right,False
FRCLTEXT002051_front,right,left,False
FRCLTEXT002051_left,front,front,True
FRCLTEXT002051_back,left,right,False
FRCLTEXT002051_right,back,left,False
FRCLTEXT002052_front,right,left,False
FRCLTEXT002052_left,front,front,True
FRCLTEXT002052_back,left,right,False
FRCLTEXT002052_right,back,left,False
FRCLTEXT002053_front,right,right,True
FRCLTEXT002053_left,right,right,True
FRCLTEXT002053_back,right,right,True
FRCLTEXT002053_right,right,right,True
FRCLTEXT002054,front,front,True
FRCLTEXT002055_front,back,back,True
FRCLTEXT002055_left,right,right,True
FRCLTEXT002055_back,front,front,True
FRCLTEXT002055_right,left,left,True
FRCLTEXT002056_front,front,back,False
FRCLTEXT002056_left,front,left,False
FRCLTEXT002056_back,front,back,False
FRCLTEXT002056_right,front,left,False
FRCLTEXT002057_front,right,right,True
FRCLTEXT002057_left,right,right,True
FRCLTEXT002057_back,right,left,False
FRCLTEXT002057_right,right,front,False
FRCLTEXT002058_front,right,right,True
FRCLTEXT002058_left,right,back,False
FRCLTEXT002058_back,right,left,False
FRCLTEXT002058_right,right,front,False
FRCLTEXT002059_front,back,back,True
FRCLTEXT002059_left,back,back,True
FRCLTEXT002059_back,back,front,False
FRCLTEXT002059_right,back,back,True
FRCLTEXT002060_front,front,front,True
FRCLTEXT002060_left,left,right,False
FRCLTEXT002060_back,back,back,True
FRCLTEXT002060_right,right,left,False
FRCLTEXT002061_front,front,front,True
FRCLTEXT002061_left,left,right,False
FRCLTEXT002061_back,back,back,True
FRCLTEXT002061_right,right,left,False
FRCLTEXT002062_front,left,right,False
FRCLTEXT002062_left,back,right,False
FRCLTEXT002062_back,right,left,False
FRCLTEXT002062_right,front,right,False
FRCLTEXT002063_front,back,back,True
FRCLTEXT002063_left,right,right,True
FRCLTEXT002063_back,front,front,True
FRCLTEXT002063_right,left,left,True
FRCLTEXT002064,right,right,True
FRCLTEXT002065_front,back,front,False
FRCLTEXT002065_left,back,right,False
FRCLTEXT002065_back,back,front,False
FRCLTEXT002065_right,back,left,False
FRCLTEXT002066_front,left,left,True
FRCLTEXT002066_left,left,front,False
FRCLTEXT002066_back,left,left,True
FRCLTEXT002066_right,left,left,True
FRCLTEXT002067_front,front,front,True
FRCLTEXT002067_left,front,front,True
FRCLTEXT002067_back,front,front,True
FRCLTEXT002067_right,front,front,True
FRCLTEXT002068_front,front,front,True
FRCLTEXT002068_left,front,front,True
FRCLTEXT002068_back,front,back,False
FRCLTEXT002068_right,front,left,False
FRCLTEXT002069_front,left,left,True
FRCLTEXT002069_left,left,front,False
FRCLTEXT002069_back,left,right,False
FRCLTEXT002069_right,left,left,True
FRCLTEXT002070,left,left,True
FRCLTEXT002071_front,back,back,True
FRCLTEXT002071_left,right,right,True
FRCLTEXT002071_back,front,front,True
FRCLTEXT002071_right,left,left,True
FRCLTEXT002072_front,right,left,False
FRCLTEXT002072_left,front,front,True
FRCLTEXT002072_back,left,right,False
FRCLTEXT002072_right,back,left,False
FRCLTEXT002073_front,right,right,True
FRCLTEXT002073_left,right,right,True
FRCLTEXT002073_back,right,right,True
FRCLTEXT002073_right,right,back,False
FRCLTEXT002074_front,back,back,True
FRCLTEXT002074_left,back,back,True
FRCLTEXT002074_back,back,front,False
FRCLTEXT002074_right,back,left,False
FRCLTEXT002075,left,left,True
FRCLTEXT002076_front,right,right,True
FRCLTEXT002076_left,right,right,True
FRCLTEXT002076_back,right,right,True
FRCLTEXT002076_right,right,front,False
FRCLTEXT002077_front,left,left,True
FRCLTEXT002077_left,left,front,False
FRCLTEXT002077_back,left,left,True
FRCLTEXT002077_right,left,left,True
FRCLTEXT002078_front,back,back,True
FRCLTEXT002078_left,back,back,True
FRCLTEXT002078_back,back,back,True
FRCLTEXT002078_right,back,back,True
FRCLTEXT002079_front,left,left,True
FRCLTEXT002079_left,left,front,False
FRCLTEXT002079_back,left,left,True
FRCLTEXT002079_right,left,left,True
FRCLTEXT002080_front,front,front,True
FRCLTEXT002080_left,front,front,True
FRCLTEXT002080_back,front,back,False
FRCLTEXT002080_right,front,front,True
FRCLTEXT002081,front,front,True
FRCLTEXT002082_front,left,left,True
FRCLTEXT002082_left,left,front,False
FRCLTEXT002082_back,left,front,False
FRCLTEXT002082_right,left,back,False
FRCLTEXT002083,back,back,True
FRCLTEXT002084_front,back,back,True
FRCLTEXT002084_left,right,right,True
FRCLTEXT002084_back,front,front,True
FRCLTEXT002084_right,left,left,True
FRCLTEXT002085_front,right,right,True
FRCLTEXT002085_left,right,right,True
FRCLTEXT002085_back,right,back,False
FRCLTEXT002085_right,right,right,True
FRCLTEXT002086_front,front,front,True
FRCLTEXT002086_left,left,right,False
FRCLTEXT002086_back,back,back,True
FRCLTEXT002086_right,right,left,False
FRCLTEXT002087_front,back,back,True
FRCLTEXT002087_left,back,right,False
FRCLTEXT002087_back,back,back,True
FRCLTEXT002087_right,back,back,True
FRCLTEXT002088_front,back,back,True
FRCLTEXT002088_left,right,right,True
FRCLTEXT002088_back,front,front,True
FRCLTEXT002088_right,left,left,True
FRCLTEXT002089_front,back,back,True
FRCLTEXT002089_left,right,right,True
FRCLTEXT002089_back,front,front,True
FRCLTEXT002089_right,left,left,True
FRCLTEXT002090,back,back,True
FRCLTEXT002091_front,front,front,True
FRCLTEXT002091_left,left,left,True
FRCLTEXT002091_back,back,back,True
FRCLTEXT002091_right,right,left,False
FRCLTEXT002092_front,back,back,True
FRCLTEXT002092_left,back,right,False
FRCLTEXT002092_back,back,front,False
FRCLTEXT002092_right,back,left,False
FRCLTEXT002093_front,front,front,True
FRCLTEXT002093_left,left,right,False
FRCLTEXT002093_back,back,back,True
FRCLTEXT002093_right,right,left,False
FRCLTEXT002094_front,left,right,False
FRCLTEXT002094_left,back,right,False
FRCLTEXT002094_back,right,front,False
FRCLTEXT002094_right,front,front,True
FRCLTEXT002095_front,right,right,True
FRCLTEXT002095_left,right,right,True
FRCLTEXT002095_back,right,left,False
FRCLTEXT002095_right,right,back,False
FRCLTEXT002096,right,right,True
FRCLTEXT002097_front,left,left,True
FRCLTEXT002097_left,left,front,False
FRCLTEXT002097_back,left,left,True
FRCLTEXT002097_right,left,left,True
FRCLTEXT002098_front,back,back,True
FRCLTEXT002098_left,right,right,True
FRCLTEXT002098_back,front,front,True
FRCLTEXT002098_right,left,left,True
FRCLTEXT002099,front,front,True
FRCLTEXT002100,right,right,True
FRCLTEXT002101_front,front,front,True
FRCLTEXT002101_left,front,front,True
FRCLTEXT002101_back,front,front,True
FRCLTEXT002101_right,front,left,False
FRCLTEXT002102_front,left,left,True
FRCLTEXT002102_left,left,front,False
FRCLTEXT002102_back,left,right,False
FRCLTEXT002102_right,left,left,True
FRCLTEXT002103_front,front,front,True
FRCLTEXT002103_left,front,front,True
FRCLTEXT002103_back,front,back,False
FRCLTEXT002103_right,front,left,False
FRCLTEXT002104,back,back,True
FRCLTEXT002105_front,right,right,True
FRCLTEXT002105_left,right,right,True
FRCLTEXT002105_back,right,back,False
FRCLTEXT002105_right,right,front,False
FRCLTEXT002106_front,left,right,False
FRCLTEXT002106_left,back,left,False
FRCLTEXT002106_back,right,left,False
FRCLTEXT002106_right,front,right,False
FRCLTEXT002107_front,right,left,False
FRCLTEXT002107_left,front,front,True
FRCLTEXT002107_back,left,right,False
FRCLTEXT002107_right,back,left,False
FRCLTEXT002108,left,right,False
FRCLTEXT002109_front,left,right,False
FRCLTEXT002109_left,back,right,False
FRCLTEXT002109_back,right,left,False
FRCLTEXT002109_right,front,right,False
FRCLTEXT002110_front,front,front,True
FRCLTEXT002110_left,left,right,False
FRCLTEXT002110_back,back,back,True
FRCLTEXT002110_right,right,left,False
FRCLTEXT002111_front,left,left,True
FRCLTEXT002111_left,left,front,False
FRCLTEXT002111_back,left,left,True
FRCLTEXT002111_right,left,left,True
FRCLTEXT002112_front,back,back,True
FRCLTEXT002112_left,back,back,True
FRCLTEXT002112_back,back,back,True
FRCLTEXT002112_right,back,left,False
FRCLTEXT002113_front,right,left,False
FRCLTEXT002113_left,front,front,True
FRCLTEXT002113_back,left,right,False
FRCLTEXT002113_right,back,left,False
FRCLTEXT002114_front,left,left,True
FRCLTEXT002114_left,left,front,False
FRCLTEXT002114_back,left,right,False
FRCLTEXT002114_right,left,left,True
FRCLTEXT002115_front,right,right,True
FRCLTEXT002115_left,right,right,True
FRCLTEXT002115_back,right,left,False
FRCLTEXT002115_right,right,right,True
FRCLTEXT002116,front,front,True
FRCLTEXT002117,right,right,True
FRCLTEXT002118_front,left,right,False
FRCLTEXT002118_left,back,right,False
FRCLTEXT002118_back,right,left,False
FRCLTEXT002118_right,front,right,False
FRCLTEXT002119_front,back,back,True
FRCLTEXT002119_left,back,back,True
FRCLTEXT002119_back,back,front,False
FRCLTEXT002119_right,back,left,False
FRCLTEXT002120_front,back,back,True
FRCLTEXT002120_left,right,right,True
FRCLTEXT002120_back,front,front,True
FRCLTEXT002120_right,left,left,True
FRCLTEXT002121,back,back,True
FRCLTEXT002122,left,left,True
FRCLTEXT002123_front,back,back,True
FRCLTEXT002123_left,back,right,False
FRCLTEXT002123_back,back,back,True
FRCLTEXT002123_right,back,left,False
FRCLTEXT002124_front,left,left,True
FRCLTEXT002124_left,left,front,False
FRCLTEXT002124_back,left,right,False
FRCLTEXT002124_right,left,left,True
FRCLTEXT002125_front,front,front,True
FRCLTEXT002125_left,front,front,True
FRCLTEXT002125_back,front,back,False
FRCLTEXT002125_right,front,left,False
FRCLTEXT002126,right,right,True
FRCLTEXT002127_front,front,front,True
FRCLTEXT002127_left,front,left,False
FRCLTEXT002127_back,front,front,True
FRCLTEXT002127_right,front,left,False
FRCLTEXT002128_front,back,back,True
FRCLTEXT002128_left,right,right,True
FRCLTEXT002128_back,front,front,True
FRCLTEXT002128_right,left,left,True
FRCLTEXT002129_front,right,left,False
FRCLTEXT002129_left,front,left,False
FRCLTEXT002129_back,left,right,False
FRCLTEXT002129_right,back,left,False
FRCLTEXT002130_front,right,right,True
FRCLTEXT002130_left,right,back,False
FRCLTEXT002130_back,right,back,False
FRCLTEXT002130_right,right,right,True
FRCLTEXT002131,back,back,True
FRCLTEXT002132_front,back,back,True
FRCLTEXT002132_left,back,right,False
FRCLTEXT002132_back,back,front,False
FRCLTEXT002132_right,back,back,True
FRCLTEXT002133_front,front,front,True
FRCLTEXT002133_left,left,left,True
FRCLTEXT002133_back,back,back,True
FRCLTEXT002133_right,right,left,False
FRCLTEXT002134_front,front,front,True
FRCLTEXT002134_left,left,right,False
FRCLTEXT002134_back,back,back,True
FRCLTEXT002134_right,right,left,False
FRCLTEXT002135_front,right,right,True
FRCLTEXT002135_left,right,back,False
FRCLTEXT002135_back,right,left,False
FRCLTEXT002135_right,right,back,False
FRCLTEXT002136_front,left,left,True
FRCLTEXT002136_left,left,front,False
FRCLTEXT002136_back,left,left,True
FRCLTEXT002136_right,left,left,True
FRCLTEXT002137_front,back,back,True
FRCLTEXT002137_left,right,right,True
FRCLTEXT002137_back,front,back,False
FRCLTEXT002137_right,left,left,True
FRCLTEXT002138_front,front,back,False
FRCLTEXT002138_left,front,left,False
FRCLTEXT002138_back,front,back,False
FRCLTEXT002138_right,front,left,False
FRCLTEXT002139_front,front,back,False
FRCLTEXT002139_left,front,front,True
FRCLTEXT002139_back,front,back,False
FRCLTEXT002139_right,front,front,True
FRCLTEXT002140,front,front,True
FRCLTEXT002141_front,front,front,True
FRCLTEXT002141_left,front,front,True
FRCLTEXT002141_back,front,back,False
FRCLTEXT002141_right,front,front,True
FRCLTEXT002142,right,right,True
FRCLTEXT002143_front,left,left,True
FRCLTEXT002143_left,left,front,False
FRCLTEXT002143_back,left,left,True
FRCLTEXT002143_right,left,left,True
FRCLTEXT002144_front,back,back,True
FRCLTEXT002144_left,right,right,True
FRCLTEXT002144_back,front,front,True
FRCLTEXT002144_right,left,left,True
FRCLTEXT002145_front,front,front,True
FRCLTEXT002145_left,front,front,True
FRCLTEXT002145_back,front,front,True
FRCLTEXT002145_right,front,front,True
FRCLTEXT002146,right,right,True
FRCLTEXT002147_front,right,left,False
FRCLTEXT002147_left,front,front,True
FRCLTEXT002147_back,left,right,False
FRCLTEXT002147_right,back,left,False
FRCLTEXT002148_front,left,left,True
FRCLTEXT002148_left,left,front,False
FRCLTEXT002148_back,left,left,True
FRCLTEXT002148_right,left,left,True
FRCLTEXT002149_front,front,front,True
FRCLTEXT002149_left,front,right,False
FRCLTEXT002149_back,front,back,False
FRCLTEXT002149_right,front,front,True
FRCLTEXT002150,back,back,True
FRCLTEXT002151_front,right,left,False
FRCLTEXT002151_left,front,front,True
FRCLTEXT002151_back,left,right,False
FRCLTEXT002151_right,back,left,False
FRCLTEXT002152,back,back,True
FRCLTEXT002153_front,left,right,False
FRCLTEXT002153_left,back,right,False
FRCLTEXT002153_back,right,left,False
FRCLTEXT002153_right,front,right,False
FRCLTEXT002154_front,front,front,True
FRCLTEXT002154_left,left,right,False
FRCLTEXT002154_back,back,back,True
FRCLTEXT002154_right,right,left,False
FRCLTEXT002155,back,back,True
FRCLTEXT002156,right,right,True
FRCLTEXT002157_front,left,left,True
FRCLTEXT002157_left,left,front,False
FRCLTEXT002157_back,left,left,True
FRCLTEXT002157_right,left,left,True
FRCLTEXT002158_front,left,left,True
FRCLTEXT002158_left,left,front,False
FRCLTEXT002158_back,left,left,True
FRCLTEXT002158_right,left,left,True
FRCLTEXT002159,left,left,True
FRCLTEXT002160,back,back,True
FRCLTEXT002161,right,right,True
FRCLTEXT002162,right,right,True
FRCLTEXT002163,right,right,True
FRCLTEXT002164_front,left,left,True
FRCLTEXT002164_left,left,front,False
FRCLTEXT002164_back,left,left,True
FRCLTEXT002164_right,left,left,True
FRCLTEXT002165,left,left,True
FRCLTEXT002166,right,right,True
FRCLTEXT002167_front,right,left,False
FRCLTEXT002167_left,front,front,True
FRCLTEXT002167_back,left,right,False
FRCLTEXT002167_right,back,left,False
FRCLTEXT002168_front,back,back,True
FRCLTEXT002168_left,back,back,True
FRCLTEXT002168_back,back,front,False
FRCLTEXT002168_right,back,back,True
FRCLTEXT002169,back,back,True
FRCLTEXT002170_front,right,left,False
FRCLTEXT002170_left,front,front,True
FRCLTEXT002170_back,left,right,False
FRCLTEXT002170_right,back,left,False
FRCLTEXT002171,front,front,True
FRCLTEXT002172_front,left,left,True
FRCLTEXT002172_left,left,right,False
FRCLTEXT002172_back,left,right,False
FRCLTEXT002172_right,left,left,True
FRCLTEXT002173_front,left,left,True
FRCLTEXT002173_left,left,front,False
FRCLTEXT002173_back,left,left,True
FRCLTEXT002173_right,left,left,True
FRCLTEXT002174_front,front,front,True
FRCLTEXT002174_left,left,left,True
FRCLTEXT002174_back,back,back,True
FRCLTEXT002174_right,right,left,False
FRCLTEXT002175_front,left,right,False
FRCLTEXT002175_left,back,right,False
FRCLTEXT002175_back,right,front,False
FRCLTEXT002175_right,front,right,False
FRCLTEXT002176_front,right,left,False
FRCLTEXT002176_left,front,left,False
FRCLTEXT002176_back,left,right,False
FRCLTEXT002176_right,back,left,False
FRCLTEXT002177_front,right,right,True
FRCLTEXT002177_left,right,right,True
FRCLTEXT002177_back,right,right,True
FRCLTEXT002177_right,right,back,False
FRCLTEXT002178_front,right,right,True
FRCLTEXT002178_left,right,back,False
FRCLTEXT002178_back,right,left,False
FRCLTEXT002178_right,right,front,False
FRCLTEXT002179_front,left,left,True
FRCLTEXT002179_left,left,left,True
FRCLTEXT002179_back,left,left,True
FRCLTEXT002179_right,left,left,True
FRCLTEXT002180,left,left,True
FRCLTEXT002181_front,left,right,False
FRCLTEXT002181_left,back,right,False
FRCLTEXT002181_back,right,left,False
FRCLTEXT002181_right,front,right,False
FRCLTEXT002182_front,left,right,False
FRCLTEXT002182_left,back,right,False
FRCLTEXT002182_back,right,left,False
FRCLTEXT002182_right,front,right,False
FRCLTEXT002183_front,front,front,True
FRCLTEXT002183_left,left,left,True
FRCLTEXT002183_back,back,back,True
FRCLTEXT002183_right,right,left,False
FRCLTEXT002184,back,back,True
FRCLTEXT002185_front,back,back,True
FRCLTEXT002185_left,right,right,True
FRCLTEXT002185_back,front,front,True
FRCLTEXT002185_right,left,left,True
FRCLTEXT002186_front,front,front,True
FRCLTEXT002186_left,front,left,False
FRCLTEXT002186_back,front,front,True
FRCLTEXT002186_right,front,left,False
FRCLTEXT002187_front,right,left,False
FRCLTEXT002187_left,front,front,True
FRCLTEXT002187_back,left,right,False
FRCLTEXT002187_right,back,left,False
FRCLTEXT002188_front,right,left,False
FRCLTEXT002188_left,front,front,True
FRCLTEXT002188_back,left,front,False
FRCLTEXT002188_right,back,left,False
FRCLTEXT002189_front,front,front,True
FRCLTEXT002189_left,front,front,True
FRCLTEXT002189_back,front,back,False
FRCLTEXT002189_right,front,left,False
FRCLTEXT002190_front,right,left,False
FRCLTEXT002190_left,front,front,True
FRCLTEXT002190_back,left,right,False
FRCLTEXT002190_right,back,left,False
FRCLTEXT002191,right,right,True
FRCLTEXT002192_front,right,left,False
FRCLTEXT002192_left,front,right,False
FRCLTEXT002192_back,left,right,False
FRCLTEXT002192_right,back,left,False
FRCLTEXT002193_front,front,front,True
FRCLTEXT002193_left,left,right,False
FRCLTEXT002193_back,back,back,True
FRCLTEXT002193_right,right,left,False
FRCLTEXT002194,right,right,True
FRCLTEXT002195_front,right,left,False
FRCLTEXT002195_left,front,front,True
FRCLTEXT002195_back,left,right,False
FRCLTEXT002195_right,back,left,False
FRCLTEXT002196,front,front,True
FRCLTEXT002197,right,right,True
FRCLTEXT002198,left,left,True
FRCLTEXT002199_front,left,right,False
FRCLTEXT002199_left,back,right,False
FRCLTEXT002199_back,right,front,False
FRCLTEXT002199_right,front,right,False
FRCLTEXT002200,right,right,True
FRCLTEXT002201,left,left,True
FRCLTEXT002202_front,front,front,True
FRCLTEXT002202_left,front,left,False
FRCLTEXT002202_back,front,back,False
FRCLTEXT002202_right,front,front,True
FRCLTEXT002203,right,right,True
FRCLTEXT002204,right,right,True
FRCLTEXT002205_front,left,left,True
FRCLTEXT002205_left,left,left,True
FRCLTEXT002205_back,left,left,True
FRCLTEXT002205_right,left,left,True
FRCLTEXT002206_front,right,right,True
FRCLTEXT002206_left,right,right,True
FRCLTEXT002206_back,right,right,True
FRCLTEXT002206_right,right,right,True
FRCLTEXT002207_front,left,right,False
FRCLTEXT002207_left,back,right,False
FRCLTEXT002207_back,right,back,False
FRCLTEXT002207_right,front,right,False
FRCLTEXT002208_front,back,back,True
FRCLTEXT002208_left,right,right,True
FRCLTEXT002208_back,front,front,True
FRCLTEXT002208_right,left,left,True
FRCLTEXT002209,left,left,True
FRCLTEXT002210,back,back,True
FRCLTEXT002211_front,left,left,True
FRCLTEXT002211_left,left,front,False
FRCLTEXT002211_back,left,left,True
FRCLTEXT002211_right,left,left,True
FRCLTEXT002212_front,right,right,True
FRCLTEXT002212_left,right,right,True
FRCLTEXT002212_back,right,left,False
FRCLTEXT002212_right,right,front,False
FRCLTEXT002213_front,front,front,True
FRCLTEXT002213_left,left,left,True
FRCLTEXT002213_back,back,back,True
FRCLTEXT002213_right,right,left,False
FRCLTEXT002214_front,front,front,True
FRCLTEXT002214_left,front,left,False
FRCLTEXT002214_back,front,back,False
FRCLTEXT002214_right,front,left,False
FRCLTEXT002215,back,back,True
FRCLTEXT002216_front,front,back,False
FRCLTEXT002216_left,front,right,False
FRCLTEXT002216_back,front,back,False
FRCLTEXT002216_right,front,front,True
FRCLTEXT002217,back,back,True
FRCLTEXT002218_front,left,right,False
FRCLTEXT002218_left,back,right,False
FRCLTEXT002218_back,right,left,False
FRCLTEXT002218_right,front,right,False
FRCLTEXT002219,back,back,True
FRCLTEXT002220_front,back,back,True
FRCLTEXT002220_left,right,right,True
FRCLTEXT002220_back,front,front,True
FRCLTEXT002220_right,left,left,True
FRCLTEXT002221,left,left,True
FRCLTEXT002222,left,left,True
FRCLTEXT002223,left,right,False
FRCLTEXT002224_front,left,right,False
FRCLTEXT002224_left,back,right,False
FRCLTEXT002224_back,right,left,False
FRCLTEXT002224_right,front,right,False
FRCLTEXT002225_front,front,front,True
FRCLTEXT002225_left,left,left,True
FRCLTEXT002225_back,back,back,True
FRCLTEXT002225_right,right,left,False
FRCLTEXT002226_front,front,back,False
FRCLTEXT002226_left,left,right,False
FRCLTEXT002226_back,back,back,True
FRCLTEXT002226_right,right,left,False
FRCLTEXT002227_front,front,front,True
FRCLTEXT002227_left,left,left,True
FRCLTEXT002227_back,back,back,True
FRCLTEXT002227_right,right,left,False
FRCLTEXT002228_front,right,left,False
FRCLTEXT002228_left,front,left,False
FRCLTEXT002228_back,left,right,False
FRCLTEXT002228_right,back,left,False
FRCLTEXT002229,right,right,True
FRCLTEXT002230,right,right,True
FRCLTEXT002231,back,back,True
FRCLTEXT002232_front,front,front,True
FRCLTEXT002232_left,front,front,True
FRCLTEXT002232_back,front,back,False
FRCLTEXT002232_right,front,left,False
FRCLTEXT002233,back,back,True
FRCLTEXT002234_front,front,front,True
FRCLTEXT002234_left,left,right,False
FRCLTEXT002234_back,back,back,True
FRCLTEXT002234_right,right,left,False
FRCLTEXT002235_front,right,left,False
FRCLTEXT002235_left,front,front,True
FRCLTEXT002235_back,left,right,False
FRCLTEXT002235_right,back,left,False
FRCLTEXT002236_front,front,back,False
FRCLTEXT002236_left,front,front,True
FRCLTEXT002236_back,front,back,False
FRCLTEXT002236_right,front,left,False
FRCLTEXT002237_front,left,left,True
FRCLTEXT002237_left,left,front,False
FRCLTEXT002237_back,left,left,True
FRCLTEXT002237_right,left,left,True
FRCLTEXT002238,back,back,True
FRCLTEXT002239_front,front,front,True
FRCLTEXT002239_left,left,right,False
FRCLTEXT002239_back,back,back,True
FRCLTEXT002239_right,right,left,False
FRCLTEXT002240,front,front,True
FRCLTEXT002241_front,left,right,False
FRCLTEXT002241_left,back,right,False
FRCLTEXT002241_back,right,front,False
FRCLTEXT002241_right,front,front,True
FRCLTEXT002242_front,left,left,True
FRCLTEXT002242_left,left,front,False
FRCLTEXT002242_back,left,front,False
FRCLTEXT002242_right,left,left,True
FRCLTEXT002243_front,back,back,True
FRCLTEXT002243_left,back,right,False
FRCLTEXT002243_back,back,front,False
FRCLTEXT002243_right,back,left,False
FRCLTEXT002244_front,left,left,True
FRCLTEXT002244_left,left,front,False
FRCLTEXT002244_back,left,left,True
FRCLTEXT002244_right,left,left,True
FRCLTEXT002245_front,right,right,True
FRCLTEXT002245_left,right,right,True
FRCLTEXT002245_back,right,left,False
FRCLTEXT002245_right,right,front,False
FRCLTEXT002246_front,front,front,True
FRCLTEXT002246_left,left,right,False
FRCLTEXT002246_back,back,back,True
FRCLTEXT002246_right,right,left,False
FRCLTEXT002247,front,front,True
FRCLTEXT002248,left,left,True
FRCLTEXT002249,back,back,True
FRCLTEXT002250,right,right,True
FRCLTEXT002251_front,back,back,True
FRCLTEXT002251_left,back,right,False
FRCLTEXT002251_back,back,front,False
FRCLTEXT002251_right,back,left,False
FRCLTEXT002252_front,back,back,True
FRCLTEXT002252_left,right,right,True
FRCLTEXT002252_back,front,front,True
FRCLTEXT002252_right,left,left,True
FRCLTEXT002253,back,back,True
FRCLTEXT002254_front,left,right,False
FRCLTEXT002254_left,back,right,False
FRCLTEXT002254_back,right,left,False
FRCLTEXT002254_right,front,right,False
FRCLTEXT002255_front,left,left,True
FRCLTEXT002255_left,left,front,False
FRCLTEXT002255_back,left,right,False
FRCLTEXT002255_right,left,left,True
FRCLTEXT002256_front,right,left,False
FRCLTEXT002256_left,front,front,True
FRCLTEXT002256_back,left,right,False
FRCLTEXT002256_right,back,left,False
FRCLTEXT002257,back,back,True
FRCLTEXT002258,left,left,True
FRCLTEXT002259_front,front,front,True
FRCLTEXT002259_left,front,front,True
FRCLTEXT002259_back,front,back,False
FRCLTEXT002259_right,front,left,False
FRCLTEXT002260_front,right,left,False
FRCLTEXT002260_left,front,front,True
FRCLTEXT002260_back,left,right,False
FRCLTEXT002260_right,back,left,False
FRCLTEXT002261_front,back,back,True
FRCLTEXT002261_left,right,right,True
FRCLTEXT002261_back,front,front,True
FRCLTEXT002261_right,left,left,True
FRCLTEXT002262_front,front,front,True
FRCLTEXT002262_left,front,front,True
FRCLTEXT002262_back,front,back,False
FRCLTEXT002262_right,front,left,False
FRCLTEXT002263_front,back,back,True
FRCLTEXT002263_left,right,right,True
FRCLTEXT002263_back,front,front,True
FRCLTEXT002263_right,left,left,True
FRCLTEXT002264_front,left,left,True
FRCLTEXT002264_left,left,front,False
FRCLTEXT002264_back,left,right,False
FRCLTEXT002264_right,left,left,True
FRCLTEXT002265_front,right,left,False
FRCLTEXT002265_left,front,left,False
FRCLTEXT002265_back,left,right,False
FRCLTEXT002265_right,back,front,False
FRCLTEXT002266_front,front,front,True
FRCLTEXT002266_left,front,front,True
FRCLTEXT002266_back,front,back,False
FRCLTEXT002266_right,front,left,False
FRCLTEXT002267_front,right,right,True
FRCLTEXT002267_left,right,right,True
FRCLTEXT002267_back,right,left,False
FRCLTEXT002267_right,right,right,True
FRCLTEXT002268_front,back,back,True
FRCLTEXT002268_left,right,right,True
FRCLTEXT002268_back,front,front,True
FRCLTEXT002268_right,left,left,True
FRCLTEXT002269_front,back,back,True
FRCLTEXT002269_left,right,right,True
FRCLTEXT002269_back,front,front,True
FRCLTEXT002269_right,left,left,True
FRCLTEXT002270_front,front,front,True
FRCLTEXT002270_left,left,right,False
FRCLTEXT002270_back,back,back,True
FRCLTEXT002270_right,right,left,False
FRCLTEXT002271_front,front,front,True
FRCLTEXT002271_left,left,right,False
FRCLTEXT002271_back,back,back,True
FRCLTEXT002271_right,right,left,False
FRCLTEXT002272_front,left,left,True
FRCLTEXT002272_left,left,front,False
FRCLTEXT002272_back,left,left,True
FRCLTEXT002272_right,left,left,True
FRCLTEXT002273_front,left,right,False
FRCLTEXT002273_left,back,right,False
FRCLTEXT002273_back,right,left,False
FRCLTEXT002273_right,front,right,False
FRCLTEXT002274_front,left,right,False
FRCLTEXT002274_left,back,left,False
FRCLTEXT002274_back,right,left,False
FRCLTEXT002274_right,front,right,False
FRCLTEXT002275_front,back,back,True
FRCLTEXT002275_left,right,right,True
FRCLTEXT002275_back,front,front,True
FRCLTEXT002275_right,left,left,True
FRCLTEXT002276_front,left,left,True
FRCLTEXT002276_left,left,front,False
FRCLTEXT002276_back,left,left,True
FRCLTEXT002276_right,left,left,True
FRCLTEXT002277_front,left,right,False
FRCLTEXT002277_left,back,right,False
FRCLTEXT002277_back,right,left,False
FRCLTEXT002277_right,front,right,False
FRCLTEXT002278_front,back,back,True
FRCLTEXT002278_left,back,right,False
FRCLTEXT002278_back,back,front,False
FRCLTEXT002278_right,back,left,False
FRCLTEXT002279_front,left,left,True
FRCLTEXT002279_left,left,front,False
FRCLTEXT002279_back,left,left,True
FRCLTEXT002279_right,left,left,True
FRCLTEXT002280_front,front,front,True
FRCLTEXT002280_left,left,left,True
FRCLTEXT002280_back,back,back,True
FRCLTEXT002280_right,right,right,True
FRCLTEXT002281_front,front,front,True
FRCLTEXT002281_left,left,right,False
FRCLTEXT002281_back,back,back,True
FRCLTEXT002281_right,right,left,False
FRCLTEXT002282_front,right,right,True
FRCLTEXT002282_left,right,back,False
FRCLTEXT002282_back,right,front,False
FRCLTEXT002282_right,right,front,False
FRCLTEXT002283_front,left,right,False
FRCLTEXT002283_left,back,left,False
FRCLTEXT002283_back,right,left,False
FRCLTEXT002283_right,front,right,False
FRCLTEXT002284,right,right,True
FRCLTEXT002285_front,right,right,True
FRCLTEXT002285_left,right,right,True
FRCLTEXT002285_back,right,front,False
FRCLTEXT002285_right,right,front,False
FRCLTEXT002286_front,front,front,True
FRCLTEXT002286_left,left,right,False
FRCLTEXT002286_back,back,back,True
FRCLTEXT002286_right,right,left,False
FRCLTEXT002287_front,front,front,True
FRCLTEXT002287_left,front,left,False
FRCLTEXT002287_back,front,front,True
FRCLTEXT002287_right,front,front,True
FRCLTEXT002288_front,left,right,False
FRCLTEXT002288_left,back,right,False
FRCLTEXT002288_back,right,left,False
FRCLTEXT002288_right,front,right,False
FRCLTEXT002289_front,right,right,True
FRCLTEXT002289_left,right,right,True
FRCLTEXT002289_back,right,right,True
FRCLTEXT002289_right,right,back,False
FRCLTEXT002290_front,right,left,False
FRCLTEXT002290_left,front,left,False
FRCLTEXT002290_back,left,right,False
FRCLTEXT002290_right,back,left,False
FRCLTEXT002291,left,left,True
FRCLTEXT002292_front,right,left,False
FRCLTEXT002292_left,front,front,True
FRCLTEXT002292_back,left,right,False
FRCLTEXT002292_right,back,left,False
FRCLTEXT002293_front,left,right,False
FRCLTEXT002293_left,back,right,False
FRCLTEXT002293_back,right,left,False
FRCLTEXT002293_right,front,right,False
FRCLTEXT002294,left,left,True
FRCLTEXT002295,left,left,True
FRCLTEXT002296_front,left,left,True
FRCLTEXT002296_left,left,front,False
FRCLTEXT002296_back,left,left,True
FRCLTEXT002296_right,left,left,True
FRCLTEXT002297_front,left,right,False
FRCLTEXT002297_left,back,right,False
FRCLTEXT002297_back,right,left,False
FRCLTEXT002297_right,front,right,False
FRCLTEXT002298_front,right,right,True
FRCLTEXT002298_left,right,right,True
FRCLTEXT002298_back,right,right,True
FRCLTEXT002298_right,right,right,True
FRCLTEXT002299_front,left,right,False
FRCLTEXT002299_left,back,right,False
FRCLTEXT002299_back,right,front,False
FRCLTEXT002299_right,front,right,False
FRCLTEXT002300_front,back,back,True
FRCLTEXT002300_left,back,back,True
FRCLTEXT002300_back,back,back,True
FRCLTEXT002300_right,back,left,False
FRCLTEXT002301_front,right,right,True
FRCLTEXT002301_left,right,right,True
FRCLTEXT002301_back,right,right,True
FRCLTEXT002301_right,right,front,False
FRCLTEXT002302,back,back,True
FRCLTEXT002303_front,front,front,True
FRCLTEXT002303_left,left,right,False
FRCLTEXT002303_back,back,back,True
FRCLTEXT002303_right,right,left,False
FRCLTEXT002304_front,right,right,True
FRCLTEXT002304_left,right,back,False
FRCLTEXT002304_back,right,back,False
FRCLTEXT002304_right,right,right,True
FRCLTEXT002305_front,front,front,True
FRCLTEXT002305_left,front,front,True
FRCLTEXT002305_back,front,back,False
FRCLTEXT002305_right,front,left,False
FRCLTEXT002306_front,back,back,True
FRCLTEXT002306_left,right,right,True
FRCLTEXT002306_back,front,front,True
FRCLTEXT002306_right,left,left,True
FRCLTEXT002307,back,back,True
FRCLTEXT002308_front,back,back,True
FRCLTEXT002308_left,right,right,True
FRCLTEXT002308_back,front,front,True
FRCLTEXT002308_right,left,left,True
FRCLTEXT002309_front,right,right,True
FRCLTEXT002309_left,right,right,True
FRCLTEXT002309_back,right,right,True
FRCLTEXT002309_right,right,front,False
FRCLTEXT002310_front,back,back,True
FRCLTEXT002310_left,back,back,True
FRCLTEXT002310_back,back,back,True
FRCLTEXT002310_right,back,back,True
FRCLTEXT002311_front,front,front,True
FRCLTEXT002311_left,front,left,False
FRCLTEXT002311_back,front,back,False
FRCLTEXT002311_right,front,front,True
FRCLTEXT002312_front,left,left,True
FRCLTEXT002312_left,left,front,False
FRCLTEXT002312_back,left,right,False
FRCLTEXT002312_right,left,back,False
FRCLTEXT002313_front,back,back,True
FRCLTEXT002313_left,back,back,True
FRCLTEXT002313_back,back,back,True
FRCLTEXT002313_right,back,left,False
FRCLTEXT002314,back,back,True
FRCLTEXT002315_front,front,front,True
FRCLTEXT002315_left,left,right,False
FRCLTEXT002315_back,back,back,True
FRCLTEXT002315_right,right,left,False
FRCLTEXT002316_front,front,front,True
FRCLTEXT002316_left,front,front,True
FRCLTEXT002316_back,front,front,True
FRCLTEXT002316_right,front,front,True
FRCLTEXT002317_front,back,back,True
FRCLTEXT002317_left,right,right,True
FRCLTEXT002317_back,front,front,True
FRCLTEXT002317_right,left,left,True
FRCLTEXT002318_front,back,back,True
FRCLTEXT002318_left,back,right,False
FRCLTEXT002318_back,back,front,False
FRCLTEXT002318_right,back,left,False
FRCLTEXT002319_front,left,right,False
FRCLTEXT002319_left,back,left,False
FRCLTEXT002319_back,right,left,False
FRCLTEXT002319_right,front,right,False
FRCLTEXT002320_front,front,back,False
FRCLTEXT002320_left,front,right,False
FRCLTEXT002320_back,front,back,False
FRCLTEXT002320_right,front,left,False
FRCLTEXT002321_front,front,front,True
FRCLTEXT002321_left,left,right,False
FRCLTEXT002321_back,back,back,True
FRCLTEXT002321_right,right,left,False
FRCLTEXT002322,back,back,True
FRCLTEXT002323_front,back,back,True
FRCLTEXT002323_left,right,right,True
FRCLTEXT002323_back,front,front,True
FRCLTEXT002323_right,left,left,True
FRCLTEXT002324_front,front,front,True
FRCLTEXT002324_left,left,left,True
FRCLTEXT002324_back,back,back,True
FRCLTEXT002324_right,right,left,False
FRCLTEXT002325,left,left,True
FRCLTEXT002326_front,back,back,True
FRCLTEXT002326_left,back,back,True
FRCLTEXT002326_back,back,front,False
FRCLTEXT002326_right,back,back,True
FRCLTEXT002327_front,front,front,True
FRCLTEXT002327_left,left,right,False
FRCLTEXT002327_back,back,back,True
FRCLTEXT002327_right,right,left,False
FRCLTEXT002328,left,left,True
FRCLTEXT002329,left,right,False
FRCLTEXT002330_front,back,back,True
FRCLTEXT002330_left,right,right,True
FRCLTEXT002330_back,front,front,True
FRCLTEXT002330_right,left,left,True
FRCLTEXT002331,back,back,True
FRCLTEXT002332_front,front,back,False
FRCLTEXT002332_left,front,front,True
FRCLTEXT002332_back,front,back,False
FRCLTEXT002332_right,front,front,True
FRCLTEXT002333_front,back,back,True
FRCLTEXT002333_left,back,back,True
FRCLTEXT002333_back,back,front,False
FRCLTEXT002333_right,back,left,False
FRCLTEXT002334_front,right,right,True
FRCLTEXT002334_left,right,right,True
FRCLTEXT002334_back,right,right,True
FRCLTEXT002334_right,right,right,True
FRCLTEXT002335,left,left,True
FRCLTEXT002336_front,left,right,False
FRCLTEXT002336_left,back,right,False
FRCLTEXT002336_back,right,left,False
FRCLTEXT002336_right,front,front,True
FRCLTEXT002337_front,right,right,True
FRCLTEXT002337_left,right,back,False
FRCLTEXT002337_back,right,left,False
FRCLTEXT002337_right,right,front,False
FRCLTEXT002338,front,front,True
FRCLTEXT002339_front,left,right,False
FRCLTEXT002339_left,back,right,False
FRCLTEXT002339_back,right,front,False
FRCLTEXT002339_right,front,right,False
FRCLTEXT002340_front,front,front,True
FRCLTEXT002340_left,front,front,True
FRCLTEXT002340_back,front,back,False
FRCLTEXT002340_right,front,front,True
FRCLTEXT002341_front,right,right,True
FRCLTEXT002341_left,right,back,False
FRCLTEXT002341_back,right,left,False
FRCLTEXT002341_right,right,front,False
FRCLTEXT002342,right,right,True
FRCLTEXT002343,front,front,True
FRCLTEXT002344,back,back,True
FRCLTEXT002345,front,front,True
FRCLTEXT002346_front,right,left,False
FRCLTEXT002346_left,front,front,True
FRCLTEXT002346_back,left,right,False
FRCLTEXT002346_right,back,left,False
FRCLTEXT002347_front,left,right,False
FRCLTEXT002347_left,back,right,False
FRCLTEXT002347_back,right,left,False
FRCLTEXT002347_right,front,front,True
FRCLTEXT002348_front,back,back,True
FRCLTEXT002348_left,back,back,True
FRCLTEXT002348_back,back,back,True
FRCLTEXT002348_right,back,left,False
FRCLTEXT002349_front,back,back,True
FRCLTEXT002349_left,back,right,False
FRCLTEXT002349_back,back,front,False
FRCLTEXT002349_right,back,left,False
FRCLTEXT002350_front,back,back,True
FRCLTEXT002350_left,back,right,False
FRCLTEXT002350_back,back,back,True
FRCLTEXT002350_right,back,left,False
FRCLTEXT002351_front,right,right,True
FRCLTEXT002351_left,right,right,True
FRCLTEXT002351_back,right,back,False
FRCLTEXT002351_right,right,right,True
FRCLTEXT002352_front,front,front,True
FRCLTEXT002352_left,left,right,False
FRCLTEXT002352_back,back,back,True
FRCLTEXT002352_right,right,left,False
FRCLTEXT002353_front,back,back,True
FRCLTEXT002353_left,back,back,True
FRCLTEXT002353_back,back,front,False
FRCLTEXT002353_right,back,left,False
FRCLTEXT002354,right,right,True
FRCLTEXT002355_front,front,front,True
FRCLTEXT002355_left,front,right,False
FRCLTEXT002355_back,front,back,False
FRCLTEXT002355_right,front,front,True
FRCLTEXT002356,left,left,True
FRCLTEXT002357_front,front,front,True
FRCLTEXT002357_left,left,right,False
FRCLTEXT002357_back,back,back,True
FRCLTEXT002357_right,right,left,False
FRCLTEXT002358_front,left,right,False
FRCLTEXT002358_left,back,right,False
FRCLTEXT002358_back,right,left,False
FRCLTEXT002358_right,front,right,False
FRCLTEXT002359_front,left,left,True
FRCLTEXT002359_left,left,front,False
FRCLTEXT002359_back,left,right,False
FRCLTEXT002359_right,left,left,True
FRCLTEXT002360,front,right,False
FRCLTEXT002361_front,right,right,True
FRCLTEXT002361_left,right,right,True
FRCLTEXT002361_back,right,front,False
FRCLTEXT002361_right,right,right,True
FRCLTEXT002362,right,right,True
FRCLTEXT002363_front,right,right,True
FRCLTEXT002363_left,right,right,True
FRCLTEXT002363_back,right,right,True
FRCLTEXT002363_right,right,front,False
FRCLTEXT002364,back,back,True
FRCLTEXT002365_front,left,right,False
FRCLTEXT002365_left,back,right,False
FRCLTEXT002365_back,right,left,False
FRCLTEXT002365_right,front,right,False
FRCLTEXT002366_front,front,front,True
FRCLTEXT002366_left,left,left,True
FRCLTEXT002366_back,back,back,True
FRCLTEXT002366_right,right,left,False
FRCLTEXT002367_front,left,right,False
FRCLTEXT002367_left,back,right,False
FRCLTEXT002367_back,right,left,False
FRCLTEXT002367_right,front,right,False
FRCLTEXT002368_front,front,back,False
FRCLTEXT002368_left,front,front,True
FRCLTEXT002368_back,front,front,True
FRCLTEXT002368_right,front,front,True
FRCLTEXT002369_front,right,right,True
FRCLTEXT002369_left,right,right,True
FRCLTEXT002369_back,right,back,False
FRCLTEXT002369_right,right,front,False
FRCLTEXT002370,right,right,True
FRCLTEXT002371_front,front,front,True
FRCLTEXT002371_left,front,front,True
FRCLTEXT002371_back,front,back,False
FRCLTEXT002371_right,front,left,False
FRCLTEXT002372_front,right,right,True
FRCLTEXT002372_left,right,back,False
FRCLTEXT002372_back,right,back,False
FRCLTEXT002372_right,right,right,True
FRCLTEXT002373,back,back,True
FRCLTEXT002374_front,left,left,True
FRCLTEXT002374_left,left,front,False
FRCLTEXT002374_back,left,left,True
FRCLTEXT002374_right,left,left,True
FRCLTEXT002375_front,back,back,True
FRCLTEXT002375_left,back,back,True
FRCLTEXT002375_back,back,front,False
FRCLTEXT002375_right,back,left,False
FRCLTEXT002376,front,front,True
FRCLTEXT002377_front,back,back,True
FRCLTEXT002377_left,back,right,False
FRCLTEXT002377_back,back,front,False
FRCLTEXT002377_right,back,left,False
FRCLTEXT002378_front,left,left,True
FRCLTEXT002378_left,left,right,False
FRCLTEXT002378_back,left,right,False
FRCLTEXT002378_right,left,left,True
FRCLTEXT002379_front,left,left,True
FRCLTEXT002379_left,left,front,False
FRCLTEXT002379_back,left,left,True
FRCLTEXT002379_right,left,left,True
FRCLTEXT002380_front,left,right,False
FRCLTEXT002380_left,back,left,False
FRCLTEXT002380_back,right,left,False
FRCLTEXT002380_right,front,right,False
FRCLTEXT002381_front,back,back,True
FRCLTEXT002381_left,back,right,False
FRCLTEXT002381_back,back,front,False
FRCLTEXT002381_right,back,back,True
FRCLTEXT002382_front,back,back,True
FRCLTEXT002382_left,right,right,True
FRCLTEXT002382_back,front,front,True
FRCLTEXT002382_right,left,left,True
FRCLTEXT002383,front,front,True
FRCLTEXT002384_front,back,back,True
FRCLTEXT002384_left,right,right,True
FRCLTEXT002384_back,front,front,True
FRCLTEXT002384_right,left,left,True
FRCLTEXT002385_front,right,right,True
FRCLTEXT002385_left,right,right,True
FRCLTEXT002385_back,right,back,False
FRCLTEXT002385_right,right,right,True
FRCLTEXT002386,left,left,True
FRCLTEXT002387_front,front,front,True
FRCLTEXT002387_left,front,left,False
FRCLTEXT002387_back,front,back,False
FRCLTEXT002387_right,front,front,True
FRCLTEXT002388_front,left,left,True
FRCLTEXT002388_left,left,left,True
FRCLTEXT002388_back,left,left,True
FRCLTEXT002388_right,left,left,True
FRCLTEXT002389_front,right,right,True
FRCLTEXT002389_left,right,right,True
FRCLTEXT002389_back,right,right,True
FRCLTEXT002389_right,right,back,False
FRCLTEXT002390_front,right,left,False
FRCLTEXT002390_left,front,front,True
FRCLTEXT002390_back,left,right,False
FRCLTEXT002390_right,back,left,False
FRCLTEXT002391_front,right,left,False
FRCLTEXT002391_left,front,front,True
FRCLTEXT002391_back,left,right,False
FRCLTEXT002391_right,back,left,False
FRCLTEXT002392_front,back,back,True
FRCLTEXT002392_left,back,back,True
FRCLTEXT002392_back,back,front,False
FRCLTEXT002392_right,back,left,False
FRCLTEXT002393_front,right,left,False
FRCLTEXT002393_left,front,front,True
FRCLTEXT002393_back,left,front,False
FRCLTEXT002393_right,back,left,False
FRCLTEXT002394_front,back,back,True
FRCLTEXT002394_left,right,right,True
FRCLTEXT002394_back,front,front,True
FRCLTEXT002394_right,left,left,True
FRCLTEXT002395_front,back,back,True
FRCLTEXT002395_left,back,right,False
FRCLTEXT002395_back,back,front,False
FRCLTEXT002395_right,back,left,False
FRCLTEXT002396_front,right,left,False
FRCLTEXT002396_left,front,left,False
FRCLTEXT002396_back,left,right,False
FRCLTEXT002396_right,back,left,False
FRCLTEXT002397,back,back,True
FRCLTEXT002398_front,back,back,True
FRCLTEXT002398_left,right,right,True
FRCLTEXT002398_back,front,front,True
FRCLTEXT002398_right,left,left,True
FRCLTEXT002399,back,back,True
FRCLTEXT002400_front,front,front,True
FRCLTEXT002400_left,left,right,False
FRCLTEXT002400_back,back,back,True
FRCLTEXT002400_right,right,left,False
FRCLTEXT002401,front,back,False
FRCLTEXT002402_front,front,front,True
FRCLTEXT002402_left,front,left,False
FRCLTEXT002402_back,front,back,False
FRCLTEXT002402_right,front,front,True
FRCLTEXT002403_front,left,left,True
FRCLTEXT002403_left,left,front,False
FRCLTEXT002403_back,left,left,True
FRCLTEXT002403_right,left,left,True
FRCLTEXT002404_front,right,right,True
FRCLTEXT002404_left,right,back,False
FRCLTEXT002404_back,right,right,True
FRCLTEXT002404_right,right,right,True
FRCLTEXT002405_front,back,back,True
FRCLTEXT002405_left,back,back,True
FRCLTEXT002405_back,back,front,False
FRCLTEXT002405_right,back,left,False
FRCLTEXT002406_front,left,left,True
FRCLTEXT002406_left,left,front,False
FRCLTEXT002406_back,left,left,True
FRCLTEXT002406_right,left,back,False
FRCLTEXT002407,left,left,True
FRCLTEXT002408_front,left,left,True
FRCLTEXT002408_left,left,front,False
FRCLTEXT002408_back,left,right,False
FRCLTEXT002408_right,left,left,True
FRCLTEXT002409_front,right,left,False
FRCLTEXT002409_left,front,left,False
FRCLTEXT002409_back,left,right,False
FRCLTEXT002409_right,back,right,False
FRCLTEXT002410_front,left,left,True
FRCLTEXT002410_left,left,right,False
FRCLTEXT002410_back,left,left,True
FRCLTEXT002410_right,left,left,True
FRCLTEXT002411_front,left,right,False
FRCLTEXT002411_left,back,right,False
FRCLTEXT002411_back,right,left,False
FRCLTEXT002411_right,front,right,False
FRCLTEXT002412_front,left,left,True
FRCLTEXT002412_left,left,front,False
FRCLTEXT002412_back,left,left,True
FRCLTEXT002412_right,left,left,True
FRCLTEXT002413_front,back,back,True
FRCLTEXT002413_left,back,right,False
FRCLTEXT002413_back,back,front,False
FRCLTEXT002413_right,back,left,False
FRCLTEXT002414_front,right,right,True
FRCLTEXT002414_left,right,right,True
FRCLTEXT002414_back,right,left,False
FRCLTEXT002414_right,right,front,False
FRCLTEXT002415,left,left,True
FRCLTEXT002416_front,right,left,False
FRCLTEXT002416_left,front,left,False
FRCLTEXT002416_back,left,right,False
FRCLTEXT002416_right,back,left,False
FRCLTEXT002417_front,right,left,False
FRCLTEXT002417_left,front,left,False
FRCLTEXT002417_back,left,right,False
FRCLTEXT002417_right,back,left,False
FRCLTEXT002418_front,front,front,True
FRCLTEXT002418_left,front,front,True
FRCLTEXT002418_back,front,back,False
FRCLTEXT002418_right,front,front,True
FRCLTEXT002419_front,right,left,False
FRCLTEXT002419_left,front,left,False
FRCLTEXT002419_back,left,right,False
FRCLTEXT002419_right,back,left,False
FRCLTEXT002420_front,front,front,True
FRCLTEXT002420_left,front,right,False
FRCLTEXT002420_back,front,front,True
FRCLTEXT002420_right,front,front,True
FRCLTEXT002421_front,front,front,True
FRCLTEXT002421_left,front,front,True
FRCLTEXT002421_back,front,back,False
FRCLTEXT002421_right,front,left,False
FRCLTEXT002422,left,left,True
FRCLTEXT002423_front,back,back,True
FRCLTEXT002423_left,right,right,True
FRCLTEXT002423_back,front,front,True
FRCLTEXT002423_right,left,left,True
FRCLTEXT002424_front,front,front,True
FRCLTEXT002424_left,front,front,True
FRCLTEXT002424_back,front,front,True
FRCLTEXT002424_right,front,front,True
FRCLTEXT002425_front,right,left,False
FRCLTEXT002425_left,front,front,True
FRCLTEXT002425_back,left,right,False
FRCLTEXT002425_right,back,left,False
FRCLTEXT002426,front,front,True
FRCLTEXT002427,left,right,False
FRCLTEXT002428_front,front,front,True
FRCLTEXT002428_left,front,right,False
FRCLTEXT002428_back,front,back,False
FRCLTEXT002428_right,front,right,False
FRCLTEXT002429_front,front,front,True
FRCLTEXT002429_left,front,left,False
FRCLTEXT002429_back,front,back,False
FRCLTEXT002429_right,front,left,False
FRCLTEXT002430_front,left,left,True
FRCLTEXT002430_left,left,front,False
FRCLTEXT002430_back,left,right,False
FRCLTEXT002430_right,left,left,True
FRCLTEXT002431_front,back,back,True
FRCLTEXT002431_left,right,right,True
FRCLTEXT002431_back,front,front,True
FRCLTEXT002431_right,left,left,True
FRCLTEXT002432_front,front,front,True
FRCLTEXT002432_left,left,left,True
FRCLTEXT002432_back,back,back,True
FRCLTEXT002432_right,right,left,False
FRCLTEXT002433_front,right,right,True
FRCLTEXT002433_left,right,back,False
FRCLTEXT002433_back,right,right,True
FRCLTEXT002433_right,right,front,False
FRCLTEXT002434,front,front,True
FRCLTEXT002435,left,left,True
FRCLTEXT002436,left,left,True
FRCLTEXT002437,front,front,True
FRCLTEXT002438_front,right,left,False
FRCLTEXT002438_left,front,front,True
FRCLTEXT002438_back,left,right,False
FRCLTEXT002438_right,back,left,False
FRCLTEXT002439,left,left,True
FRCLTEXT002440_front,right,right,True
FRCLTEXT002440_left,right,back,False
FRCLTEXT002440_back,right,right,True
FRCLTEXT002440_right,right,back,False
FRCLTEXT002441_front,right,right,True
FRCLTEXT002441_left,right,right,True
FRCLTEXT002441_back,right,left,False
FRCLTEXT002441_right,right,front,False
FRCLTEXT002442_front,back,back,True
FRCLTEXT002442_left,back,right,False
FRCLTEXT002442_back,back,back,True
FRCLTEXT002442_right,back,left,False
FRCLTEXT002443_front,left,right,False
FRCLTEXT002443_left,back,right,False
FRCLTEXT002443_back,right,left,False
FRCLTEXT002443_right,front,right,False
FRCLTEXT002444_front,front,front,True
FRCLTEXT002444_left,front,right,False
FRCLTEXT002444_back,front,back,False
FRCLTEXT002444_right,front,left,False
FRCLTEXT002445_front,back,back,True
FRCLTEXT002445_left,right,right,True
FRCLTEXT002445_back,front,front,True
FRCLTEXT002445_right,left,left,True
FRCLTEXT002446,back,back,True
FRCLTEXT002447_front,front,front,True
FRCLTEXT002447_left,left,right,False
FRCLTEXT002447_back,back,back,True
FRCLTEXT002447_right,right,left,False
FRCLTEXT002448_front,left,right,False
FRCLTEXT002448_left,back,right,False
FRCLTEXT002448_back,right,left,False
FRCLTEXT002448_right,front,right,False
FRCLTEXT002449_front,left,left,True
FRCLTEXT002449_left,left,front,False
FRCLTEXT002449_back,left,right,False
FRCLTEXT002449_right,left,left,True
FRCLTEXT002450_front,right,right,True
FRCLTEXT002450_left,right,back,False
FRCLTEXT002450_back,right,front,False
FRCLTEXT002450_right,right,right,True
FRCLTEXT002451_front,right,right,True
FRCLTEXT002451_left,right,right,True
FRCLTEXT002451_back,right,right,True
FRCLTEXT002451_right,right,right,True
FRCLTEXT002452_front,front,front,True
FRCLTEXT002452_left,front,front,True
FRCLTEXT002452_back,front,back,False
FRCLTEXT002452_right,front,left,False
FRCLTEXT002453_front,back,back,True
FRCLTEXT002453_left,right,right,True
FRCLTEXT002453_back,front,back,False
FRCLTEXT002453_right,left,left,True
FRCLTEXT002454_front,left,left,True
FRCLTEXT002454_left,left,front,False
FRCLTEXT002454_back,left,left,True
FRCLTEXT002454_right,left,back,False
FRCLTEXT002455_front,right,left,False
FRCLTEXT002455_left,right,back,False
FRCLTEXT002455_back,right,right,True
FRCLTEXT002455_right,right,front,False
FRCLTEXT002456_front,back,front,False
FRCLTEXT002456_left,back,right,False
FRCLTEXT002456_back,back,front,False
FRCLTEXT002456_right,back,left,False
FRCLTEXT002457_front,right,right,True
FRCLTEXT002457_left,right,back,False
FRCLTEXT002457_back,right,left,False
FRCLTEXT002457_right,right,back,False
FRCLTEXT002458_front,left,right,False
FRCLTEXT002458_left,back,left,False
FRCLTEXT002458_back,right,left,False
FRCLTEXT002458_right,front,right,False
FRCLTEXT002459_front,front,front,True
FRCLTEXT002459_left,left,right,False
FRCLTEXT002459_back,back,back,True
FRCLTEXT002459_right,right,left,False
FRCLTEXT002460_front,right,left,False
FRCLTEXT002460_left,front,front,True
FRCLTEXT002460_back,left,right,False
FRCLTEXT002460_right,back,front,False
FRCLTEXT002461,front,front,True
FRCLTEXT002462_front,right,left,False
FRCLTEXT002462_left,front,front,True
FRCLTEXT002462_back,left,right,False
FRCLTEXT002462_right,back,front,False
FRCLTEXT002463_front,front,front,True
FRCLTEXT002463_left,left,left,True
FRCLTEXT002463_back,back,back,True
FRCLTEXT002463_right,right,left,False
FRCLTEXT002464_front,left,right,False
FRCLTEXT002464_left,back,right,False
FRCLTEXT002464_back,right,back,False
FRCLTEXT002464_right,front,right,False
FRCLTEXT002465_front,front,front,True
FRCLTEXT002465_left,front,right,False
FRCLTEXT002465_back,front,back,False
FRCLTEXT002465_right,front,right,False
FRCLTEXT002466,back,back,True
FRCLTEXT002467_front,left,right,False
FRCLTEXT002467_left,back,right,False
FRCLTEXT002467_back,right,left,False
FRCLTEXT002467_right,front,front,True
FRCLTEXT002468_front,right,left,False
FRCLTEXT002468_left,front,left,False
FRCLTEXT002468_back,left,right,False
FRCLTEXT002468_right,back,left,False
FRCLTEXT002469_front,front,front,True
FRCLTEXT002469_left,left,right,False
FRCLTEXT002469_back,back,back,True
FRCLTEXT002469_right,right,left,False
FRCLTEXT002470_front,left,left,True
FRCLTEXT002470_left,left,front,False
FRCLTEXT002470_back,left,right,False
FRCLTEXT002470_right,left,left,True
FRCLTEXT002471_front,left,left,True
FRCLTEXT002471_left,left,left,True
FRCLTEXT002471_back,left,left,True
FRCLTEXT002471_right,left,left,True
FRCLTEXT002472_front,left,left,True
FRCLTEXT002472_left,left,front,False
FRCLTEXT002472_back,left,left,True
FRCLTEXT002472_right,left,left,True
FRCLTEXT002473_front,right,left,False
FRCLTEXT002473_left,front,left,False
FRCLTEXT002473_back,left,right,False
FRCLTEXT002473_right,back,left,False
FRCLTEXT002474_front,right,right,True
FRCLTEXT002474_left,right,back,False
FRCLTEXT002474_back,right,right,True
FRCLTEXT002474_right,right,front,False
FRCLTEXT002475,right,right,True
FRCLTEXT002476_front,front,front,True
FRCLTEXT002476_left,front,front,True
FRCLTEXT002476_back,front,back,False
FRCLTEXT002476_right,front,front,True
FRCLTEXT002477_front,front,back,False
FRCLTEXT002477_left,front,front,True
FRCLTEXT002477_back,front,back,False
FRCLTEXT002477_right,front,left,False
FRCLTEXT002478_front,back,back,True
FRCLTEXT002478_left,right,right,True
FRCLTEXT002478_back,front,front,True
FRCLTEXT002478_right,left,left,True
FRCLTEXT002479,right,right,True
FRCLTEXT002480_front,right,left,False
FRCLTEXT002480_left,front,front,True
FRCLTEXT002480_back,left,front,False
FRCLTEXT002480_right,back,left,False
FRCLTEXT002481,front,front,True
FRCLTEXT002482_front,right,right,True
FRCLTEXT002482_left,right,right,True
FRCLTEXT002482_back,right,right,True
FRCLTEXT002482_right,right,front,False
FRCLTEXT002483_front,left,right,False
FRCLTEXT002483_left,back,right,False
FRCLTEXT002483_back,right,left,False
FRCLTEXT002483_right,front,front,True
FRCLTEXT002484_front,right,right,True
FRCLTEXT002484_left,right,right,True
FRCLTEXT002484_back,right,left,False
FRCLTEXT002484_right,right,front,False
FRCLTEXT002485_front,right,right,True
FRCLTEXT002485_left,right,right,True
FRCLTEXT002485_back,right,right,True
FRCLTEXT002485_right,right,right,True
FRCLTEXT002486_front,back,back,True
FRCLTEXT002486_left,back,back,True
FRCLTEXT002486_back,back,front,False
FRCLTEXT002486_right,back,back,True
FRCLTEXT002487,back,back,True
FRCLTEXT002488,left,left,True
FRCLTEXT002489,left,left,True
FRCLTEXT002490_front,back,back,True
FRCLTEXT002490_left,back,back,True
FRCLTEXT002490_back,back,front,False
FRCLTEXT002490_right,back,back,True
FRCLTEXT002491_front,front,back,False
FRCLTEXT002491_left,front,front,True
FRCLTEXT002491_back,front,front,True
FRCLTEXT002491_right,front,front,True
FRCLTEXT002492_front,front,front,True
FRCLTEXT002492_left,left,right,False
FRCLTEXT002492_back,back,back,True
FRCLTEXT002492_right,right,left,False
FRCLTEXT002493_front,back,back,True
FRCLTEXT002493_left,right,right,True
FRCLTEXT002493_back,front,front,True
FRCLTEXT002493_right,left,left,True
FRCLTEXT002494_front,right,right,True
FRCLTEXT002494_left,right,right,True
FRCLTEXT002494_back,right,front,False
FRCLTEXT002494_right,right,back,False
FRCLTEXT002495_front,right,left,False
FRCLTEXT002495_left,front,front,True
FRCLTEXT002495_back,left,right,False
FRCLTEXT002495_right,back,left,False
FRCLTEXT002496_front,back,back,True
FRCLTEXT002496_left,right,right,True
FRCLTEXT002496_back,front,back,False
FRCLTEXT002496_right,left,left,True
FRCLTEXT002497_front,right,left,False
FRCLTEXT002497_left,front,right,False
FRCLTEXT002497_back,left,right,False
FRCLTEXT002497_right,back,left,False
FRCLTEXT002498_front,front,front,True
FRCLTEXT002498_left,left,right,False
FRCLTEXT002498_back,back,back,True
FRCLTEXT002498_right,right,left,False
FRCLTEXT002499_front,right,left,False
FRCLTEXT002499_left,front,front,True
FRCLTEXT002499_back,left,right,False
FRCLTEXT002499_right,back,left,False
FRCLTEXT002500,right,right,True
FRCLTEXT002501_front,left,left,True
FRCLTEXT002501_left,left,front,False
FRCLTEXT002501_back,left,right,False
FRCLTEXT002501_right,left,left,True
FRCLTEXT002502_front,left,right,False
FRCLTEXT002502_left,back,left,False
FRCLTEXT002502_back,right,left,False
FRCLTEXT002502_right,front,right,False
FRCLTEXT002503_front,right,right,True
FRCLTEXT002503_left,right,back,False
FRCLTEXT002503_back,right,left,False
FRCLTEXT002503_right,right,right,True
FRCLTEXT002504_front,back,back,True
FRCLTEXT002504_left,right,right,True
FRCLTEXT002504_back,front,front,True
FRCLTEXT002504_right,left,left,True
FRCLTEXT002505_front,right,right,True
FRCLTEXT002505_left,right,right,True
FRCLTEXT002505_back,right,back,False
FRCLTEXT002505_right,right,right,True
FRCLTEXT002506_front,right,right,True
FRCLTEXT002506_left,right,right,True
FRCLTEXT002506_back,right,back,False
FRCLTEXT002506_right,right,right,True
FRCLTEXT002507_front,left,right,False
FRCLTEXT002507_left,back,right,False
FRCLTEXT002507_back,right,left,False
FRCLTEXT002507_right,front,right,False
FRCLTEXT002508_front,right,right,True
FRCLTEXT002508_left,right,right,True
FRCLTEXT002508_back,right,right,True
FRCLTEXT002508_right,right,front,False
FRCLTEXT002509_front,left,right,False
FRCLTEXT002509_left,back,right,False
FRCLTEXT002509_back,right,left,False
FRCLTEXT002509_right,front,right,False
FRCLTEXT002510_front,right,front,False
FRCLTEXT002510_left,right,front,False
FRCLTEXT002510_back,right,back,False
FRCLTEXT002510_right,right,front,False
FRCLTEXT002511_front,back,back,True
FRCLTEXT002511_left,right,right,True
FRCLTEXT002511_back,front,front,True
FRCLTEXT002511_right,left,left,True
FRCLTEXT002512,back,back,True
FRCLTEXT002513_front,right,right,True
FRCLTEXT002513_left,right,back,False
FRCLTEXT002513_back,right,right,True
FRCLTEXT002513_right,right,front,False
FRCLTEXT002514,front,front,True
FRCLTEXT002515,front,front,True
FRCLTEXT002516_front,front,front,True
FRCLTEXT002516_left,left,left,True
FRCLTEXT002516_back,back,back,True
FRCLTEXT002516_right,right,left,False
FRCLTEXT002517_front,back,back,True
FRCLTEXT002517_left,back,right,False
FRCLTEXT002517_back,back,front,False
FRCLTEXT002517_right,back,left,False
FRCLTEXT002518_front,front,front,True
FRCLTEXT002518_left,front,front,True
FRCLTEXT002518_back,front,back,False
FRCLTEXT002518_right,front,left,False
FRCLTEXT002519_front,right,left,False
FRCLTEXT002519_left,front,front,True
FRCLTEXT002519_back,left,right,False
FRCLTEXT002519_right,back,front,False
FRCLTEXT002520_front,left,right,False
FRCLTEXT002520_left,back,left,False
FRCLTEXT002520_back,right,left,False
FRCLTEXT002520_right,front,right,False
FRCLTEXT002521_front,left,right,False
FRCLTEXT002521_left,back,right,False
FRCLTEXT002521_back,right,front,False
FRCLTEXT002521_right,front,right,False
FRCLTEXT002522_front,back,back,True
FRCLTEXT002522_left,back,right,False
FRCLTEXT002522_back,back,front,False
FRCLTEXT002522_right,back,left,False
FRCLTEXT002523_front,right,right,True
FRCLTEXT002523_left,right,right,True
FRCLTEXT002523_back,right,right,True
FRCLTEXT002523_right,right,right,True
FRCLTEXT002524_front,back,back,True
FRCLTEXT002524_left,right,right,True
FRCLTEXT002524_back,front,front,True
FRCLTEXT002524_right,left,left,True
FRCLTEXT002525_front,left,right,False
FRCLTEXT002525_left,back,left,False
FRCLTEXT002525_back,right,left,False
FRCLTEXT002525_right,front,right,False
FRCLTEXT002526_front,left,left,True
FRCLTEXT002526_left,left,front,False
FRCLTEXT002526_back,left,left,True
FRCLTEXT002526_right,left,left,True
FRCLTEXT002527_front,right,left,False
FRCLTEXT002527_left,front,front,True
FRCLTEXT002527_back,left,right,False
FRCLTEXT002527_right,back,left,False
FRCLTEXT002528_front,front,front,True
FRCLTEXT002528_left,front,left,False
FRCLTEXT002528_back,front,front,True
FRCLTEXT002528_right,front,left,False
FRCLTEXT002529_front,front,back,False
FRCLTEXT002529_left,front,right,False
FRCLTEXT002529_back,front,back,False
FRCLTEXT002529_right,front,left,False
FRCLTEXT002530_front,left,left,True
FRCLTEXT002530_left,left,front,False
FRCLTEXT002530_back,left,right,False
FRCLTEXT002530_right,left,left,True
FRCLTEXT002531,left,left,True
FRCLTEXT002532,right,right,True
FRCLTEXT002533_front,right,right,True
FRCLTEXT002533_left,right,front,False
FRCLTEXT002533_back,right,back,False
FRCLTEXT002533_right,right,right,True
FRCLTEXT002534_front,back,back,True
FRCLTEXT002534_left,right,right,True
FRCLTEXT002534_back,front,front,True
FRCLTEXT002534_right,left,left,True
FRCLTEXT002535_front,left,left,True
FRCLTEXT002535_left,left,front,False
FRCLTEXT002535_back,left,left,True
FRCLTEXT002535_right,left,left,True
FRCLTEXT002536_front,right,left,False
FRCLTEXT002536_left,front,front,True
FRCLTEXT002536_back,left,right,False
FRCLTEXT002536_right,back,front,False
FRCLTEXT002537_front,back,back,True
FRCLTEXT002537_left,back,right,False
FRCLTEXT002537_back,back,front,False
FRCLTEXT002537_right,back,left,False
FRCLTEXT002538_front,left,right,False
FRCLTEXT002538_left,back,right,False
FRCLTEXT002538_back,right,left,False
FRCLTEXT002538_right,front,front,True
FRCLTEXT002539_front,back,back,True
FRCLTEXT002539_left,back,back,True
FRCLTEXT002539_back,back,front,False
FRCLTEXT002539_right,back,left,False
FRCLTEXT002540,back,back,True
FRCLTEXT002541_front,right,left,False
FRCLTEXT002541_left,front,front,True
FRCLTEXT002541_back,left,front,False
FRCLTEXT002541_right,back,left,False
FRCLTEXT002542_front,right,left,False
FRCLTEXT002542_left,front,front,True
FRCLTEXT002542_back,left,right,False
FRCLTEXT002542_right,back,left,False
FRCLTEXT002543_front,back,back,True
FRCLTEXT002543_left,back,back,True
FRCLTEXT002543_back,back,front,False
FRCLTEXT002543_right,back,back,True
FRCLTEXT002544_front,left,right,False
FRCLTEXT002544_left,back,right,False
FRCLTEXT002544_back,right,front,False
FRCLTEXT002544_right,front,right,False
FRCLTEXT002545_front,right,left,False
FRCLTEXT002545_left,front,front,True
FRCLTEXT002545_back,left,right,False
FRCLTEXT002545_right,back,left,False
FRCLTEXT002546_front,left,right,False
FRCLTEXT002546_left,back,right,False
FRCLTEXT002546_back,right,left,False
FRCLTEXT002546_right,front,right,False
FRCLTEXT002547_front,left,right,False
FRCLTEXT002547_left,back,right,False
FRCLTEXT002547_back,right,left,False
FRCLTEXT002547_right,front,right,False
FRCLTEXT002548_front,left,left,True
FRCLTEXT002548_left,left,front,False
FRCLTEXT002548_back,left,right,False
FRCLTEXT002548_right,left,left,True
FRCLTEXT002549_front,back,back,True
FRCLTEXT002549_left,right,right,True
FRCLTEXT002549_back,front,front,True
FRCLTEXT002549_right,left,left,True
FRCLTEXT002550_front,front,front,True
FRCLTEXT002550_left,left,right,False
FRCLTEXT002550_back,back,back,True
FRCLTEXT002550_right,right,left,False
FRCLTEXT002551_front,right,left,False
FRCLTEXT002551_left,front,left,False
FRCLTEXT002551_back,left,right,False
FRCLTEXT002551_right,back,left,False
FRCLTEXT002552_front,back,back,True
FRCLTEXT002552_left,right,right,True
FRCLTEXT002552_back,front,front,True
FRCLTEXT002552_right,left,left,True
FRCLTEXT002553,front,front,True
FRCLTEXT002554,front,front,True
FRCLTEXT002555_front,back,back,True
FRCLTEXT002555_left,right,right,True
FRCLTEXT002555_back,front,front,True
FRCLTEXT002555_right,left,left,True
FRCLTEXT002556,back,back,True
FRCLTEXT002557_front,back,back,True
FRCLTEXT002557_left,right,right,True
FRCLTEXT002557_back,front,front,True
FRCLTEXT002557_right,left,left,True
FRCLTEXT002558_front,right,left,False
FRCLTEXT002558_left,front,left,False
FRCLTEXT002558_back,left,right,False
FRCLTEXT002558_right,back,left,False
FRCLTEXT002559_front,back,back,True
FRCLTEXT002559_left,back,back,True
FRCLTEXT002559_back,back,front,False
FRCLTEXT002559_right,back,left,False
FRCLTEXT002560_front,left,left,True
FRCLTEXT002560_left,left,front,False
FRCLTEXT002560_back,left,left,True
FRCLTEXT002560_right,left,left,True
FRCLTEXT002561_front,front,front,True
FRCLTEXT002561_left,left,right,False
FRCLTEXT002561_back,back,back,True
FRCLTEXT002561_right,right,left,False
FRCLTEXT002562_front,left,right,False
FRCLTEXT002562_left,back,right,False
FRCLTEXT002562_back,right,left,False
FRCLTEXT002562_right,front,right,False
FRCLTEXT002563_front,left,left,True
FRCLTEXT002563_left,left,front,False
FRCLTEXT002563_back,left,left,True
FRCLTEXT002563_right,left,left,True
FRCLTEXT002564_front,left,right,False
FRCLTEXT002564_left,back,right,False
FRCLTEXT002564_back,right,left,False
FRCLTEXT002564_right,front,right,False
FRCLTEXT002565,right,right,True
FRCLTEXT002566_front,right,left,False
FRCLTEXT002566_left,front,right,False
FRCLTEXT002566_back,left,right,False
FRCLTEXT002566_right,back,left,False
FRCLTEXT002567,left,left,True
FRCLTEXT002568,front,front,True
FRCLTEXT002569_front,left,left,True
FRCLTEXT002569_left,left,front,False
FRCLTEXT002569_back,left,right,False
FRCLTEXT002569_right,left,back,False
FRCLTEXT002570_front,right,right,True
FRCLTEXT002570_left,right,right,True
FRCLTEXT002570_back,right,right,True
FRCLTEXT002570_right,right,front,False
FRCLTEXT002571_front,front,front,True
FRCLTEXT002571_left,left,left,True
FRCLTEXT002571_back,back,back,True
FRCLTEXT002571_right,right,left,False
FRCLTEXT002572_front,front,front,True
FRCLTEXT002572_left,left,right,False
FRCLTEXT002572_back,back,back,True
FRCLTEXT002572_right,right,left,False
FRCLTEXT002573_front,right,left,False
FRCLTEXT002573_left,front,front,True
FRCLTEXT002573_back,left,right,False
FRCLTEXT002573_right,back,front,False
FRCLTEXT002574_front,left,left,True
FRCLTEXT002574_left,left,front,False
FRCLTEXT002574_back,left,right,False
FRCLTEXT002574_right,left,left,True
FRCLTEXT002575_front,back,back,True
FRCLTEXT002575_left,back,right,False
FRCLTEXT002575_back,back,front,False
FRCLTEXT002575_right,back,left,False
FRCLTEXT002576_front,back,back,True
FRCLTEXT002576_left,back,back,True
FRCLTEXT002576_back,back,back,True
FRCLTEXT002576_right,back,left,False
FRCLTEXT002577_front,back,back,True
FRCLTEXT002577_left,back,right,False
FRCLTEXT002577_back,back,front,False
FRCLTEXT002577_right,back,back,True
FRCLTEXT002578,right,right,True
FRCLTEXT002579_front,left,right,False
FRCLTEXT002579_left,left,front,False
FRCLTEXT002579_back,left,left,True
FRCLTEXT002579_right,left,left,True
FRCLTEXT002580_front,back,back,True
FRCLTEXT002580_left,right,right,True
FRCLTEXT002580_back,front,front,True
FRCLTEXT002580_right,left,left,True
FRCLTEXT002581_front,right,right,True
FRCLTEXT002581_left,right,right,True
FRCLTEXT002581_back,right,right,True
FRCLTEXT002581_right,right,front,False
FRCLTEXT002582_front,left,right,False
FRCLTEXT002582_left,back,right,False
FRCLTEXT002582_back,right,left,False
FRCLTEXT002582_right,front,front,True
FRCLTEXT002583_front,front,front,True
FRCLTEXT002583_left,front,right,False
FRCLTEXT002583_back,front,back,False
FRCLTEXT002583_right,front,front,True
FRCLTEXT002584_front,left,left,True
FRCLTEXT002584_left,left,front,False
FRCLTEXT002584_back,left,left,True
FRCLTEXT002584_right,left,left,True
FRCLTEXT002585_front,right,right,True
FRCLTEXT002585_left,right,right,True
FRCLTEXT002585_back,right,right,True
FRCLTEXT002585_right,right,front,False
FRCLTEXT002586,left,left,True
FRCLTEXT002587_front,front,front,True
FRCLTEXT002587_left,left,right,False
FRCLTEXT002587_back,back,back,True
FRCLTEXT002587_right,right,left,False
FRCLTEXT002588_front,right,right,True
FRCLTEXT002588_left,right,right,True
FRCLTEXT002588_back,right,left,False
FRCLTEXT002588_right,right,front,False
FRCLTEXT002589_front,front,front,True
FRCLTEXT002589_left,front,right,False
FRCLTEXT002589_back,front,back,False
FRCLTEXT002589_right,front,left,False
FRCLTEXT002590_front,left,left,True
FRCLTEXT002590_left,left,front,False
FRCLTEXT002590_back,left,right,False
FRCLTEXT002590_right,left,left,True
FRCLTEXT002591_front,back,back,True
FRCLTEXT002591_left,right,right,True
FRCLTEXT002591_back,front,front,True
FRCLTEXT002591_right,left,left,True
FRCLTEXT002592_front,front,front,True
FRCLTEXT002592_left,left,right,False
FRCLTEXT002592_back,back,back,True
FRCLTEXT002592_right,right,left,False
FRCLTEXT002593_front,right,right,True
FRCLTEXT002593_left,right,back,False
FRCLTEXT002593_back,right,right,True
FRCLTEXT002593_right,right,back,False
FRCLTEXT002594,left,right,False
FRCLTEXT002595,back,back,True
FRCLTEXT002596,front,front,True
FRCLTEXT002597_front,back,back,True
FRCLTEXT002597_left,right,right,True
FRCLTEXT002597_back,front,front,True
FRCLTEXT002597_right,left,left,True
FRCLTEXT002598_front,back,back,True
FRCLTEXT002598_left,right,right,True
FRCLTEXT002598_back,front,front,True
FRCLTEXT002598_right,left,left,True
FRCLTEXT002599_front,front,front,True
FRCLTEXT002599_left,front,front,True
FRCLTEXT002599_back,front,back,False
FRCLTEXT002599_right,front,front,True
FRCLTEXT002600_front,back,back,True
FRCLTEXT002600_left,back,back,True
FRCLTEXT002600_back,back,back,True
FRCLTEXT002600_right,back,left,False
FRCLTEXT002601_front,right,left,False
FRCLTEXT002601_left,front,front,True
FRCLTEXT002601_back,left,front,False
FRCLTEXT002601_right,back,left,False
FRCLTEXT002602_front,front,front,True
FRCLTEXT002602_left,left,right,False
FRCLTEXT002602_back,back,back,True
FRCLTEXT002602_right,right,left,False
FRCLTEXT002603,left,left,True
FRCLTEXT002604_front,back,back,True
FRCLTEXT002604_left,back,right,False
FRCLTEXT002604_back,back,back,True
FRCLTEXT002604_right,back,left,False
FRCLTEXT002605_front,front,front,True
FRCLTEXT002605_left,left,right,False
FRCLTEXT002605_back,back,back,True
FRCLTEXT002605_right,right,left,False
FRCLTEXT002606_front,front,back,False
FRCLTEXT002606_left,left,right,False
FRCLTEXT002606_back,back,back,True
FRCLTEXT002606_right,right,left,False
FRCLTEXT002607_front,back,back,True
FRCLTEXT002607_left,back,right,False
FRCLTEXT002607_back,back,front,False
FRCLTEXT002607_right,back,back,True
FRCLTEXT002608_front,right,left,False
FRCLTEXT002608_left,front,front,True
FRCLTEXT002608_back,left,right,False
FRCLTEXT002608_right,back,left,False
FRCLTEXT002609_front,right,left,False
FRCLTEXT002609_left,front,front,True
FRCLTEXT002609_back,left,right,False
FRCLTEXT002609_right,back,left,False
FRCLTEXT002610,front,front,True
FRCLTEXT002611,left,left,True
FRCLTEXT002612_front,back,back,True
FRCLTEXT002612_left,back,back,True
FRCLTEXT002612_back,back,back,True
FRCLTEXT002612_right,back,left,False
FRCLTEXT002613_front,front,front,True
FRCLTEXT002613_left,front,left,False
FRCLTEXT002613_back,front,back,False
FRCLTEXT002613_right,front,front,True
FRCLTEXT002614_front,left,left,True
FRCLTEXT002614_left,left,right,False
FRCLTEXT002614_back,left,right,False
FRCLTEXT002614_right,left,left,True
FRCLTEXT002615_front,front,front,True
FRCLTEXT002615_left,front,front,True
FRCLTEXT002615_back,front,back,False
FRCLTEXT002615_right,front,left,False
FRCLTEXT002616_front,right,right,True
FRCLTEXT002616_left,right,right,True
FRCLTEXT002616_back,right,right,True
FRCLTEXT002616_right,right,front,False
FRCLTEXT002617,left,left,True
FRCLTEXT002618_front,left,right,False
FRCLTEXT002618_left,back,left,False
FRCLTEXT002618_back,right,left,False
FRCLTEXT002618_right,front,right,False
FRCLTEXT002619_front,front,front,True
FRCLTEXT002619_left,front,left,False
FRCLTEXT002619_back,front,back,False
FRCLTEXT002619_right,front,right,False
FRCLTEXT002620,front,front,True
FRCLTEXT002621,front,right,False
FRCLTEXT002622_front,back,back,True
FRCLTEXT002622_left,right,right,True
FRCLTEXT002622_back,front,front,True
FRCLTEXT002622_right,left,left,True
FRCLTEXT002623_front,back,back,True
FRCLTEXT002623_left,back,right,False
FRCLTEXT002623_back,back,back,True
FRCLTEXT002623_right,back,back,True
FRCLTEXT002624_front,right,left,False
FRCLTEXT002624_left,front,front,True
FRCLTEXT002624_back,left,front,False
FRCLTEXT002624_right,back,left,False
FRCLTEXT002625_front,left,left,True
FRCLTEXT002625_left,left,front,False
FRCLTEXT002625_back,left,right,False
FRCLTEXT002625_right,left,left,True
FRCLTEXT002626,front,front,True
FRCLTEXT002627_front,right,right,True
FRCLTEXT002627_left,right,back,False
FRCLTEXT002627_back,right,right,True
FRCLTEXT002627_right,right,back,False
FRCLTEXT002628_front,front,front,True
FRCLTEXT002628_left,left,right,False
FRCLTEXT002628_back,back,back,True
FRCLTEXT002628_right,right,left,False
FRCLTEXT002629_front,left,right,False
FRCLTEXT002629_left,back,right,False
FRCLTEXT002629_back,right,left,False
FRCLTEXT002629_right,front,right,False
FRCLTEXT002630,right,right,True
FRCLTEXT002631_front,front,front,True
FRCLTEXT002631_left,front,front,True
FRCLTEXT002631_back,front,back,False
FRCLTEXT002631_right,front,front,True
FRCLTEXT002632_front,right,left,False
FRCLTEXT002632_left,front,left,False
FRCLTEXT002632_back,left,right,False
FRCLTEXT002632_right,back,left,False
FRCLTEXT002633_front,left,left,True
FRCLTEXT002633_left,left,front,False
FRCLTEXT002633_back,left,left,True
FRCLTEXT002633_right,left,left,True
FRCLTEXT002634_front,right,right,True
FRCLTEXT002634_left,right,right,True
FRCLTEXT002634_back,right,right,True
FRCLTEXT002634_right,right,front,False
FRCLTEXT002635_front,left,left,True
FRCLTEXT002635_left,left,left,True
FRCLTEXT002635_back,left,left,True
FRCLTEXT002635_right,left,left,True
FRCLTEXT002636_front,back,back,True
FRCLTEXT002636_left,back,right,False
FRCLTEXT002636_back,back,front,False
FRCLTEXT002636_right,back,back,True
FRCLTEXT002637,left,left,True
FRCLTEXT002638_front,right,right,True
FRCLTEXT002638_left,right,right,True
FRCLTEXT002638_back,right,left,False
FRCLTEXT002638_right,right,right,True
FRCLTEXT002639_front,front,front,True
FRCLTEXT002639_left,left,left,True
FRCLTEXT002639_back,back,back,True
FRCLTEXT002639_right,right,left,False
FRCLTEXT002640_front,left,left,True
FRCLTEXT002640_left,left,front,False
FRCLTEXT002640_back,left,right,False
FRCLTEXT002640_right,left,left,True
FRCLTEXT002641_front,right,left,False
FRCLTEXT002641_left,front,left,False
FRCLTEXT002641_back,left,right,False
FRCLTEXT002641_right,back,left,False
FRCLTEXT002642_front,right,right,True
FRCLTEXT002642_left,right,right,True
FRCLTEXT002642_back,right,left,False
FRCLTEXT002642_right,right,right,True
FRCLTEXT002643_front,left,left,True
FRCLTEXT002643_left,left,front,False
FRCLTEXT002643_back,left,left,True
FRCLTEXT002643_right,left,left,True
FRCLTEXT002644,right,right,True
FRCLTEXT002645_front,right,right,True
FRCLTEXT002645_left,right,right,True
FRCLTEXT002645_back,right,back,False
FRCLTEXT002645_right,right,right,True
FRCLTEXT002646_front,left,left,True
FRCLTEXT002646_left,left,front,False
FRCLTEXT002646_back,left,left,True
FRCLTEXT002646_right,left,left,True
FRCLTEXT002647_front,right,right,True
FRCLTEXT002647_left,right,right,True
FRCLTEXT002647_back,right,front,False
FRCLTEXT002647_right,right,back,False
FRCLTEXT002648_front,back,back,True
FRCLTEXT002648_left,right,right,True
FRCLTEXT002648_back,front,front,True
FRCLTEXT002648_right,left,left,True
FRCLTEXT002649_front,front,back,False
FRCLTEXT002649_left,front,front,True
FRCLTEXT002649_back,front,back,False
FRCLTEXT002649_right,front,front,True
FRCLTEXT002650_front,front,back,False
FRCLTEXT002650_left,front,right,False
FRCLTEXT002650_back,front,back,False
FRCLTEXT002650_right,front,left,False
FRCLTEXT002651_front,left,right,False
FRCLTEXT002651_left,back,left,False
FRCLTEXT002651_back,right,left,False
FRCLTEXT002651_right,front,right,False
FRCLTEXT002652,left,left,True
FRCLTEXT002653,back,back,True
FRCLTEXT002654_front,right,right,True
FRCLTEXT002654_left,right,right,True
FRCLTEXT002654_back,right,back,False
FRCLTEXT002654_right,right,front,False
FRCLTEXT002655_front,left,left,True
FRCLTEXT002655_left,left,front,False
FRCLTEXT002655_back,left,left,True
FRCLTEXT002655_right,left,left,True
FRCLTEXT002656,front,front,True
FRCLTEXT002657_front,back,back,True
FRCLTEXT002657_left,right,right,True
FRCLTEXT002657_back,front,front,True
FRCLTEXT002657_right,left,left,True
FRCLTEXT002658_front,front,front,True
FRCLTEXT002658_left,front,front,True
FRCLTEXT002658_back,front,back,False
FRCLTEXT002658_right,front,left,False
FRCLTEXT002659_front,back,back,True
FRCLTEXT002659_left,back,right,False
FRCLTEXT002659_back,back,front,False
FRCLTEXT002659_right,back,left,False
FRCLTEXT002660,back,back,True
FRCLTEXT002661_front,back,back,True
FRCLTEXT002661_left,right,right,True
FRCLTEXT002661_back,front,front,True
FRCLTEXT002661_right,left,left,True
FRCLTEXT002662_front,right,right,True
FRCLTEXT002662_left,right,right,True
FRCLTEXT002662_back,right,left,False
FRCLTEXT002662_right,right,right,True
FRCLTEXT002663_front,left,left,True
FRCLTEXT002663_left,left,front,False
FRCLTEXT002663_back,left,left,True
FRCLTEXT002663_right,left,left,True
FRCLTEXT002664_front,left,right,False
FRCLTEXT002664_left,back,right,False
FRCLTEXT002664_back,right,left,False
FRCLTEXT002664_right,front,front,True
FRCLTEXT002665,left,left,True
FRCLTEXT002666_front,left,left,True
FRCLTEXT002666_left,left,right,False
FRCLTEXT002666_back,left,left,True
FRCLTEXT002666_right,left,left,True
FRCLTEXT002667_front,front,front,True
FRCLTEXT002667_left,left,left,True
FRCLTEXT002667_back,back,back,True
FRCLTEXT002667_right,right,left,False
FRCLTEXT002668,right,right,True
FRCLTEXT002669_front,right,left,False
FRCLTEXT002669_left,front,left,False
FRCLTEXT002669_back,left,right,False
FRCLTEXT002669_right,back,left,False
FRCLTEXT002670_front,right,left,False
FRCLTEXT002670_left,front,front,True
FRCLTEXT002670_back,left,right,False
FRCLTEXT002670_right,back,left,False
FRCLTEXT002671_front,back,back,True
FRCLTEXT002671_left,right,right,True
FRCLTEXT002671_back,front,front,True
FRCLTEXT002671_right,left,left,True
FRCLTEXT002672_front,right,right,True
FRCLTEXT002672_left,right,right,True
FRCLTEXT002672_back,right,right,True
FRCLTEXT002672_right,right,right,True
FRCLTEXT002673,right,right,True
FRCLTEXT002674_front,left,right,False
FRCLTEXT002674_left,back,right,False
FRCLTEXT002674_back,right,left,False
FRCLTEXT002674_right,front,right,False
FRCLTEXT002675,back,back,True
FRCLTEXT002676_front,front,front,True
FRCLTEXT002676_left,left,right,False
FRCLTEXT002676_back,back,back,True
FRCLTEXT002676_right,right,left,False
FRCLTEXT002677_front,right,front,False
FRCLTEXT002677_left,right,back,False
FRCLTEXT002677_back,right,right,True
FRCLTEXT002677_right,right,right,True
FRCLTEXT002678_front,front,front,True
FRCLTEXT002678_left,front,right,False
FRCLTEXT002678_back,front,back,False
FRCLTEXT002678_right,front,left,False
FRCLTEXT002679,back,back,True
FRCLTEXT002680_front,front,front,True
FRCLTEXT002680_left,left,right,False
FRCLTEXT002680_back,back,back,True
FRCLTEXT002680_right,right,left,False
FRCLTEXT002681,right,right,True
FRCLTEXT002682_front,front,front,True
FRCLTEXT002682_left,left,right,False
FRCLTEXT002682_back,back,back,True
FRCLTEXT002682_right,right,left,False
FRCLTEXT002683_front,right,right,True
FRCLTEXT002683_left,right,right,True
FRCLTEXT002683_back,right,left,False
FRCLTEXT002683_right,right,right,True
FRCLTEXT002684_front,right,left,False
FRCLTEXT002684_left,front,right,False
FRCLTEXT002684_back,left,right,False
FRCLTEXT002684_right,back,left,False
FRCLTEXT002685_front,front,front,True
FRCLTEXT002685_left,left,right,False
FRCLTEXT002685_back,back,back,True
FRCLTEXT002685_right,right,left,False
FRCLTEXT002686_front,front,front,True
FRCLTEXT002686_left,front,left,False
FRCLTEXT002686_back,front,back,False
FRCLTEXT002686_right,front,right,False
FRCLTEXT002687_front,right,right,True
FRCLTEXT002687_left,right,back,False
FRCLTEXT002687_back,right,right,True
FRCLTEXT002687_right,right,front,False
FRCLTEXT002688,front,front,True
FRCLTEXT002689,left,left,True
FRCLTEXT002690_front,right,right,True
FRCLTEXT002690_left,right,left,False
FRCLTEXT002690_back,right,right,True
FRCLTEXT002690_right,right,front,False
FRCLTEXT002691_front,front,front,True
FRCLTEXT002691_left,front,right,False
FRCLTEXT002691_back,front,front,True
FRCLTEXT002691_right,front,left,False
FRCLTEXT002692_front,right,right,True
FRCLTEXT002692_left,right,right,True
FRCLTEXT002692_back,right,left,False
FRCLTEXT002692_right,right,front,False
FRCLTEXT002693_front,left,left,True
FRCLTEXT002693_left,left,front,False
FRCLTEXT002693_back,left,left,True
FRCLTEXT002693_right,left,left,True
FRCLTEXT002694_front,back,back,True
FRCLTEXT002694_left,back,right,False
FRCLTEXT002694_back,back,front,False
FRCLTEXT002694_right,back,left,False
FRCLTEXT002695_front,right,left,False
FRCLTEXT002695_left,front,front,True
FRCLTEXT002695_back,left,right,False
FRCLTEXT002695_right,back,left,False
FRCLTEXT002696_front,right,right,True
FRCLTEXT002696_left,right,right,True
FRCLTEXT002696_back,right,left,False
FRCLTEXT002696_right,right,right,True
FRCLTEXT002697_front,back,back,True
FRCLTEXT002697_left,right,right,True
FRCLTEXT002697_back,front,front,True
FRCLTEXT002697_right,left,left,True
FRCLTEXT002698_front,back,back,True
FRCLTEXT002698_left,right,right,True
FRCLTEXT002698_back,front,front,True
FRCLTEXT002698_right,left,left,True
FRCLTEXT002699_front,right,left,False
FRCLTEXT002699_left,front,front,True
FRCLTEXT002699_back,left,right,False
FRCLTEXT002699_right,back,left,False
FRCLTEXT002700_front,back,back,True
FRCLTEXT002700_left,back,right,False
FRCLTEXT002700_back,back,front,False
FRCLTEXT002700_right,back,left,False
FRCLTEXT002701_front,front,front,True
FRCLTEXT002701_left,left,right,False
FRCLTEXT002701_back,back,back,True
FRCLTEXT002701_right,right,right,True
FRCLTEXT002702,front,front,True
FRCLTEXT002703,back,back,True
FRCLTEXT002704_front,back,back,True
FRCLTEXT002704_left,back,right,False
FRCLTEXT002704_back,back,front,False
FRCLTEXT002704_right,back,left,False
FRCLTEXT002705,right,right,True
FRCLTEXT002706_front,front,front,True
FRCLTEXT002706_left,front,left,False
FRCLTEXT002706_back,front,back,False
FRCLTEXT002706_right,front,left,False
FRCLTEXT002707_front,right,left,False
FRCLTEXT002707_left,front,front,True
FRCLTEXT002707_back,left,right,False
FRCLTEXT002707_right,back,left,False
FRCLTEXT002708_front,left,left,True
FRCLTEXT002708_left,left,front,False
FRCLTEXT002708_back,left,right,False
FRCLTEXT002708_right,left,left,True
FRCLTEXT002709_front,right,left,False
FRCLTEXT002709_left,front,front,True
FRCLTEXT002709_back,left,right,False
FRCLTEXT002709_right,back,left,False
FRCLTEXT002710,front,front,True
FRCLTEXT002711_front,back,back,True
FRCLTEXT002711_left,back,right,False
FRCLTEXT002711_back,back,front,False
FRCLTEXT002711_right,back,left,False
FRCLTEXT002712_front,left,right,False
FRCLTEXT002712_left,back,right,False
FRCLTEXT002712_back,right,left,False
FRCLTEXT002712_right,front,right,False
FRCLTEXT002713,right,right,True
FRCLTEXT002714_front,front,front,True
FRCLTEXT002714_left,left,right,False
FRCLTEXT002714_back,back,back,True
FRCLTEXT002714_right,right,left,False
FRCLTEXT002715_front,front,front,True
FRCLTEXT002715_left,front,front,True
FRCLTEXT002715_back,front,back,False
FRCLTEXT002715_right,front,front,True
FRCLTEXT002716,front,front,True
FRCLTEXT002717_front,right,right,True
FRCLTEXT002717_left,right,right,True
FRCLTEXT002717_back,right,right,True
FRCLTEXT002717_right,right,right,True
FRCLTEXT002718_front,right,right,True
FRCLTEXT002718_left,right,back,False
FRCLTEXT002718_back,right,back,False
FRCLTEXT002718_right,right,right,True
FRCLTEXT002719,left,left,True
FRCLTEXT002720_front,back,back,True
FRCLTEXT002720_left,right,right,True
FRCLTEXT002720_back,front,front,True
FRCLTEXT002720_right,left,left,True
FRCLTEXT002721_front,front,back,False
FRCLTEXT002721_left,front,left,False
FRCLTEXT002721_back,front,back,False
FRCLTEXT002721_right,front,left,False
FRCLTEXT002722,back,back,True
FRCLTEXT002723_front,left,left,True
FRCLTEXT002723_left,left,front,False
FRCLTEXT002723_back,left,left,True
FRCLTEXT002723_right,left,back,False
FRCLTEXT002724,right,right,True
FRCLTEXT002725_front,back,back,True
FRCLTEXT002725_left,back,right,False
FRCLTEXT002725_back,back,front,False
FRCLTEXT002725_right,back,left,False
FRCLTEXT002726_front,back,back,True
FRCLTEXT002726_left,right,right,True
FRCLTEXT002726_back,front,front,True
FRCLTEXT002726_right,left,left,True
FRCLTEXT002727,left,left,True
FRCLTEXT002728_front,front,front,True
FRCLTEXT002728_left,left,right,False
FRCLTEXT002728_back,back,back,True
FRCLTEXT002728_right,right,left,False
FRCLTEXT002729_front,back,back,True
FRCLTEXT002729_left,back,back,True
FRCLTEXT002729_back,back,back,True
FRCLTEXT002729_right,back,left,False
FRCLTEXT002730_front,front,front,True
FRCLTEXT002730_left,front,front,True
FRCLTEXT002730_back,front,back,False
FRCLTEXT002730_right,front,front,True
FRCLTEXT002731_front,right,left,False
FRCLTEXT002731_left,front,front,True
FRCLTEXT002731_back,left,right,False
FRCLTEXT002731_right,back,left,False
FRCLTEXT002732_front,front,front,True
FRCLTEXT002732_left,left,right,False
FRCLTEXT002732_back,back,back,True
FRCLTEXT002732_right,right,left,False
FRCLTEXT002733_front,left,left,True
FRCLTEXT002733_left,left,front,False
FRCLTEXT002733_back,left,left,True
FRCLTEXT002733_right,left,left,True
FRCLTEXT002734_front,left,right,False
FRCLTEXT002734_left,back,right,False
FRCLTEXT002734_back,right,left,False
FRCLTEXT002734_right,front,right,False
FRCLTEXT002735_front,left,left,True
FRCLTEXT002735_left,left,front,False
FRCLTEXT002735_back,left,left,True
FRCLTEXT002735_right,left,left,True
FRCLTEXT002736_front,left,right,False
FRCLTEXT002736_left,back,left,False
FRCLTEXT002736_back,right,left,False
FRCLTEXT002736_right,front,right,False
FRCLTEXT002737_front,back,back,True
FRCLTEXT002737_left,right,right,True
FRCLTEXT002737_back,front,front,True
FRCLTEXT002737_right,left,left,True
FRCLTEXT002738,front,front,True
FRCLTEXT002739_front,right,left,False
FRCLTEXT002739_left,front,front,True
FRCLTEXT002739_back,left,right,False
FRCLTEXT002739_right,back,left,False
FRCLTEXT002740_front,right,right,True
FRCLTEXT002740_left,right,right,True
FRCLTEXT002740_back,right,right,True
FRCLTEXT002740_right,right,front,False
FRCLTEXT002741,right,right,True
FRCLTEXT002742_front,right,right,True
FRCLTEXT002742_left,right,right,True
FRCLTEXT002742_back,right,right,True
FRCLTEXT002742_right,right,front,False
FRCLTEXT002743_front,front,front,True
FRCLTEXT002743_left,left,right,False
FRCLTEXT002743_back,back,back,True
FRCLTEXT002743_right,right,left,False
FRCLTEXT002744_front,right,left,False
FRCLTEXT002744_left,front,left,False
FRCLTEXT002744_back,left,right,False
FRCLTEXT002744_right,back,left,False
FRCLTEXT002745,right,right,True
FRCLTEXT002746_front,right,left,False
FRCLTEXT002746_left,front,front,True
FRCLTEXT002746_back,left,right,False
FRCLTEXT002746_right,back,left,False
FRCLTEXT002747,back,back,True
FRCLTEXT002748_front,right,right,True
FRCLTEXT002748_left,right,right,True
FRCLTEXT002748_back,right,back,False
FRCLTEXT002748_right,right,right,True
FRCLTEXT002749,front,front,True
FRCLTEXT002750,right,right,True
FRCLTEXT002751_front,left,left,True
FRCLTEXT002751_left,left,front,False
FRCLTEXT002751_back,left,left,True
FRCLTEXT002751_right,left,left,True
FRCLTEXT002752,back,back,True
FRCLTEXT002753_front,back,back,True
FRCLTEXT002753_left,back,back,True
FRCLTEXT002753_back,back,back,True
FRCLTEXT002753_right,back,back,True
FRCLTEXT002754_front,back,back,True
FRCLTEXT002754_left,right,right,True
FRCLTEXT002754_back,front,front,True
FRCLTEXT002754_right,left,left,True
FRCLTEXT002755_front,left,right,False
FRCLTEXT002755_left,back,right,False
FRCLTEXT002755_back,right,left,False
FRCLTEXT002755_right,front,front,True
FRCLTEXT002756_front,left,left,True
FRCLTEXT002756_left,left,front,False
FRCLTEXT002756_back,left,right,False
FRCLTEXT002756_right,left,left,True
FRCLTEXT002757_front,right,left,False
FRCLTEXT002757_left,front,front,True
FRCLTEXT002757_back,left,right,False
FRCLTEXT002757_right,back,left,False
FRCLTEXT002758_front,front,front,True
FRCLTEXT002758_left,front,left,False
FRCLTEXT002758_back,front,back,False
FRCLTEXT002758_right,front,right,False
FRCLTEXT002759_front,back,back,True
FRCLTEXT002759_left,right,right,True
FRCLTEXT002759_back,front,front,True
FRCLTEXT002759_right,left,left,True
FRCLTEXT002760_front,left,left,True
FRCLTEXT002760_left,left,front,False
FRCLTEXT002760_back,left,left,True
FRCLTEXT002760_right,left,left,True
FRCLTEXT002761_front,right,left,False
FRCLTEXT002761_left,front,left,False
FRCLTEXT002761_back,left,right,False
FRCLTEXT002761_right,back,left,False
FRCLTEXT002762,front,front,True
FRCLTEXT002763_front,back,back,True
FRCLTEXT002763_left,right,right,True
FRCLTEXT002763_back,front,front,True
FRCLTEXT002763_right,left,left,True
FRCLTEXT002764,right,right,True
FRCLTEXT002765_front,left,left,True
FRCLTEXT002765_left,left,front,False
FRCLTEXT002765_back,left,right,False
FRCLTEXT002765_right,left,left,True
FRCLTEXT002766_front,front,front,True
FRCLTEXT002766_left,left,left,True
FRCLTEXT002766_back,back,back,True
FRCLTEXT002766_right,right,left,False
FRCLTEXT002767_front,right,left,False
FRCLTEXT002767_left,front,front,True
FRCLTEXT002767_back,left,right,False
FRCLTEXT002767_right,back,left,False
FRCLTEXT002768_front,left,right,False
FRCLTEXT002768_left,back,right,False
FRCLTEXT002768_back,right,left,False
FRCLTEXT002768_right,front,front,True
FRCLTEXT002769,front,front,True
FRCLTEXT002770_front,back,back,True
FRCLTEXT002770_left,right,right,True
FRCLTEXT002770_back,front,front,True
FRCLTEXT002770_right,left,left,True
FRCLTEXT002771_front,right,left,False
FRCLTEXT002771_left,front,front,True
FRCLTEXT002771_back,left,right,False
FRCLTEXT002771_right,back,left,False
FRCLTEXT002772_front,left,right,False
FRCLTEXT002772_left,back,right,False
FRCLTEXT002772_back,right,left,False
FRCLTEXT002772_right,front,right,False
FRCLTEXT002773,front,front,True
FRCLTEXT002774_front,front,front,True
FRCLTEXT002774_left,left,right,False
FRCLTEXT002774_back,back,back,True
FRCLTEXT002774_right,right,left,False
FRCLTEXT002775_front,right,left,False
FRCLTEXT002775_left,front,left,False
FRCLTEXT002775_back,left,right,False
FRCLTEXT002775_right,back,left,False
FRCLTEXT002776_front,front,front,True
FRCLTEXT002776_left,left,right,False
FRCLTEXT002776_back,back,back,True
FRCLTEXT002776_right,right,left,False
FRCLTEXT002777,right,right,True
FRCLTEXT002778,back,back,True
FRCLTEXT002779,right,right,True
FRCLTEXT002780_front,front,front,True
FRCLTEXT002780_left,front,front,True
FRCLTEXT002780_back,front,back,False
FRCLTEXT002780_right,front,left,False
FRCLTEXT002781,back,back,True
FRCLTEXT002782_front,right,right,True
FRCLTEXT002782_left,right,right,True
FRCLTEXT002782_back,right,right,True
FRCLTEXT002782_right,right,front,False
FRCLTEXT002783,back,back,True
FRCLTEXT002784,right,right,True
FRCLTEXT002785_front,back,back,True
FRCLTEXT002785_left,right,right,True
FRCLTEXT002785_back,front,front,True
FRCLTEXT002785_right,left,left,True
FRCLTEXT002786,right,right,True
FRCLTEXT002787_front,left,right,False
FRCLTEXT002787_left,back,right,False
FRCLTEXT002787_back,right,left,False
FRCLTEXT002787_right,front,right,False
FRCLTEXT002788_front,right,right,True
FRCLTEXT002788_left,right,right,True
FRCLTEXT002788_back,right,back,False
FRCLTEXT002788_right,right,right,True
FRCLTEXT002789_front,left,right,False
FRCLTEXT002789_left,back,right,False
FRCLTEXT002789_back,right,front,False
FRCLTEXT002789_right,front,right,False
FRCLTEXT002790_front,left,left,True
FRCLTEXT002790_left,left,front,False
FRCLTEXT002790_back,left,left,True
FRCLTEXT002790_right,left,left,True
FRCLTEXT002791_front,left,left,True
FRCLTEXT002791_left,left,front,False
FRCLTEXT002791_back,left,left,True
FRCLTEXT002791_right,left,left,True
FRCLTEXT002792,left,left,True
FRCLTEXT002793,back,back,True
FRCLTEXT002794_front,right,left,False
FRCLTEXT002794_left,front,front,True
FRCLTEXT002794_back,left,right,False
FRCLTEXT002794_right,back,left,False
FRCLTEXT002795,right,right,True
FRCLTEXT002796,left,left,True
FRCLTEXT002797_front,back,back,True
FRCLTEXT002797_left,back,back,True
FRCLTEXT002797_back,back,back,True
FRCLTEXT002797_right,back,back,True
FRCLTEXT002798_front,right,right,True
FRCLTEXT002798_left,right,back,False
FRCLTEXT002798_back,right,right,True
FRCLTEXT002798_right,right,front,False
FRCLTEXT002799_front,front,front,True
FRCLTEXT002799_left,left,right,False
FRCLTEXT002799_back,back,back,True
FRCLTEXT002799_right,right,left,False
FRCLTEXT002800_front,front,front,True
FRCLTEXT002800_left,left,right,False
FRCLTEXT002800_back,back,back,True
FRCLTEXT002800_right,right,left,False
FRCLTEXT002801_front,back,back,True
FRCLTEXT002801_left,back,right,False
FRCLTEXT002801_back,back,back,True
FRCLTEXT002801_right,back,left,False
FRCLTEXT002802_front,back,back,True
FRCLTEXT002802_left,right,right,True
FRCLTEXT002802_back,front,front,True
FRCLTEXT002802_right,left,left,True
FRCLTEXT002803,right,right,True
FRCLTEXT002804,back,back,True
FRCLTEXT002805,back,back,True
FRCLTEXT002806_front,right,left,False
FRCLTEXT002806_left,front,front,True
FRCLTEXT002806_back,left,right,False
FRCLTEXT002806_right,back,left,False
FRCLTEXT002807_front,back,back,True
FRCLTEXT002807_left,back,right,False
FRCLTEXT002807_back,back,front,False
FRCLTEXT002807_right,back,left,False
FRCLTEXT002808,right,right,True
FRCLTEXT002809_front,front,front,True
FRCLTEXT002809_left,left,left,True
FRCLTEXT002809_back,back,back,True
FRCLTEXT002809_right,right,left,False
FRCLTEXT002810_front,back,back,True
FRCLTEXT002810_left,back,back,True
FRCLTEXT002810_back,back,front,False
FRCLTEXT002810_right,back,left,False
FRCLTEXT002811_front,left,left,True
FRCLTEXT002811_left,left,front,False
FRCLTEXT002811_back,left,back,False
FRCLTEXT002811_right,left,left,True
FRCLTEXT002812_front,front,front,True
FRCLTEXT002812_left,left,right,False
FRCLTEXT002812_back,back,back,True
FRCLTEXT002812_right,right,left,False
FRCLTEXT002813_front,right,left,False
FRCLTEXT002813_left,front,front,True
FRCLTEXT002813_back,left,right,False
FRCLTEXT002813_right,back,front,False
FRCLTEXT002814_front,front,front,True
FRCLTEXT002814_left,left,right,False
FRCLTEXT002814_back,back,back,True
FRCLTEXT002814_right,right,left,False
FRCLTEXT002815_front,left,right,False
FRCLTEXT002815_left,back,right,False
FRCLTEXT002815_back,right,left,False
FRCLTEXT002815_right,front,right,False
FRCLTEXT002816,front,front,True
FRCLTEXT002817_front,back,back,True
FRCLTEXT002817_left,back,right,False
FRCLTEXT002817_back,back,back,True
FRCLTEXT002817_right,back,back,True
FRCLTEXT002818_front,back,back,True
FRCLTEXT002818_left,back,back,True
FRCLTEXT002818_back,back,front,False
FRCLTEXT002818_right,back,left,False
FRCLTEXT002819_front,front,front,True
FRCLTEXT002819_left,left,right,False
FRCLTEXT002819_back,back,back,True
FRCLTEXT002819_right,right,left,False
FRCLTEXT002820,front,front,True
FRCLTEXT002821,front,front,True
FRCLTEXT002822,right,right,True
FRCLTEXT002823_front,front,front,True
FRCLTEXT002823_left,left,right,False
FRCLTEXT002823_back,back,back,True
FRCLTEXT002823_right,right,left,False
